0 verbose cli C:\Program Files\nodejs\node.exe C:\Program Files\nodejs\node_modules\npm\bin\npm-cli.js
1 info using npm@10.8.2
2 info using node@v20.17.0
3 silly config load:file:C:\Program Files\nodejs\node_modules\npm\npmrc
4 silly config load:file:D:\bpr\web\dwiarthaprima\.npmrc
5 silly config load:file:C:\Users\Admin BPR\.npmrc
6 silly config load:file:C:\Users\Admin BPR\AppData\Roaming\npm\etc\npmrc
7 verbose title npm install
8 verbose argv "install" "--cache" ".npm-cache" "--no-audit" "--no-fund"
9 verbose logfile logs-max:10 dir:D:\bpr\web\dwiarthaprima\.npm-cache\_logs\2026-03-30T10_11_22_450Z-
10 verbose logfile D:\bpr\web\dwiarthaprima\.npm-cache\_logs\2026-03-30T10_11_22_450Z-debug-0.log
11 silly packumentCache heap:4345298944 maxSize:1086324736 maxEntrySize:543162368
12 silly logfile done cleaning log files
13 silly idealTree buildDeps
14 silly fetch manifest @tailwindcss/forms@^0.5.2
15 silly packumentCache full:https://registry.npmjs.org/@tailwindcss%2fforms cache-miss
16 http fetch GET 200 https://registry.npmjs.org/@tailwindcss%2fforms 175ms (cache miss)
17 silly packumentCache full:https://registry.npmjs.org/@tailwindcss%2fforms set size:undefined disposed:false
18 silly fetch manifest tailwindcss@^3.1.0
19 silly packumentCache full:https://registry.npmjs.org/tailwindcss cache-miss
20 http fetch GET 200 https://registry.npmjs.org/tailwindcss 180ms (cache miss)
21 silly packumentCache full:https://registry.npmjs.org/tailwindcss set size:undefined disposed:false
22 silly fetch manifest alpinejs@^3.4.2
23 silly packumentCache full:https://registry.npmjs.org/alpinejs cache-miss
24 http fetch GET 200 https://registry.npmjs.org/alpinejs 46ms (cache miss)
25 silly packumentCache full:https://registry.npmjs.org/alpinejs set size:undefined disposed:false
26 silly fetch manifest autoprefixer@^10.4.2
27 silly packumentCache full:https://registry.npmjs.org/autoprefixer cache-miss
28 http fetch GET 200 https://registry.npmjs.org/autoprefixer 40ms (cache miss)
29 silly packumentCache full:https://registry.npmjs.org/autoprefixer set size:undefined disposed:false
30 silly fetch manifest postcss@^8.4.6
31 silly packumentCache full:https://registry.npmjs.org/postcss cache-miss
32 http fetch GET 200 https://registry.npmjs.org/postcss 42ms (cache miss)
33 silly packumentCache full:https://registry.npmjs.org/postcss set size:undefined disposed:false
34 silly fetch manifest axios@^0.21
35 silly packumentCache full:https://registry.npmjs.org/axios cache-miss
36 http fetch GET 200 https://registry.npmjs.org/axios 46ms (cache miss)
37 silly packumentCache full:https://registry.npmjs.org/axios set size:undefined disposed:false
38 silly fetch manifest laravel-mix@^6.0.6
39 silly packumentCache full:https://registry.npmjs.org/laravel-mix cache-miss
40 http fetch GET 200 https://registry.npmjs.org/laravel-mix 273ms (cache miss)
41 silly packumentCache full:https://registry.npmjs.org/laravel-mix set size:undefined disposed:false
42 silly fetch manifest lodash@^4.17.19
43 silly packumentCache full:https://registry.npmjs.org/lodash cache-miss
44 http fetch GET 200 https://registry.npmjs.org/lodash 38ms (cache miss)
45 silly packumentCache full:https://registry.npmjs.org/lodash set size:undefined disposed:false
46 silly placeDep ROOT @tailwindcss/forms@0.5.11 OK for:  want: ^0.5.2
47 silly placeDep ROOT tailwindcss@3.4.19 OK for: @tailwindcss/forms@0.5.11 want: >=3.0.0 || >= 3.0.0-alpha.1 || >= 4.0.0-alpha.20 || >= 4.0.0-beta.1
48 silly placeDep ROOT alpinejs@3.15.9 OK for:  want: ^3.4.2
49 silly placeDep ROOT autoprefixer@10.4.27 OK for:  want: ^10.4.2
50 silly placeDep ROOT postcss@8.5.8 OK for: autoprefixer@10.4.27 want: ^8.1.0
51 silly placeDep ROOT axios@0.21.4 OK for:  want: ^0.21
52 silly placeDep ROOT laravel-mix@6.0.49 OK for:  want: ^6.0.6
53 silly placeDep ROOT lodash@4.17.23 OK for:  want: ^4.17.19
54 silly fetch manifest mini-svg-data-uri@^1.2.3
55 silly packumentCache full:https://registry.npmjs.org/mini-svg-data-uri cache-miss
56 silly fetch manifest arg@^5.0.2
57 silly packumentCache full:https://registry.npmjs.org/arg cache-miss
58 silly fetch manifest dlv@^1.1.3
59 silly packumentCache full:https://registry.npmjs.org/dlv cache-miss
60 silly fetch manifest jiti@^1.21.7
61 silly packumentCache full:https://registry.npmjs.org/jiti cache-miss
62 silly fetch manifest is-glob@^4.0.3
63 silly packumentCache full:https://registry.npmjs.org/is-glob cache-miss
64 silly fetch manifest postcss@^8.4.47
65 silly packumentCache full:https://registry.npmjs.org/postcss cache-miss
66 silly fetch manifest resolve@^1.22.8
67 silly packumentCache full:https://registry.npmjs.org/resolve cache-miss
68 silly fetch manifest sucrase@^3.35.0
69 silly packumentCache full:https://registry.npmjs.org/sucrase cache-miss
70 silly fetch manifest chokidar@^3.6.0
71 silly packumentCache full:https://registry.npmjs.org/chokidar cache-miss
72 silly fetch manifest fast-glob@^3.3.2
73 silly packumentCache full:https://registry.npmjs.org/fast-glob cache-miss
74 silly fetch manifest lilconfig@^3.1.3
75 silly packumentCache full:https://registry.npmjs.org/lilconfig cache-miss
76 silly fetch manifest didyoumean@^1.2.2
77 silly packumentCache full:https://registry.npmjs.org/didyoumean cache-miss
78 silly fetch manifest micromatch@^4.0.8
79 silly packumentCache full:https://registry.npmjs.org/micromatch cache-miss
80 silly fetch manifest picocolors@^1.1.1
81 silly packumentCache full:https://registry.npmjs.org/picocolors cache-miss
82 silly fetch manifest postcss-js@^4.0.1
83 silly packumentCache full:https://registry.npmjs.org/postcss-js cache-miss
84 silly fetch manifest glob-parent@^6.0.2
85 silly packumentCache full:https://registry.npmjs.org/glob-parent cache-miss
86 silly fetch manifest object-hash@^3.0.0
87 silly packumentCache full:https://registry.npmjs.org/object-hash cache-miss
88 silly fetch manifest normalize-path@^3.0.0
89 silly packumentCache full:https://registry.npmjs.org/normalize-path cache-miss
90 silly fetch manifest postcss-import@^15.1.0
91 silly packumentCache full:https://registry.npmjs.org/postcss-import cache-miss
92 silly fetch manifest postcss-nested@^6.2.0
93 silly packumentCache full:https://registry.npmjs.org/postcss-nested cache-miss
94 silly fetch manifest @alloc/quick-lru@^5.2.0
95 silly packumentCache full:https://registry.npmjs.org/@alloc%2fquick-lru cache-miss
96 http fetch GET 200 https://registry.npmjs.org/postcss 105ms (cache hit)
97 silly packumentCache full:https://registry.npmjs.org/postcss set size:702266 disposed:false
98 silly fetch manifest postcss-load-config@^4.0.2 || ^5.0 || ^6.0
99 silly packumentCache full:https://registry.npmjs.org/postcss-load-config cache-miss
100 http fetch GET 200 https://registry.npmjs.org/picocolors 189ms (cache miss)
101 silly packumentCache full:https://registry.npmjs.org/picocolors set size:undefined disposed:false
102 silly fetch manifest postcss-selector-parser@^6.1.2
103 silly packumentCache full:https://registry.npmjs.org/postcss-selector-parser cache-miss
104 http fetch GET 200 https://registry.npmjs.org/@alloc%2fquick-lru 186ms (cache miss)
105 silly packumentCache full:https://registry.npmjs.org/@alloc%2fquick-lru set size:undefined disposed:false
106 silly fetch manifest @vue/reactivity@~3.1.1
107 silly packumentCache full:https://registry.npmjs.org/@vue%2freactivity cache-miss
108 http fetch GET 200 https://registry.npmjs.org/didyoumean 195ms (cache miss)
109 silly packumentCache full:https://registry.npmjs.org/didyoumean set size:undefined disposed:false
110 silly fetch manifest browserslist@^4.28.1
111 silly packumentCache full:https://registry.npmjs.org/browserslist cache-miss
112 http fetch GET 200 https://registry.npmjs.org/dlv 201ms (cache miss)
113 silly packumentCache full:https://registry.npmjs.org/dlv set size:undefined disposed:false
114 silly fetch manifest caniuse-lite@^1.0.30001774
115 silly packumentCache full:https://registry.npmjs.org/caniuse-lite cache-miss
116 http fetch GET 200 https://registry.npmjs.org/is-glob 203ms (cache miss)
117 silly packumentCache full:https://registry.npmjs.org/is-glob set size:undefined disposed:false
118 silly fetch manifest fraction.js@^5.3.4
119 silly packumentCache full:https://registry.npmjs.org/fraction.js cache-miss
120 http fetch GET 200 https://registry.npmjs.org/normalize-path 201ms (cache miss)
121 silly packumentCache full:https://registry.npmjs.org/normalize-path set size:undefined disposed:false
122 silly fetch manifest postcss-value-parser@^4.2.0
123 silly packumentCache full:https://registry.npmjs.org/postcss-value-parser cache-miss
124 http fetch GET 200 https://registry.npmjs.org/lilconfig 208ms (cache miss)
125 silly packumentCache full:https://registry.npmjs.org/lilconfig set size:undefined disposed:false
126 silly fetch manifest nanoid@^3.3.11
127 silly packumentCache full:https://registry.npmjs.org/nanoid cache-miss
128 http fetch GET 200 https://registry.npmjs.org/arg 215ms (cache miss)
129 silly packumentCache full:https://registry.npmjs.org/arg set size:undefined disposed:false
130 silly fetch manifest source-map-js@^1.2.1
131 silly packumentCache full:https://registry.npmjs.org/source-map-js cache-miss
132 http fetch GET 200 https://registry.npmjs.org/glob-parent 212ms (cache miss)
133 silly packumentCache full:https://registry.npmjs.org/glob-parent set size:undefined disposed:false
134 silly fetch manifest follow-redirects@^1.14.0
135 silly packumentCache full:https://registry.npmjs.org/follow-redirects cache-miss
136 http fetch GET 200 https://registry.npmjs.org/postcss-js 215ms (cache miss)
137 silly packumentCache full:https://registry.npmjs.org/postcss-js set size:undefined disposed:false
138 silly fetch manifest md5@^2.3.0
139 silly packumentCache full:https://registry.npmjs.org/md5 cache-miss
140 http fetch GET 200 https://registry.npmjs.org/object-hash 227ms (cache miss)
141 silly packumentCache full:https://registry.npmjs.org/object-hash set size:undefined disposed:false
142 silly fetch manifest glob@^7.2.0
143 silly packumentCache full:https://registry.npmjs.org/glob cache-miss
144 http fetch GET 200 https://registry.npmjs.org/postcss-load-config 117ms (cache miss)
145 silly packumentCache full:https://registry.npmjs.org/postcss-load-config set size:undefined disposed:false
146 silly fetch manifest chalk@^4.1.2
147 silly packumentCache full:https://registry.npmjs.org/chalk cache-miss
148 http fetch GET 200 https://registry.npmjs.org/postcss-nested 235ms (cache miss)
149 silly packumentCache full:https://registry.npmjs.org/postcss-nested set size:undefined disposed:false
150 silly fetch manifest yargs@^17.2.1
151 silly packumentCache full:https://registry.npmjs.org/yargs cache-miss
152 http fetch GET 200 https://registry.npmjs.org/postcss-import 246ms (cache miss)
153 silly packumentCache full:https://registry.npmjs.org/postcss-import set size:undefined disposed:false
154 silly fetch manifest concat@^1.0.3
155 silly packumentCache full:https://registry.npmjs.org/concat cache-miss
156 http fetch GET 200 https://registry.npmjs.org/micromatch 266ms (cache miss)
157 silly packumentCache full:https://registry.npmjs.org/micromatch set size:undefined disposed:false
158 silly fetch manifest dotenv@^10.0.0
159 silly packumentCache full:https://registry.npmjs.org/dotenv cache-miss
160 http fetch GET 200 https://registry.npmjs.org/fast-glob 272ms (cache miss)
161 silly packumentCache full:https://registry.npmjs.org/fast-glob set size:undefined disposed:false
162 silly fetch manifest lodash@^4.17.21
163 silly packumentCache full:https://registry.npmjs.org/lodash cache-miss
164 http fetch GET 200 https://registry.npmjs.org/resolve 290ms (cache miss)
165 silly packumentCache full:https://registry.npmjs.org/resolve set size:undefined disposed:false
166 silly fetch manifest semver@^7.3.5
167 silly packumentCache full:https://registry.npmjs.org/semver cache-miss
168 http fetch GET 200 https://registry.npmjs.org/postcss-value-parser 118ms (cache miss)
169 silly packumentCache full:https://registry.npmjs.org/postcss-value-parser set size:undefined disposed:false
170 silly fetch manifest terser@^5.9.0
171 silly packumentCache full:https://registry.npmjs.org/terser cache-miss
172 http fetch GET 200 https://registry.npmjs.org/sucrase 327ms (cache miss)
173 silly packumentCache full:https://registry.npmjs.org/sucrase set size:undefined disposed:false
174 silly fetch manifest cssnano@^5.0.8
175 silly packumentCache full:https://registry.npmjs.org/cssnano cache-miss
176 http fetch GET 200 https://registry.npmjs.org/lodash 58ms (cache hit)
177 silly packumentCache full:https://registry.npmjs.org/lodash set size:244258 disposed:false
178 silly fetch manifest webpack@^5.60.0
179 silly packumentCache full:https://registry.npmjs.org/webpack cache-miss
180 http fetch GET 200 https://registry.npmjs.org/md5 122ms (cache miss)
181 silly packumentCache full:https://registry.npmjs.org/md5 set size:undefined disposed:false
182 silly fetch manifest chokidar@^3.5.2
183 silly packumentCache full:https://registry.npmjs.org/chokidar cache-miss
184 http fetch GET 200 https://registry.npmjs.org/fraction.js 139ms (cache miss)
185 silly packumentCache full:https://registry.npmjs.org/fraction.js set size:undefined disposed:false
186 silly fetch manifest fs-extra@^10.0.0
187 silly packumentCache full:https://registry.npmjs.org/fs-extra cache-miss
188 http fetch GET 200 https://registry.npmjs.org/postcss-selector-parser 159ms (cache miss)
189 silly packumentCache full:https://registry.npmjs.org/postcss-selector-parser set size:undefined disposed:false
190 silly fetch manifest imagemin@^7.0.1
191 silly packumentCache full:https://registry.npmjs.org/imagemin cache-miss
192 http fetch GET 200 https://registry.npmjs.org/source-map-js 157ms (cache miss)
193 silly packumentCache full:https://registry.npmjs.org/source-map-js set size:undefined disposed:false
194 silly fetch manifest clean-css@^5.2.4
195 silly packumentCache full:https://registry.npmjs.org/clean-css cache-miss
196 http fetch GET 200 https://registry.npmjs.org/chalk 148ms (cache miss)
197 silly packumentCache full:https://registry.npmjs.org/chalk set size:undefined disposed:false
198 silly fetch manifest commander@^7.2.0
199 silly packumentCache full:https://registry.npmjs.org/commander cache-miss
200 http fetch GET 200 https://registry.npmjs.org/follow-redirects 169ms (cache miss)
201 silly packumentCache full:https://registry.npmjs.org/follow-redirects set size:undefined disposed:false
202 silly fetch manifest cli-table3@^0.6.0
203 silly packumentCache full:https://registry.npmjs.org/cli-table3 cache-miss
204 http fetch GET 200 https://registry.npmjs.org/mini-svg-data-uri 410ms (cache miss)
205 silly packumentCache full:https://registry.npmjs.org/mini-svg-data-uri set size:undefined disposed:false
206 silly fetch manifest collect.js@^4.28.5
207 silly packumentCache full:https://registry.npmjs.org/collect.js cache-miss
208 http fetch GET 200 https://registry.npmjs.org/nanoid 215ms (cache miss)
209 silly packumentCache full:https://registry.npmjs.org/nanoid set size:undefined disposed:false
210 silly fetch manifest css-loader@^5.2.6
211 silly packumentCache full:https://registry.npmjs.org/css-loader cache-miss
212 http fetch GET 200 https://registry.npmjs.org/dotenv 175ms (cache miss)
213 silly packumentCache full:https://registry.npmjs.org/dotenv set size:undefined disposed:false
214 silly fetch manifest img-loader@^4.0.0
215 silly packumentCache full:https://registry.npmjs.org/img-loader cache-miss
216 http fetch GET 200 https://registry.npmjs.org/glob 221ms (cache miss)
217 silly packumentCache full:https://registry.npmjs.org/glob set size:undefined disposed:false
218 silly fetch manifest strip-ansi@^6.0.0
219 silly packumentCache full:https://registry.npmjs.org/strip-ansi cache-miss
220 http fetch GET 200 https://registry.npmjs.org/semver 165ms (cache miss)
221 silly packumentCache full:https://registry.npmjs.org/semver set size:undefined disposed:false
222 silly fetch manifest webpackbar@^5.0.0-3
223 silly packumentCache full:https://registry.npmjs.org/webpackbar cache-miss
224 http fetch GET 200 https://registry.npmjs.org/browserslist 269ms (cache miss)
225 silly packumentCache full:https://registry.npmjs.org/browserslist set size:undefined disposed:false
226 silly fetch manifest @babel/core@^7.15.8
227 silly packumentCache full:https://registry.npmjs.org/@babel%2fcore cache-miss
228 http fetch GET 200 https://registry.npmjs.org/fs-extra 130ms (cache miss)
229 silly packumentCache full:https://registry.npmjs.org/fs-extra set size:undefined disposed:false
230 silly fetch manifest file-loader@^6.2.0
231 silly packumentCache full:https://registry.npmjs.org/file-loader cache-miss
232 http fetch GET 200 https://registry.npmjs.org/chokidar 144ms (cache miss)
233 silly packumentCache full:https://registry.npmjs.org/chokidar set size:undefined disposed:false
234 silly fetch manifest html-loader@^1.3.2
235 silly packumentCache full:https://registry.npmjs.org/html-loader cache-miss
236 http fetch GET 200 https://registry.npmjs.org/chokidar 494ms (cache miss)
237 silly packumentCache full:https://registry.npmjs.org/chokidar set size:undefined disposed:false
238 silly fetch manifest webpack-cli@^4.9.1
239 silly packumentCache full:https://registry.npmjs.org/webpack-cli cache-miss
240 http fetch GET 200 https://registry.npmjs.org/cli-table3 117ms (cache miss)
241 silly packumentCache full:https://registry.npmjs.org/cli-table3 set size:undefined disposed:false
242 silly fetch manifest babel-loader@^8.2.3
243 silly packumentCache full:https://registry.npmjs.org/babel-loader cache-miss
244 http fetch GET 200 https://registry.npmjs.org/cssnano 185ms (cache miss)
245 silly packumentCache full:https://registry.npmjs.org/cssnano set size:undefined disposed:false
246 silly fetch manifest style-loader@^2.0.0
247 silly packumentCache full:https://registry.npmjs.org/style-loader cache-miss
248 http fetch GET 200 https://registry.npmjs.org/jiti 538ms (cache miss)
249 silly packumentCache full:https://registry.npmjs.org/jiti set size:undefined disposed:false
250 silly fetch manifest dotenv-expand@^5.1.0
251 silly packumentCache full:https://registry.npmjs.org/dotenv-expand cache-miss
252 http fetch GET 200 https://registry.npmjs.org/strip-ansi 90ms (cache miss)
253 silly packumentCache full:https://registry.npmjs.org/strip-ansi set size:undefined disposed:false
254 silly fetch manifest webpack-merge@^5.8.0
255 silly packumentCache full:https://registry.npmjs.org/webpack-merge cache-miss
256 http fetch GET 200 https://registry.npmjs.org/concat 296ms (cache miss)
257 silly packumentCache full:https://registry.npmjs.org/concat set size:undefined disposed:false
258 silly fetch manifest @babel/runtime@^7.15.4
259 silly packumentCache full:https://registry.npmjs.org/@babel%2fruntime cache-miss
260 http fetch GET 200 https://registry.npmjs.org/clean-css 181ms (cache miss)
261 silly packumentCache full:https://registry.npmjs.org/clean-css set size:undefined disposed:false
262 silly fetch manifest postcss-loader@^6.2.0
263 silly packumentCache full:https://registry.npmjs.org/postcss-loader cache-miss
264 http fetch GET 200 https://registry.npmjs.org/commander 174ms (cache miss)
265 silly packumentCache full:https://registry.npmjs.org/commander set size:undefined disposed:false
266 silly fetch manifest @types/clean-css@^4.2.5
267 silly packumentCache full:https://registry.npmjs.org/@types%2fclean-css cache-miss
268 http fetch GET 200 https://registry.npmjs.org/yargs 320ms (cache miss)
269 silly packumentCache full:https://registry.npmjs.org/yargs set size:undefined disposed:false
270 silly fetch manifest vue-style-loader@^4.1.3
271 silly packumentCache full:https://registry.npmjs.org/vue-style-loader cache-miss
272 http fetch GET 200 https://registry.npmjs.org/terser 264ms (cache miss)
273 silly packumentCache full:https://registry.npmjs.org/terser set size:undefined disposed:false
274 silly fetch manifest webpack-notifier@^1.14.1
275 silly packumentCache full:https://registry.npmjs.org/webpack-notifier cache-miss
276 http fetch GET 200 https://registry.npmjs.org/file-loader 134ms (cache miss)
277 silly packumentCache full:https://registry.npmjs.org/file-loader set size:undefined disposed:false
278 silly fetch manifest @babel/preset-env@^7.15.8
279 silly packumentCache full:https://registry.npmjs.org/@babel%2fpreset-env cache-miss
280 http fetch GET 200 https://registry.npmjs.org/html-loader 136ms (cache miss)
281 silly packumentCache full:https://registry.npmjs.org/html-loader set size:undefined disposed:false
282 silly fetch manifest node-libs-browser@^2.2.1
283 silly packumentCache full:https://registry.npmjs.org/node-libs-browser cache-miss
284 http fetch GET 200 https://registry.npmjs.org/babel-loader 127ms (cache miss)
285 silly packumentCache full:https://registry.npmjs.org/babel-loader set size:undefined disposed:false
286 silly fetch manifest @types/babel__core@^7.1.16
287 silly packumentCache full:https://registry.npmjs.org/@types%2fbabel__core cache-miss
288 http fetch GET 200 https://registry.npmjs.org/style-loader 123ms (cache miss)
289 silly packumentCache full:https://registry.npmjs.org/style-loader set size:undefined disposed:false
290 silly fetch manifest webpack-dev-server@^4.7.3
291 silly packumentCache full:https://registry.npmjs.org/webpack-dev-server cache-miss
292 http fetch GET 200 https://registry.npmjs.org/webpack-merge 103ms (cache miss)
293 silly packumentCache full:https://registry.npmjs.org/webpack-merge set size:undefined disposed:false
294 silly fetch manifest postcss-load-config@^3.1.0
295 silly packumentCache full:https://registry.npmjs.org/postcss-load-config cache-miss
296 http fetch GET 200 https://registry.npmjs.org/imagemin 303ms (cache miss)
297 silly packumentCache full:https://registry.npmjs.org/imagemin set size:undefined disposed:false
298 silly fetch manifest @types/imagemin-svgo@^8.0.0
299 silly packumentCache full:https://registry.npmjs.org/@types%2fimagemin-svgo cache-miss
300 http fetch GET 200 https://registry.npmjs.org/postcss-loader 122ms (cache miss)
301 silly packumentCache full:https://registry.npmjs.org/postcss-loader set size:undefined disposed:false
302 silly fetch manifest terser-webpack-plugin@^5.2.4
303 silly packumentCache full:https://registry.npmjs.org/terser-webpack-plugin cache-miss
304 http fetch GET 200 https://registry.npmjs.org/webpack-cli 194ms (cache miss)
305 silly packumentCache full:https://registry.npmjs.org/webpack-cli set size:undefined disposed:false
306 silly fetch manifest @types/imagemin-mozjpeg@^8.0.1
307 silly packumentCache full:https://registry.npmjs.org/@types%2fimagemin-mozjpeg cache-miss
308 http fetch GET 200 https://registry.npmjs.org/@babel%2fcore 235ms (cache miss)
309 silly packumentCache full:https://registry.npmjs.org/@babel%2fcore set size:undefined disposed:false
310 silly fetch manifest @types/imagemin-optipng@^5.2.1
311 silly packumentCache full:https://registry.npmjs.org/@types%2fimagemin-optipng cache-miss
312 http fetch GET 200 https://registry.npmjs.org/postcss-load-config 55ms (cache hit)
313 silly packumentCache full:https://registry.npmjs.org/postcss-load-config set size:86425 disposed:false
314 silly fetch manifest mini-css-extract-plugin@^1.6.2
315 silly packumentCache full:https://registry.npmjs.org/mini-css-extract-plugin cache-miss
316 http fetch GET 200 https://registry.npmjs.org/@types%2fbabel__core 96ms (cache miss)
317 silly packumentCache full:https://registry.npmjs.org/@types%2fbabel__core set size:undefined disposed:false
318 silly fetch manifest @types/imagemin-gifsicle@^7.0.1
319 silly packumentCache full:https://registry.npmjs.org/@types%2fimagemin-gifsicle cache-miss
320 http fetch GET 200 https://registry.npmjs.org/@vue%2freactivity 543ms (cache miss)
321 silly packumentCache full:https://registry.npmjs.org/@vue%2freactivity set size:undefined disposed:false
322 silly fetch manifest @babel/plugin-transform-runtime@^7.15.8
323 silly packumentCache full:https://registry.npmjs.org/@babel%2fplugin-transform-runtime cache-miss
324 http fetch GET 200 https://registry.npmjs.org/img-loader 294ms (cache miss)
325 silly packumentCache full:https://registry.npmjs.org/img-loader set size:undefined disposed:false
326 silly fetch manifest @babel/plugin-syntax-dynamic-import@^7.8.3
327 silly packumentCache full:https://registry.npmjs.org/@babel%2fplugin-syntax-dynamic-import cache-miss
328 http fetch GET 200 https://registry.npmjs.org/caniuse-lite 547ms (cache miss)
329 silly packumentCache full:https://registry.npmjs.org/caniuse-lite set size:undefined disposed:false
330 silly fetch manifest @babel/plugin-proposal-object-rest-spread@^7.15.6
331 silly packumentCache full:https://registry.npmjs.org/@babel%2fplugin-proposal-object-rest-spread cache-miss
332 http fetch GET 200 https://registry.npmjs.org/@types%2fimagemin-mozjpeg 72ms (cache miss)
333 silly packumentCache full:https://registry.npmjs.org/@types%2fimagemin-mozjpeg set size:undefined disposed:false
334 http fetch GET 200 https://registry.npmjs.org/terser-webpack-plugin 89ms (cache miss)
335 silly packumentCache full:https://registry.npmjs.org/terser-webpack-plugin set size:undefined disposed:false
336 http fetch GET 200 https://registry.npmjs.org/css-loader 349ms (cache miss)
337 silly packumentCache full:https://registry.npmjs.org/css-loader set size:undefined disposed:false
338 http fetch GET 200 https://registry.npmjs.org/webpack-dev-server 147ms (cache miss)
339 silly packumentCache full:https://registry.npmjs.org/webpack-dev-server set size:undefined disposed:false
340 http fetch GET 200 https://registry.npmjs.org/mini-css-extract-plugin 92ms (cache miss)
341 silly packumentCache full:https://registry.npmjs.org/mini-css-extract-plugin set size:undefined disposed:false
342 http fetch GET 200 https://registry.npmjs.org/@babel%2fplugin-syntax-dynamic-import 78ms (cache miss)
343 silly packumentCache full:https://registry.npmjs.org/@babel%2fplugin-syntax-dynamic-import set size:undefined disposed:false
344 http fetch GET 200 https://registry.npmjs.org/vue-style-loader 258ms (cache miss)
345 silly packumentCache full:https://registry.npmjs.org/vue-style-loader set size:undefined disposed:false
346 http fetch GET 200 https://registry.npmjs.org/@babel%2fplugin-proposal-object-rest-spread 69ms (cache miss)
347 silly packumentCache full:https://registry.npmjs.org/@babel%2fplugin-proposal-object-rest-spread set size:undefined disposed:false
348 http fetch GET 200 https://registry.npmjs.org/@babel%2fplugin-transform-runtime 89ms (cache miss)
349 silly packumentCache full:https://registry.npmjs.org/@babel%2fplugin-transform-runtime set size:undefined disposed:false
350 http fetch GET 200 https://registry.npmjs.org/@babel%2fruntime 309ms (cache miss)
351 silly packumentCache full:https://registry.npmjs.org/@babel%2fruntime set size:undefined disposed:false
352 http fetch GET 200 https://registry.npmjs.org/webpack 555ms (cache miss)
353 silly packumentCache full:https://registry.npmjs.org/webpack set size:undefined disposed:false
354 http fetch GET 200 https://registry.npmjs.org/@types%2fimagemin-optipng 257ms (cache miss)
355 silly packumentCache full:https://registry.npmjs.org/@types%2fimagemin-optipng set size:undefined disposed:false
356 http fetch GET 200 https://registry.npmjs.org/@types%2fimagemin-gifsicle 264ms (cache miss)
357 silly packumentCache full:https://registry.npmjs.org/@types%2fimagemin-gifsicle set size:undefined disposed:false
358 http fetch GET 200 https://registry.npmjs.org/@types%2fclean-css 521ms (cache miss)
359 silly packumentCache full:https://registry.npmjs.org/@types%2fclean-css set size:undefined disposed:false
360 http fetch GET 200 https://registry.npmjs.org/@babel%2fpreset-env 496ms (cache miss)
361 silly packumentCache full:https://registry.npmjs.org/@babel%2fpreset-env set size:undefined disposed:false
362 http fetch GET 200 https://registry.npmjs.org/collect.js 758ms (cache miss)
363 silly packumentCache full:https://registry.npmjs.org/collect.js set size:undefined disposed:false
364 http fetch GET 200 https://registry.npmjs.org/webpackbar 731ms (cache miss)
365 silly packumentCache full:https://registry.npmjs.org/webpackbar set size:undefined disposed:false
366 http fetch GET 200 https://registry.npmjs.org/node-libs-browser 668ms (cache miss)
367 silly packumentCache full:https://registry.npmjs.org/node-libs-browser set size:undefined disposed:false
368 http fetch GET 200 https://registry.npmjs.org/dotenv-expand 760ms (cache miss)
369 silly packumentCache full:https://registry.npmjs.org/dotenv-expand set size:undefined disposed:false
370 http fetch GET 200 https://registry.npmjs.org/webpack-notifier 742ms (cache miss)
371 silly packumentCache full:https://registry.npmjs.org/webpack-notifier set size:undefined disposed:false
372 http fetch GET 200 https://registry.npmjs.org/@types%2fimagemin-svgo 995ms (cache miss)
373 silly packumentCache full:https://registry.npmjs.org/@types%2fimagemin-svgo set size:undefined disposed:false
374 silly placeDep ROOT mini-svg-data-uri@1.4.4 OK for: @tailwindcss/forms@0.5.11 want: ^1.2.3
375 silly placeDep ROOT @vue/reactivity@3.1.5 OK for: alpinejs@3.15.9 want: ~3.1.1
376 silly fetch manifest @vue/shared@3.1.5
377 silly packumentCache full:https://registry.npmjs.org/@vue%2fshared cache-miss
378 http fetch GET 200 https://registry.npmjs.org/@vue%2fshared 334ms (cache miss)
379 silly packumentCache full:https://registry.npmjs.org/@vue%2fshared set size:undefined disposed:false
380 silly placeDep ROOT @vue/shared@3.1.5 OK for: @vue/reactivity@3.1.5 want: 3.1.5
381 silly placeDep ROOT browserslist@4.28.1 OK for: autoprefixer@10.4.27 want: ^4.28.1
382 silly placeDep ROOT caniuse-lite@1.0.30001782 OK for: autoprefixer@10.4.27 want: ^1.0.30001774
383 silly placeDep ROOT fraction.js@5.3.4 OK for: autoprefixer@10.4.27 want: ^5.3.4
384 silly placeDep ROOT picocolors@1.1.1 OK for: autoprefixer@10.4.27 want: ^1.1.1
385 silly placeDep ROOT postcss-value-parser@4.2.0 OK for: autoprefixer@10.4.27 want: ^4.2.0
386 silly fetch manifest baseline-browser-mapping@^2.9.0
387 silly packumentCache full:https://registry.npmjs.org/baseline-browser-mapping cache-miss
388 silly fetch manifest caniuse-lite@^1.0.30001759
389 silly packumentCache full:https://registry.npmjs.org/caniuse-lite cache-miss
390 silly fetch manifest electron-to-chromium@^1.5.263
391 silly packumentCache full:https://registry.npmjs.org/electron-to-chromium cache-miss
392 silly fetch manifest node-releases@^2.0.27
393 silly packumentCache full:https://registry.npmjs.org/node-releases cache-miss
394 silly fetch manifest update-browserslist-db@^1.2.0
395 silly packumentCache full:https://registry.npmjs.org/update-browserslist-db cache-miss
396 http fetch GET 200 https://registry.npmjs.org/caniuse-lite 18ms (cache hit)
397 silly packumentCache full:https://registry.npmjs.org/caniuse-lite set size:2274989 disposed:false
398 http fetch GET 200 https://registry.npmjs.org/update-browserslist-db 46ms (cache miss)
399 silly packumentCache full:https://registry.npmjs.org/update-browserslist-db set size:undefined disposed:false
400 http fetch GET 200 https://registry.npmjs.org/node-releases 52ms (cache miss)
401 silly packumentCache full:https://registry.npmjs.org/node-releases set size:undefined disposed:false
402 http fetch GET 200 https://registry.npmjs.org/baseline-browser-mapping 59ms (cache miss)
403 silly packumentCache full:https://registry.npmjs.org/baseline-browser-mapping set size:undefined disposed:false
404 http fetch GET 200 https://registry.npmjs.org/electron-to-chromium 152ms (cache miss)
405 silly packumentCache full:https://registry.npmjs.org/electron-to-chromium set size:undefined disposed:false
406 silly placeDep ROOT follow-redirects@1.15.11 OK for: axios@0.21.4 want: ^1.14.0
407 silly fetch manifest browserslist@>= 4.21.0
408 silly packumentCache full:https://registry.npmjs.org/browserslist cache-miss
409 http fetch GET 200 https://registry.npmjs.org/browserslist 28ms (cache hit)
410 silly packumentCache full:https://registry.npmjs.org/browserslist set size:502989 disposed:false
411 silly placeDep ROOT baseline-browser-mapping@2.10.12 OK for: browserslist@4.28.1 want: ^2.9.0
412 silly placeDep ROOT electron-to-chromium@1.5.328 OK for: browserslist@4.28.1 want: ^1.5.263
413 silly placeDep ROOT node-releases@2.0.36 OK for: browserslist@4.28.1 want: ^2.0.27
414 silly placeDep ROOT update-browserslist-db@1.2.3 OK for: browserslist@4.28.1 want: ^1.2.0
415 silly fetch manifest escalade@^3.2.0
416 silly packumentCache full:https://registry.npmjs.org/escalade cache-miss
417 http fetch GET 200 https://registry.npmjs.org/escalade 28ms (cache miss)
418 silly packumentCache full:https://registry.npmjs.org/escalade set size:undefined disposed:false
419 silly fetch manifest postcss@^8.3.11
420 silly packumentCache full:https://registry.npmjs.org/postcss cache-hit
421 silly fetch manifest @types/webpack@>4.41.31
422 silly packumentCache full:https://registry.npmjs.org/@types%2fwebpack cache-miss
423 http fetch GET 200 https://registry.npmjs.org/@types%2fwebpack 39ms (cache miss)
424 silly packumentCache full:https://registry.npmjs.org/@types%2fwebpack set size:undefined disposed:false
425 silly fetch manifest ts-node@>=9.0.0
426 silly packumentCache full:https://registry.npmjs.org/ts-node cache-miss
427 http fetch GET 200 https://registry.npmjs.org/ts-node 33ms (cache miss)
428 silly packumentCache full:https://registry.npmjs.org/ts-node set size:undefined disposed:false
429 silly fetch manifest @swc/core@>=1.2.50
430 silly packumentCache full:https://registry.npmjs.org/@swc%2fcore cache-miss
431 http fetch GET 200 https://registry.npmjs.org/@swc%2fcore 86ms (cache miss)
432 silly packumentCache full:https://registry.npmjs.org/@swc%2fcore set size:undefined disposed:false
433 silly fetch manifest @swc/helpers@>=0.5.17
434 silly packumentCache full:https://registry.npmjs.org/@swc%2fhelpers cache-miss
435 http fetch GET 200 https://registry.npmjs.org/@swc%2fhelpers 45ms (cache miss)
436 silly packumentCache full:https://registry.npmjs.org/@swc%2fhelpers set size:undefined disposed:false
437 silly fetch manifest @swc/wasm@>=1.2.50
438 silly packumentCache full:https://registry.npmjs.org/@swc%2fwasm cache-miss
439 http fetch GET 200 https://registry.npmjs.org/@swc%2fwasm 69ms (cache miss)
440 silly packumentCache full:https://registry.npmjs.org/@swc%2fwasm set size:undefined disposed:false
441 silly fetch manifest @types/node@*
442 silly packumentCache full:https://registry.npmjs.org/@types%2fnode cache-miss
443 http fetch GET 200 https://registry.npmjs.org/@types%2fnode 321ms (cache miss)
444 silly packumentCache full:https://registry.npmjs.org/@types%2fnode set size:undefined disposed:false
445 silly fetch manifest typescript@>=2.7
446 silly packumentCache full:https://registry.npmjs.org/typescript cache-miss
447 http fetch GET 200 https://registry.npmjs.org/typescript 361ms (cache miss)
448 silly packumentCache full:https://registry.npmjs.org/typescript set size:undefined disposed:false
449 silly placeDep ROOT @babel/core@7.29.0 OK for: laravel-mix@6.0.49 want: ^7.15.8
450 silly placeDep ROOT @babel/plugin-proposal-object-rest-spread@7.20.7 OK for: laravel-mix@6.0.49 want: ^7.15.6
451 silly placeDep ROOT @babel/plugin-syntax-dynamic-import@7.8.3 OK for: laravel-mix@6.0.49 want: ^7.8.3
452 silly placeDep ROOT @babel/plugin-transform-runtime@7.29.0 OK for: laravel-mix@6.0.49 want: ^7.15.8
453 silly placeDep ROOT @babel/preset-env@7.29.2 OK for: laravel-mix@6.0.49 want: ^7.15.8
454 silly placeDep ROOT @babel/runtime@7.29.2 OK for: laravel-mix@6.0.49 want: ^7.15.4
455 silly placeDep ROOT @types/babel__core@7.20.5 OK for: laravel-mix@6.0.49 want: ^7.1.16
456 silly placeDep ROOT @types/clean-css@4.2.11 OK for: laravel-mix@6.0.49 want: ^4.2.5
457 silly placeDep ROOT @types/imagemin-gifsicle@7.0.4 OK for: laravel-mix@6.0.49 want: ^7.0.1
458 silly placeDep ROOT @types/imagemin-mozjpeg@8.0.4 OK for: laravel-mix@6.0.49 want: ^8.0.1
459 silly placeDep ROOT @types/imagemin-optipng@5.2.4 OK for: laravel-mix@6.0.49 want: ^5.2.1
460 silly placeDep ROOT @types/imagemin-svgo@8.0.1 OK for: laravel-mix@6.0.49 want: ^8.0.0
461 silly placeDep ROOT babel-loader@8.4.1 OK for: laravel-mix@6.0.49 want: ^8.2.3
462 silly placeDep ROOT webpack@5.105.4 OK for: babel-loader@8.4.1 want: >=2
463 silly placeDep ROOT chalk@4.1.2 OK for: laravel-mix@6.0.49 want: ^4.1.2
464 silly placeDep ROOT chokidar@3.6.0 OK for: laravel-mix@6.0.49 want: ^3.5.2
465 silly placeDep ROOT clean-css@5.3.3 OK for: laravel-mix@6.0.49 want: ^5.2.4
466 silly placeDep ROOT cli-table3@0.6.5 OK for: laravel-mix@6.0.49 want: ^0.6.0
467 silly placeDep ROOT collect.js@4.36.1 OK for: laravel-mix@6.0.49 want: ^4.28.5
468 silly placeDep ROOT commander@7.2.0 OK for: laravel-mix@6.0.49 want: ^7.2.0
469 silly placeDep ROOT concat@1.0.3 OK for: laravel-mix@6.0.49 want: ^1.0.3
470 silly placeDep ROOT css-loader@5.2.7 OK for: laravel-mix@6.0.49 want: ^5.2.6
471 silly placeDep ROOT cssnano@5.1.15 OK for: laravel-mix@6.0.49 want: ^5.0.8
472 silly placeDep ROOT dotenv@10.0.0 OK for: laravel-mix@6.0.49 want: ^10.0.0
473 silly placeDep ROOT dotenv-expand@5.1.0 OK for: laravel-mix@6.0.49 want: ^5.1.0
474 silly placeDep ROOT file-loader@6.2.0 OK for: laravel-mix@6.0.49 want: ^6.2.0
475 silly placeDep ROOT fs-extra@10.1.0 OK for: laravel-mix@6.0.49 want: ^10.0.0
476 silly placeDep ROOT glob@7.2.3 OK for: laravel-mix@6.0.49 want: ^7.2.0
477 silly placeDep ROOT html-loader@1.3.2 OK for: laravel-mix@6.0.49 want: ^1.3.2
478 silly placeDep ROOT imagemin@7.0.1 OK for: laravel-mix@6.0.49 want: ^7.0.1
479 silly placeDep ROOT img-loader@4.0.0 OK for: laravel-mix@6.0.49 want: ^4.0.0
480 silly placeDep ROOT md5@2.3.0 OK for: laravel-mix@6.0.49 want: ^2.3.0
481 silly placeDep ROOT mini-css-extract-plugin@1.6.2 OK for: laravel-mix@6.0.49 want: ^1.6.2
482 silly placeDep ROOT node-libs-browser@2.2.1 OK for: laravel-mix@6.0.49 want: ^2.2.1
483 silly placeDep ROOT postcss-load-config@3.1.4 OK for: laravel-mix@6.0.49 want: ^3.1.0
484 silly placeDep ROOT postcss-loader@6.2.1 OK for: laravel-mix@6.0.49 want: ^6.2.0
485 silly placeDep ROOT semver@7.7.4 OK for: laravel-mix@6.0.49 want: ^7.3.5
486 silly placeDep ROOT strip-ansi@6.0.1 OK for: laravel-mix@6.0.49 want: ^6.0.0
487 silly placeDep ROOT style-loader@2.0.0 OK for: laravel-mix@6.0.49 want: ^2.0.0
488 silly placeDep ROOT terser@5.46.1 OK for: laravel-mix@6.0.49 want: ^5.9.0
489 silly placeDep ROOT terser-webpack-plugin@5.4.0 OK for: laravel-mix@6.0.49 want: ^5.2.4
490 silly placeDep ROOT vue-style-loader@4.1.3 OK for: laravel-mix@6.0.49 want: ^4.1.3
491 silly placeDep ROOT webpack-cli@4.10.0 OK for: laravel-mix@6.0.49 want: ^4.9.1
492 silly placeDep ROOT webpack-dev-server@4.15.2 OK for: laravel-mix@6.0.49 want: ^4.7.3
493 silly placeDep ROOT webpack-merge@5.10.0 OK for: laravel-mix@6.0.49 want: ^5.8.0
494 silly placeDep ROOT webpack-notifier@1.15.0 OK for: laravel-mix@6.0.49 want: ^1.14.1
495 silly placeDep ROOT webpackbar@5.0.2 OK for: laravel-mix@6.0.49 want: ^5.0.0-3
496 silly placeDep ROOT yargs@17.7.2 OK for: laravel-mix@6.0.49 want: ^17.2.1
497 silly fetch manifest debug@^4.1.0
498 silly packumentCache full:https://registry.npmjs.org/debug cache-miss
499 silly fetch manifest json5@^2.2.3
500 silly packumentCache full:https://registry.npmjs.org/json5 cache-miss
501 silly fetch manifest semver@^6.3.1
502 silly packumentCache full:https://registry.npmjs.org/semver cache-miss
503 silly fetch manifest gensync@^1.0.0-beta.2
504 silly packumentCache full:https://registry.npmjs.org/gensync cache-miss
505 silly fetch manifest @babel/types@^7.29.0
506 silly packumentCache full:https://registry.npmjs.org/@babel%2ftypes cache-miss
507 silly fetch manifest @babel/parser@^7.29.0
508 silly packumentCache full:https://registry.npmjs.org/@babel%2fparser cache-miss
509 silly fetch manifest @babel/helpers@^7.28.6
510 silly packumentCache full:https://registry.npmjs.org/@babel%2fhelpers cache-miss
511 silly fetch manifest @babel/template@^7.28.6
512 silly packumentCache full:https://registry.npmjs.org/@babel%2ftemplate cache-miss
513 silly fetch manifest @babel/traverse@^7.29.0
514 silly packumentCache full:https://registry.npmjs.org/@babel%2ftraverse cache-miss
515 silly fetch manifest @babel/generator@^7.29.0
516 silly packumentCache full:https://registry.npmjs.org/@babel%2fgenerator cache-miss
517 silly fetch manifest @babel/code-frame@^7.29.0
518 silly packumentCache full:https://registry.npmjs.org/@babel%2fcode-frame cache-miss
519 silly fetch manifest convert-source-map@^2.0.0
520 silly packumentCache full:https://registry.npmjs.org/convert-source-map cache-miss
521 silly fetch manifest @jridgewell/remapping@^2.3.5
522 silly packumentCache full:https://registry.npmjs.org/@jridgewell%2fremapping cache-miss
523 silly fetch manifest @babel/helper-module-transforms@^7.28.6
524 silly packumentCache full:https://registry.npmjs.org/@babel%2fhelper-module-transforms cache-miss
525 silly fetch manifest @babel/helper-compilation-targets@^7.28.6
526 silly packumentCache full:https://registry.npmjs.org/@babel%2fhelper-compilation-targets cache-miss
527 silly fetch manifest @babel/compat-data@^7.20.5
528 silly packumentCache full:https://registry.npmjs.org/@babel%2fcompat-data cache-miss
529 silly fetch manifest @babel/helper-compilation-targets@^7.20.7
530 silly packumentCache full:https://registry.npmjs.org/@babel%2fhelper-compilation-targets cache-miss
531 silly fetch manifest @babel/helper-plugin-utils@^7.20.2
532 silly packumentCache full:https://registry.npmjs.org/@babel%2fhelper-plugin-utils cache-miss
533 silly fetch manifest @babel/plugin-syntax-object-rest-spread@^7.8.3
534 silly packumentCache full:https://registry.npmjs.org/@babel%2fplugin-syntax-object-rest-spread cache-miss
535 silly fetch manifest @babel/plugin-transform-parameters@^7.20.7
536 silly packumentCache full:https://registry.npmjs.org/@babel%2fplugin-transform-parameters cache-miss
537 silly fetch manifest @babel/helper-plugin-utils@^7.8.0
538 silly packumentCache full:https://registry.npmjs.org/@babel%2fhelper-plugin-utils cache-miss
539 http fetch GET 200 https://registry.npmjs.org/semver 195ms (cache hit)
540 silly packumentCache full:https://registry.npmjs.org/semver set size:229620 disposed:false
541 silly fetch manifest @babel/helper-plugin-utils@^7.28.6
542 silly packumentCache full:https://registry.npmjs.org/@babel%2fhelper-plugin-utils cache-miss
543 http fetch GET 200 https://registry.npmjs.org/json5 243ms (cache miss)
544 silly packumentCache full:https://registry.npmjs.org/json5 set size:undefined disposed:false
545 silly fetch manifest @babel/helper-module-imports@^7.28.6
546 silly packumentCache full:https://registry.npmjs.org/@babel%2fhelper-module-imports cache-miss
547 http fetch GET 200 https://registry.npmjs.org/convert-source-map 256ms (cache miss)
548 silly packumentCache full:https://registry.npmjs.org/convert-source-map set size:undefined disposed:false
549 silly fetch manifest babel-plugin-polyfill-corejs2@^0.4.14
550 silly packumentCache full:https://registry.npmjs.org/babel-plugin-polyfill-corejs2 cache-miss
551 http fetch GET 200 https://registry.npmjs.org/@jridgewell%2fremapping 262ms (cache miss)
552 silly packumentCache full:https://registry.npmjs.org/@jridgewell%2fremapping set size:undefined disposed:false
553 silly fetch manifest babel-plugin-polyfill-corejs3@^0.13.0
554 silly packumentCache full:https://registry.npmjs.org/babel-plugin-polyfill-corejs3 cache-miss
555 http fetch GET 200 https://registry.npmjs.org/debug 319ms (cache miss)
556 silly packumentCache full:https://registry.npmjs.org/debug set size:undefined disposed:false
557 silly fetch manifest babel-plugin-polyfill-regenerator@^0.6.5
558 silly packumentCache full:https://registry.npmjs.org/babel-plugin-polyfill-regenerator cache-miss
559 http fetch GET 200 https://registry.npmjs.org/@babel%2fplugin-syntax-object-rest-spread 328ms (cache miss)
560 silly packumentCache full:https://registry.npmjs.org/@babel%2fplugin-syntax-object-rest-spread set size:undefined disposed:false
561 silly fetch manifest @babel/compat-data@^7.29.0
562 silly packumentCache full:https://registry.npmjs.org/@babel%2fcompat-data cache-miss
563 http fetch GET 200 https://registry.npmjs.org/@babel%2fcode-frame 361ms (cache miss)
564 silly packumentCache full:https://registry.npmjs.org/@babel%2fcode-frame set size:undefined disposed:false
565 silly fetch manifest @babel/helper-compilation-targets@^7.28.6
566 silly packumentCache full:https://registry.npmjs.org/@babel%2fhelper-compilation-targets cache-miss
567 http fetch GET 200 https://registry.npmjs.org/@babel%2fhelper-plugin-utils 359ms (cache miss)
568 silly packumentCache full:https://registry.npmjs.org/@babel%2fhelper-plugin-utils set size:undefined disposed:false
569 silly fetch manifest @babel/helper-plugin-utils@^7.28.6
570 silly packumentCache full:https://registry.npmjs.org/@babel%2fhelper-plugin-utils cache-miss
571 http fetch GET 200 https://registry.npmjs.org/@babel%2fhelper-plugin-utils 377ms (cache miss)
572 silly packumentCache full:https://registry.npmjs.org/@babel%2fhelper-plugin-utils set size:undefined disposed:false
573 silly fetch manifest @babel/helper-validator-option@^7.27.1
574 silly packumentCache full:https://registry.npmjs.org/@babel%2fhelper-validator-option cache-miss
575 http fetch GET 200 https://registry.npmjs.org/@babel%2fhelper-module-transforms 413ms (cache miss)
576 silly packumentCache full:https://registry.npmjs.org/@babel%2fhelper-module-transforms set size:undefined disposed:false
577 silly fetch manifest @babel/plugin-bugfix-firefox-class-in-computed-class-key@^7.28.5
578 silly packumentCache full:https://registry.npmjs.org/@babel%2fplugin-bugfix-firefox-class-in-computed-class-key cache-miss
579 http fetch GET 200 https://registry.npmjs.org/@babel%2fhelper-compilation-targets 430ms (cache miss)
580 silly packumentCache full:https://registry.npmjs.org/@babel%2fhelper-compilation-targets set size:undefined disposed:false
581 silly fetch manifest @babel/plugin-bugfix-safari-class-field-initializer-scope@^7.27.1
582 silly packumentCache full:https://registry.npmjs.org/@babel%2fplugin-bugfix-safari-class-field-initializer-scope cache-miss
583 http fetch GET 200 https://registry.npmjs.org/@babel%2ftypes 481ms (cache miss)
584 silly packumentCache full:https://registry.npmjs.org/@babel%2ftypes set size:undefined disposed:false
585 silly fetch manifest @babel/plugin-bugfix-safari-id-destructuring-collision-in-function-expression@^7.27.1
586 silly packumentCache full:https://registry.npmjs.org/@babel%2fplugin-bugfix-safari-id-destructuring-collision-in-function-expression cache-miss
587 http fetch GET 200 https://registry.npmjs.org/@babel%2fhelper-plugin-utils 294ms (cache miss)
588 silly packumentCache full:https://registry.npmjs.org/@babel%2fhelper-plugin-utils set size:undefined disposed:false
589 silly fetch manifest @babel/plugin-bugfix-v8-spread-parameters-in-optional-chaining@^7.27.1
590 silly packumentCache full:https://registry.npmjs.org/@babel%2fplugin-bugfix-v8-spread-parameters-in-optional-chaining cache-miss
591 http fetch GET 200 https://registry.npmjs.org/@babel%2fplugin-transform-parameters 474ms (cache miss)
592 silly packumentCache full:https://registry.npmjs.org/@babel%2fplugin-transform-parameters set size:undefined disposed:false
593 silly fetch manifest @babel/plugin-bugfix-v8-static-class-fields-redefine-readonly@^7.28.6
594 silly packumentCache full:https://registry.npmjs.org/@babel%2fplugin-bugfix-v8-static-class-fields-redefine-readonly cache-miss
595 http fetch GET 200 https://registry.npmjs.org/@babel%2fhelper-compilation-targets 510ms (cache miss)
596 silly packumentCache full:https://registry.npmjs.org/@babel%2fhelper-compilation-targets set size:undefined disposed:false
597 silly fetch manifest @babel/plugin-proposal-private-property-in-object@7.21.0-placeholder-for-preset-env.2
598 silly packumentCache full:https://registry.npmjs.org/@babel%2fplugin-proposal-private-property-in-object cache-miss
599 http fetch GET 200 https://registry.npmjs.org/@babel%2fgenerator 545ms (cache miss)
600 silly packumentCache full:https://registry.npmjs.org/@babel%2fgenerator set size:undefined disposed:false
601 silly fetch manifest @babel/plugin-syntax-import-assertions@^7.28.6
602 silly packumentCache full:https://registry.npmjs.org/@babel%2fplugin-syntax-import-assertions cache-miss
603 http fetch GET 200 https://registry.npmjs.org/babel-plugin-polyfill-corejs3 289ms (cache miss)
604 silly packumentCache full:https://registry.npmjs.org/babel-plugin-polyfill-corejs3 set size:undefined disposed:false
605 silly fetch manifest @babel/plugin-syntax-import-attributes@^7.28.6
606 silly packumentCache full:https://registry.npmjs.org/@babel%2fplugin-syntax-import-attributes cache-miss
607 http fetch GET 200 https://registry.npmjs.org/babel-plugin-polyfill-regenerator 263ms (cache miss)
608 silly packumentCache full:https://registry.npmjs.org/babel-plugin-polyfill-regenerator set size:undefined disposed:false
609 silly fetch manifest @babel/plugin-syntax-unicode-sets-regex@^7.18.6
610 silly packumentCache full:https://registry.npmjs.org/@babel%2fplugin-syntax-unicode-sets-regex cache-miss
611 http fetch GET 200 https://registry.npmjs.org/@babel%2ftraverse 582ms (cache miss)
612 silly packumentCache full:https://registry.npmjs.org/@babel%2ftraverse set size:undefined disposed:false
613 silly fetch manifest @babel/plugin-transform-arrow-functions@^7.27.1
614 silly packumentCache full:https://registry.npmjs.org/@babel%2fplugin-transform-arrow-functions cache-miss
615 http fetch GET 200 https://registry.npmjs.org/babel-plugin-polyfill-corejs2 335ms (cache miss)
616 silly packumentCache full:https://registry.npmjs.org/babel-plugin-polyfill-corejs2 set size:undefined disposed:false
617 silly fetch manifest @babel/plugin-transform-async-generator-functions@^7.29.0
618 silly packumentCache full:https://registry.npmjs.org/@babel%2fplugin-transform-async-generator-functions cache-miss
619 http fetch GET 200 https://registry.npmjs.org/@babel%2fhelper-plugin-utils 216ms (cache hit)
620 silly packumentCache full:https://registry.npmjs.org/@babel%2fhelper-plugin-utils set size:163951 disposed:false
621 silly fetch manifest @babel/plugin-transform-async-to-generator@^7.28.6
622 silly packumentCache full:https://registry.npmjs.org/@babel%2fplugin-transform-async-to-generator cache-miss
623 http fetch GET 200 https://registry.npmjs.org/@babel%2fhelper-module-imports 383ms (cache miss)
624 silly packumentCache full:https://registry.npmjs.org/@babel%2fhelper-module-imports set size:undefined disposed:false
625 silly fetch manifest @babel/plugin-transform-block-scoped-functions@^7.27.1
626 silly packumentCache full:https://registry.npmjs.org/@babel%2fplugin-transform-block-scoped-functions cache-miss
627 http fetch GET 200 https://registry.npmjs.org/@babel%2fcompat-data 628ms (cache miss)
628 silly packumentCache full:https://registry.npmjs.org/@babel%2fcompat-data set size:undefined disposed:false
629 silly fetch manifest @babel/plugin-transform-block-scoping@^7.28.6
630 silly packumentCache full:https://registry.npmjs.org/@babel%2fplugin-transform-block-scoping cache-miss
631 http fetch GET 200 https://registry.npmjs.org/@babel%2fparser 687ms (cache miss)
632 silly packumentCache full:https://registry.npmjs.org/@babel%2fparser set size:undefined disposed:false
633 silly fetch manifest @babel/plugin-transform-class-properties@^7.28.6
634 silly packumentCache full:https://registry.npmjs.org/@babel%2fplugin-transform-class-properties cache-miss
635 http fetch GET 200 https://registry.npmjs.org/@babel%2ftemplate 700ms (cache miss)
636 silly packumentCache full:https://registry.npmjs.org/@babel%2ftemplate set size:undefined disposed:false
637 silly fetch manifest @babel/plugin-transform-class-static-block@^7.28.6
638 silly packumentCache full:https://registry.npmjs.org/@babel%2fplugin-transform-class-static-block cache-miss
639 http fetch GET 200 https://registry.npmjs.org/@babel%2fplugin-bugfix-firefox-class-in-computed-class-key 300ms (cache miss)
640 silly packumentCache full:https://registry.npmjs.org/@babel%2fplugin-bugfix-firefox-class-in-computed-class-key set size:undefined disposed:false
641 silly fetch manifest @babel/plugin-transform-classes@^7.28.6
642 silly packumentCache full:https://registry.npmjs.org/@babel%2fplugin-transform-classes cache-miss
643 http fetch GET 200 https://registry.npmjs.org/@babel%2fhelper-validator-option 330ms (cache miss)
644 silly packumentCache full:https://registry.npmjs.org/@babel%2fhelper-validator-option set size:undefined disposed:false
645 silly fetch manifest @babel/plugin-transform-computed-properties@^7.28.6
646 silly packumentCache full:https://registry.npmjs.org/@babel%2fplugin-transform-computed-properties cache-miss
647 http fetch GET 200 https://registry.npmjs.org/@babel%2fhelper-compilation-targets 377ms (cache miss)
648 silly packumentCache full:https://registry.npmjs.org/@babel%2fhelper-compilation-targets set size:undefined disposed:false
649 silly fetch manifest @babel/plugin-transform-destructuring@^7.28.5
650 silly packumentCache full:https://registry.npmjs.org/@babel%2fplugin-transform-destructuring cache-miss
651 http fetch GET 200 https://registry.npmjs.org/@babel%2fplugin-bugfix-safari-class-field-initializer-scope 307ms (cache miss)
652 silly packumentCache full:https://registry.npmjs.org/@babel%2fplugin-bugfix-safari-class-field-initializer-scope set size:undefined disposed:false
653 silly fetch manifest @babel/plugin-transform-dotall-regex@^7.28.6
654 silly packumentCache full:https://registry.npmjs.org/@babel%2fplugin-transform-dotall-regex cache-miss
655 http fetch GET 200 https://registry.npmjs.org/@babel%2fhelpers 784ms (cache miss)
656 silly packumentCache full:https://registry.npmjs.org/@babel%2fhelpers set size:undefined disposed:false
657 silly fetch manifest @babel/plugin-transform-duplicate-keys@^7.27.1
658 silly packumentCache full:https://registry.npmjs.org/@babel%2fplugin-transform-duplicate-keys cache-miss
659 http fetch GET 200 https://registry.npmjs.org/@babel%2fcompat-data 470ms (cache miss)
660 silly packumentCache full:https://registry.npmjs.org/@babel%2fcompat-data set size:undefined disposed:false
661 silly fetch manifest @babel/plugin-transform-duplicate-named-capturing-groups-regex@^7.29.0
662 silly packumentCache full:https://registry.npmjs.org/@babel%2fplugin-transform-duplicate-named-capturing-groups-regex cache-miss
663 http fetch GET 200 https://registry.npmjs.org/@babel%2fplugin-bugfix-v8-static-class-fields-redefine-readonly 485ms (cache miss)
664 silly packumentCache full:https://registry.npmjs.org/@babel%2fplugin-bugfix-v8-static-class-fields-redefine-readonly set size:undefined disposed:false
665 silly fetch manifest @babel/plugin-transform-dynamic-import@^7.27.1
666 silly packumentCache full:https://registry.npmjs.org/@babel%2fplugin-transform-dynamic-import cache-miss
667 http fetch GET 200 https://registry.npmjs.org/@babel%2fplugin-proposal-private-property-in-object 473ms (cache miss)
668 silly packumentCache full:https://registry.npmjs.org/@babel%2fplugin-proposal-private-property-in-object set size:undefined disposed:false
669 silly fetch manifest @babel/plugin-transform-explicit-resource-management@^7.28.6
670 silly packumentCache full:https://registry.npmjs.org/@babel%2fplugin-transform-explicit-resource-management cache-miss
671 http fetch GET 200 https://registry.npmjs.org/@babel%2fplugin-syntax-unicode-sets-regex 474ms (cache miss)
672 silly packumentCache full:https://registry.npmjs.org/@babel%2fplugin-syntax-unicode-sets-regex set size:undefined disposed:false
673 silly fetch manifest @babel/plugin-transform-exponentiation-operator@^7.28.6
674 silly packumentCache full:https://registry.npmjs.org/@babel%2fplugin-transform-exponentiation-operator cache-miss
675 http fetch GET 200 https://registry.npmjs.org/@babel%2fplugin-bugfix-safari-id-destructuring-collision-in-function-expression 583ms (cache miss)
676 silly packumentCache full:https://registry.npmjs.org/@babel%2fplugin-bugfix-safari-id-destructuring-collision-in-function-expression set size:undefined disposed:false
677 silly fetch manifest @babel/plugin-transform-export-namespace-from@^7.27.1
678 silly packumentCache full:https://registry.npmjs.org/@babel%2fplugin-transform-export-namespace-from cache-miss
679 http fetch GET 200 https://registry.npmjs.org/@babel%2fplugin-bugfix-v8-spread-parameters-in-optional-chaining 615ms (cache miss)
680 silly packumentCache full:https://registry.npmjs.org/@babel%2fplugin-bugfix-v8-spread-parameters-in-optional-chaining set size:undefined disposed:false
681 silly fetch manifest @babel/plugin-transform-for-of@^7.27.1
682 silly packumentCache full:https://registry.npmjs.org/@babel%2fplugin-transform-for-of cache-miss
683 http fetch GET 200 https://registry.npmjs.org/@babel%2fplugin-syntax-import-assertions 571ms (cache miss)
684 silly packumentCache full:https://registry.npmjs.org/@babel%2fplugin-syntax-import-assertions set size:undefined disposed:false
685 silly fetch manifest @babel/plugin-transform-function-name@^7.27.1
686 silly packumentCache full:https://registry.npmjs.org/@babel%2fplugin-transform-function-name cache-miss
687 http fetch GET 200 https://registry.npmjs.org/gensync 1156ms (cache miss)
688 silly packumentCache full:https://registry.npmjs.org/gensync set size:undefined disposed:false
689 silly fetch manifest @babel/plugin-transform-json-strings@^7.28.6
690 silly packumentCache full:https://registry.npmjs.org/@babel%2fplugin-transform-json-strings cache-miss
691 http fetch GET 200 https://registry.npmjs.org/@babel%2fplugin-transform-async-generator-functions 578ms (cache miss)
692 silly packumentCache full:https://registry.npmjs.org/@babel%2fplugin-transform-async-generator-functions set size:undefined disposed:false
693 silly fetch manifest @babel/plugin-transform-literals@^7.27.1
694 silly packumentCache full:https://registry.npmjs.org/@babel%2fplugin-transform-literals cache-miss
695 http fetch GET 200 https://registry.npmjs.org/@babel%2fplugin-transform-block-scoped-functions 570ms (cache miss)
696 silly packumentCache full:https://registry.npmjs.org/@babel%2fplugin-transform-block-scoped-functions set size:undefined disposed:false
697 silly fetch manifest @babel/plugin-transform-logical-assignment-operators@^7.28.6
698 silly packumentCache full:https://registry.npmjs.org/@babel%2fplugin-transform-logical-assignment-operators cache-miss
699 http fetch GET 200 https://registry.npmjs.org/@babel%2fplugin-transform-class-static-block 511ms (cache miss)
700 silly packumentCache full:https://registry.npmjs.org/@babel%2fplugin-transform-class-static-block set size:undefined disposed:false
701 silly fetch manifest @babel/plugin-transform-member-expression-literals@^7.27.1
702 silly packumentCache full:https://registry.npmjs.org/@babel%2fplugin-transform-member-expression-literals cache-miss
703 http fetch GET 200 https://registry.npmjs.org/@babel%2fplugin-transform-arrow-functions 621ms (cache miss)
704 silly packumentCache full:https://registry.npmjs.org/@babel%2fplugin-transform-arrow-functions set size:undefined disposed:false
705 silly fetch manifest @babel/plugin-transform-modules-amd@^7.27.1
706 silly packumentCache full:https://registry.npmjs.org/@babel%2fplugin-transform-modules-amd cache-miss
707 http fetch GET 200 https://registry.npmjs.org/@babel%2fplugin-transform-class-properties 529ms (cache miss)
708 silly packumentCache full:https://registry.npmjs.org/@babel%2fplugin-transform-class-properties set size:undefined disposed:false
709 silly fetch manifest @babel/plugin-transform-modules-commonjs@^7.28.6
710 silly packumentCache full:https://registry.npmjs.org/@babel%2fplugin-transform-modules-commonjs cache-miss
711 http fetch GET 200 https://registry.npmjs.org/@babel%2fplugin-transform-async-to-generator 620ms (cache miss)
712 silly packumentCache full:https://registry.npmjs.org/@babel%2fplugin-transform-async-to-generator set size:undefined disposed:false
713 silly fetch manifest @babel/plugin-transform-modules-systemjs@^7.29.0
714 silly packumentCache full:https://registry.npmjs.org/@babel%2fplugin-transform-modules-systemjs cache-miss
715 http fetch GET 200 https://registry.npmjs.org/@babel%2fplugin-syntax-import-attributes 686ms (cache miss)
716 silly packumentCache full:https://registry.npmjs.org/@babel%2fplugin-syntax-import-attributes set size:undefined disposed:false
717 silly fetch manifest @babel/plugin-transform-modules-umd@^7.27.1
718 silly packumentCache full:https://registry.npmjs.org/@babel%2fplugin-transform-modules-umd cache-miss
719 http fetch GET 200 https://registry.npmjs.org/@babel%2fplugin-transform-explicit-resource-management 251ms (cache miss)
720 silly packumentCache full:https://registry.npmjs.org/@babel%2fplugin-transform-explicit-resource-management set size:undefined disposed:false
721 silly fetch manifest @babel/plugin-transform-named-capturing-groups-regex@^7.29.0
722 silly packumentCache full:https://registry.npmjs.org/@babel%2fplugin-transform-named-capturing-groups-regex cache-miss
723 http fetch GET 200 https://registry.npmjs.org/@babel%2fplugin-transform-duplicate-named-capturing-groups-regex 421ms (cache miss)
724 silly packumentCache full:https://registry.npmjs.org/@babel%2fplugin-transform-duplicate-named-capturing-groups-regex set size:undefined disposed:false
725 silly fetch manifest @babel/plugin-transform-new-target@^7.27.1
726 silly packumentCache full:https://registry.npmjs.org/@babel%2fplugin-transform-new-target cache-miss
727 http fetch GET 200 https://registry.npmjs.org/@babel%2fplugin-transform-dynamic-import 304ms (cache miss)
728 silly packumentCache full:https://registry.npmjs.org/@babel%2fplugin-transform-dynamic-import set size:undefined disposed:false
729 silly fetch manifest @babel/plugin-transform-nullish-coalescing-operator@^7.28.6
730 silly packumentCache full:https://registry.npmjs.org/@babel%2fplugin-transform-nullish-coalescing-operator cache-miss
731 http fetch GET 200 https://registry.npmjs.org/@babel%2fplugin-transform-block-scoping 664ms (cache miss)
732 silly packumentCache full:https://registry.npmjs.org/@babel%2fplugin-transform-block-scoping set size:undefined disposed:false
733 silly fetch manifest @babel/plugin-transform-numeric-separator@^7.28.6
734 silly packumentCache full:https://registry.npmjs.org/@babel%2fplugin-transform-numeric-separator cache-miss
735 http fetch GET 200 https://registry.npmjs.org/@babel%2fplugin-transform-computed-properties 599ms (cache miss)
736 silly packumentCache full:https://registry.npmjs.org/@babel%2fplugin-transform-computed-properties set size:undefined disposed:false
737 silly fetch manifest @babel/plugin-transform-object-rest-spread@^7.28.6
738 silly packumentCache full:https://registry.npmjs.org/@babel%2fplugin-transform-object-rest-spread cache-miss
739 http fetch GET 200 https://registry.npmjs.org/@babel%2fplugin-transform-dotall-regex 575ms (cache miss)
740 silly packumentCache full:https://registry.npmjs.org/@babel%2fplugin-transform-dotall-regex set size:undefined disposed:false
741 silly fetch manifest @babel/plugin-transform-object-super@^7.27.1
742 silly packumentCache full:https://registry.npmjs.org/@babel%2fplugin-transform-object-super cache-miss
743 http fetch GET 200 https://registry.npmjs.org/@babel%2fplugin-transform-duplicate-keys 555ms (cache miss)
744 silly packumentCache full:https://registry.npmjs.org/@babel%2fplugin-transform-duplicate-keys set size:undefined disposed:false
745 silly fetch manifest @babel/plugin-transform-optional-catch-binding@^7.28.6
746 silly packumentCache full:https://registry.npmjs.org/@babel%2fplugin-transform-optional-catch-binding cache-miss
747 http fetch GET 200 https://registry.npmjs.org/@babel%2fplugin-transform-classes 655ms (cache miss)
748 silly packumentCache full:https://registry.npmjs.org/@babel%2fplugin-transform-classes set size:undefined disposed:false
749 silly fetch manifest @babel/plugin-transform-optional-chaining@^7.28.6
750 silly packumentCache full:https://registry.npmjs.org/@babel%2fplugin-transform-optional-chaining cache-miss
751 http fetch GET 200 https://registry.npmjs.org/@babel%2fplugin-transform-destructuring 665ms (cache miss)
752 silly packumentCache full:https://registry.npmjs.org/@babel%2fplugin-transform-destructuring set size:undefined disposed:false
753 silly fetch manifest @babel/plugin-transform-parameters@^7.27.7
754 silly packumentCache full:https://registry.npmjs.org/@babel%2fplugin-transform-parameters cache-miss
755 http fetch GET 200 https://registry.npmjs.org/@babel%2fplugin-transform-json-strings 274ms (cache miss)
756 silly packumentCache full:https://registry.npmjs.org/@babel%2fplugin-transform-json-strings set size:undefined disposed:false
757 silly fetch manifest @babel/plugin-transform-private-methods@^7.28.6
758 silly packumentCache full:https://registry.npmjs.org/@babel%2fplugin-transform-private-methods cache-miss
759 http fetch GET 200 https://registry.npmjs.org/@babel%2fplugin-transform-exponentiation-operator 369ms (cache miss)
760 silly packumentCache full:https://registry.npmjs.org/@babel%2fplugin-transform-exponentiation-operator set size:undefined disposed:false
761 silly fetch manifest @babel/plugin-transform-private-property-in-object@^7.28.6
762 silly packumentCache full:https://registry.npmjs.org/@babel%2fplugin-transform-private-property-in-object cache-miss
763 http fetch GET 200 https://registry.npmjs.org/@babel%2fplugin-transform-logical-assignment-operators 249ms (cache miss)
764 silly packumentCache full:https://registry.npmjs.org/@babel%2fplugin-transform-logical-assignment-operators set size:undefined disposed:false
765 silly fetch manifest @babel/plugin-transform-property-literals@^7.27.1
766 silly packumentCache full:https://registry.npmjs.org/@babel%2fplugin-transform-property-literals cache-miss
767 http fetch GET 200 https://registry.npmjs.org/@babel%2fplugin-transform-function-name 332ms (cache miss)
768 silly packumentCache full:https://registry.npmjs.org/@babel%2fplugin-transform-function-name set size:undefined disposed:false
769 silly fetch manifest @babel/plugin-transform-regenerator@^7.29.0
770 silly packumentCache full:https://registry.npmjs.org/@babel%2fplugin-transform-regenerator cache-miss
771 http fetch GET 200 https://registry.npmjs.org/@babel%2fplugin-transform-for-of 355ms (cache miss)
772 silly packumentCache full:https://registry.npmjs.org/@babel%2fplugin-transform-for-of set size:undefined disposed:false
773 silly fetch manifest @babel/plugin-transform-regexp-modifiers@^7.28.6
774 silly packumentCache full:https://registry.npmjs.org/@babel%2fplugin-transform-regexp-modifiers cache-miss
775 http fetch GET 200 https://registry.npmjs.org/@babel%2fplugin-transform-literals 327ms (cache miss)
776 silly packumentCache full:https://registry.npmjs.org/@babel%2fplugin-transform-literals set size:undefined disposed:false
777 silly fetch manifest @babel/plugin-transform-reserved-words@^7.27.1
778 silly packumentCache full:https://registry.npmjs.org/@babel%2fplugin-transform-reserved-words cache-miss
779 http fetch GET 200 https://registry.npmjs.org/@babel%2fplugin-transform-numeric-separator 220ms (cache miss)
780 silly packumentCache full:https://registry.npmjs.org/@babel%2fplugin-transform-numeric-separator set size:undefined disposed:false
781 silly fetch manifest @babel/plugin-transform-shorthand-properties@^7.27.1
782 silly packumentCache full:https://registry.npmjs.org/@babel%2fplugin-transform-shorthand-properties cache-miss
783 http fetch GET 200 https://registry.npmjs.org/@babel%2fplugin-transform-export-namespace-from 460ms (cache miss)
784 silly packumentCache full:https://registry.npmjs.org/@babel%2fplugin-transform-export-namespace-from set size:undefined disposed:false
785 silly fetch manifest @babel/plugin-transform-spread@^7.28.6
786 silly packumentCache full:https://registry.npmjs.org/@babel%2fplugin-transform-spread cache-miss
787 http fetch GET 200 https://registry.npmjs.org/@babel%2fplugin-transform-modules-amd 332ms (cache miss)
788 silly packumentCache full:https://registry.npmjs.org/@babel%2fplugin-transform-modules-amd set size:undefined disposed:false
789 silly fetch manifest @babel/plugin-transform-sticky-regex@^7.27.1
790 silly packumentCache full:https://registry.npmjs.org/@babel%2fplugin-transform-sticky-regex cache-miss
791 http fetch GET 200 https://registry.npmjs.org/@babel%2fplugin-transform-nullish-coalescing-operator 262ms (cache miss)
792 silly packumentCache full:https://registry.npmjs.org/@babel%2fplugin-transform-nullish-coalescing-operator set size:undefined disposed:false
793 silly fetch manifest @babel/plugin-transform-template-literals@^7.27.1
794 silly packumentCache full:https://registry.npmjs.org/@babel%2fplugin-transform-template-literals cache-miss
795 http fetch GET 200 https://registry.npmjs.org/@babel%2fplugin-transform-named-capturing-groups-regex 314ms (cache miss)
796 silly packumentCache full:https://registry.npmjs.org/@babel%2fplugin-transform-named-capturing-groups-regex set size:undefined disposed:false
797 silly fetch manifest @babel/plugin-transform-typeof-symbol@^7.27.1
798 silly packumentCache full:https://registry.npmjs.org/@babel%2fplugin-transform-typeof-symbol cache-miss
799 http fetch GET 200 https://registry.npmjs.org/@babel%2fplugin-transform-parameters 173ms (cache hit)
800 silly packumentCache full:https://registry.npmjs.org/@babel%2fplugin-transform-parameters set size:269382 disposed:false
801 silly fetch manifest @babel/plugin-transform-unicode-escapes@^7.27.1
802 silly packumentCache full:https://registry.npmjs.org/@babel%2fplugin-transform-unicode-escapes cache-miss
803 http fetch GET 200 https://registry.npmjs.org/@babel%2fplugin-transform-modules-umd 381ms (cache miss)
804 silly packumentCache full:https://registry.npmjs.org/@babel%2fplugin-transform-modules-umd set size:undefined disposed:false
805 silly fetch manifest @babel/plugin-transform-unicode-property-regex@^7.28.6
806 silly packumentCache full:https://registry.npmjs.org/@babel%2fplugin-transform-unicode-property-regex cache-miss
807 http fetch GET 200 https://registry.npmjs.org/@babel%2fplugin-transform-optional-catch-binding 290ms (cache miss)
808 silly packumentCache full:https://registry.npmjs.org/@babel%2fplugin-transform-optional-catch-binding set size:undefined disposed:false
809 silly fetch manifest @babel/plugin-transform-unicode-regex@^7.27.1
810 silly packumentCache full:https://registry.npmjs.org/@babel%2fplugin-transform-unicode-regex cache-miss
811 http fetch GET 200 https://registry.npmjs.org/@babel%2fplugin-transform-object-rest-spread 315ms (cache miss)
812 silly packumentCache full:https://registry.npmjs.org/@babel%2fplugin-transform-object-rest-spread set size:undefined disposed:false
813 silly fetch manifest @babel/plugin-transform-unicode-sets-regex@^7.28.6
814 silly packumentCache full:https://registry.npmjs.org/@babel%2fplugin-transform-unicode-sets-regex cache-miss
815 http fetch GET 200 https://registry.npmjs.org/@babel%2fplugin-transform-modules-systemjs 423ms (cache miss)
816 silly packumentCache full:https://registry.npmjs.org/@babel%2fplugin-transform-modules-systemjs set size:undefined disposed:false
817 silly fetch manifest @babel/preset-modules@0.1.6-no-external-plugins
818 silly packumentCache full:https://registry.npmjs.org/@babel%2fpreset-modules cache-miss
819 http fetch GET 200 https://registry.npmjs.org/@babel%2fplugin-transform-new-target 405ms (cache miss)
820 silly packumentCache full:https://registry.npmjs.org/@babel%2fplugin-transform-new-target set size:undefined disposed:false
821 silly fetch manifest babel-plugin-polyfill-corejs2@^0.4.15
822 silly packumentCache full:https://registry.npmjs.org/babel-plugin-polyfill-corejs2 cache-miss
823 http fetch GET 200 https://registry.npmjs.org/@babel%2fplugin-transform-modules-commonjs 466ms (cache miss)
824 silly packumentCache full:https://registry.npmjs.org/@babel%2fplugin-transform-modules-commonjs set size:undefined disposed:false
825 silly fetch manifest babel-plugin-polyfill-corejs3@^0.14.0
826 silly packumentCache full:https://registry.npmjs.org/babel-plugin-polyfill-corejs3 cache-miss
827 http fetch GET 200 https://registry.npmjs.org/@babel%2fplugin-transform-object-super 376ms (cache miss)
828 silly packumentCache full:https://registry.npmjs.org/@babel%2fplugin-transform-object-super set size:undefined disposed:false
829 silly fetch manifest babel-plugin-polyfill-regenerator@^0.6.6
830 silly packumentCache full:https://registry.npmjs.org/babel-plugin-polyfill-regenerator cache-miss
831 http fetch GET 200 https://registry.npmjs.org/@babel%2fplugin-transform-private-property-in-object 297ms (cache miss)
832 silly packumentCache full:https://registry.npmjs.org/@babel%2fplugin-transform-private-property-in-object set size:undefined disposed:false
833 silly fetch manifest core-js-compat@^3.48.0
834 silly packumentCache full:https://registry.npmjs.org/core-js-compat cache-miss
835 http fetch GET 200 https://registry.npmjs.org/@babel%2fplugin-transform-private-methods 326ms (cache miss)
836 silly packumentCache full:https://registry.npmjs.org/@babel%2fplugin-transform-private-methods set size:undefined disposed:false
837 silly fetch manifest @babel/types@^7.20.7
838 silly packumentCache full:https://registry.npmjs.org/@babel%2ftypes cache-miss
839 http fetch GET 200 https://registry.npmjs.org/@babel%2fplugin-transform-regexp-modifiers 292ms (cache miss)
840 silly packumentCache full:https://registry.npmjs.org/@babel%2fplugin-transform-regexp-modifiers set size:undefined disposed:false
841 silly fetch manifest @babel/parser@^7.20.7
842 silly packumentCache full:https://registry.npmjs.org/@babel%2fparser cache-miss
843 http fetch GET 200 https://registry.npmjs.org/@babel%2fplugin-transform-member-expression-literals 571ms (cache miss)
844 silly packumentCache full:https://registry.npmjs.org/@babel%2fplugin-transform-member-expression-literals set size:undefined disposed:false
845 silly fetch manifest @types/babel__template@*
846 silly packumentCache full:https://registry.npmjs.org/@types%2fbabel__template cache-miss
847 http fetch GET 200 https://registry.npmjs.org/babel-plugin-polyfill-corejs2 128ms (cache hit)
848 silly packumentCache full:https://registry.npmjs.org/babel-plugin-polyfill-corejs2 set size:116417 disposed:false
849 silly fetch manifest @types/babel__traverse@*
850 silly packumentCache full:https://registry.npmjs.org/@types%2fbabel__traverse cache-miss
851 http fetch GET 200 https://registry.npmjs.org/babel-plugin-polyfill-corejs3 131ms (cache hit)
852 silly packumentCache full:https://registry.npmjs.org/babel-plugin-polyfill-corejs3 set size:147605 disposed:false
853 silly fetch manifest @types/babel__generator@*
854 silly packumentCache full:https://registry.npmjs.org/@types%2fbabel__generator cache-miss
855 http fetch GET 200 https://registry.npmjs.org/@babel%2fplugin-transform-unicode-escapes 246ms (cache miss)
856 silly packumentCache full:https://registry.npmjs.org/@babel%2fplugin-transform-unicode-escapes set size:undefined disposed:false
857 silly fetch manifest source-map@^0.6.0
858 silly packumentCache full:https://registry.npmjs.org/source-map cache-miss
859 http fetch GET 200 https://registry.npmjs.org/babel-plugin-polyfill-regenerator 127ms (cache hit)
860 silly packumentCache full:https://registry.npmjs.org/babel-plugin-polyfill-regenerator set size:95269 disposed:false
861 silly fetch manifest @types/imagemin@*
862 silly packumentCache full:https://registry.npmjs.org/@types%2fimagemin cache-miss
863 http fetch GET 200 https://registry.npmjs.org/@babel%2fplugin-transform-sticky-regex 301ms (cache miss)
864 silly packumentCache full:https://registry.npmjs.org/@babel%2fplugin-transform-sticky-regex set size:undefined disposed:false
865 silly fetch manifest @types/imagemin@*
866 silly packumentCache full:https://registry.npmjs.org/@types%2fimagemin cache-miss
867 http fetch GET 200 https://registry.npmjs.org/@babel%2fplugin-transform-unicode-property-regex 231ms (cache miss)
868 silly packumentCache full:https://registry.npmjs.org/@babel%2fplugin-transform-unicode-property-regex set size:undefined disposed:false
869 silly fetch manifest @types/imagemin@*
870 silly packumentCache full:https://registry.npmjs.org/@types%2fimagemin cache-miss
871 http fetch GET 200 https://registry.npmjs.org/@babel%2fplugin-transform-shorthand-properties 330ms (cache miss)
872 silly packumentCache full:https://registry.npmjs.org/@babel%2fplugin-transform-shorthand-properties set size:undefined disposed:false
873 silly fetch manifest @types/svgo@^1
874 silly packumentCache full:https://registry.npmjs.org/@types%2fsvgo cache-miss
875 http fetch GET 200 https://registry.npmjs.org/@babel%2fplugin-transform-reserved-words 371ms (cache miss)
876 silly packumentCache full:https://registry.npmjs.org/@babel%2fplugin-transform-reserved-words set size:undefined disposed:false
877 silly fetch manifest @types/imagemin@*
878 silly packumentCache full:https://registry.npmjs.org/@types%2fimagemin cache-miss
879 http fetch GET 200 https://registry.npmjs.org/@babel%2fplugin-transform-regenerator 436ms (cache miss)
880 silly packumentCache full:https://registry.npmjs.org/@babel%2fplugin-transform-regenerator set size:undefined disposed:false
881 silly fetch manifest make-dir@^3.1.0
882 silly packumentCache full:https://registry.npmjs.org/make-dir cache-miss
883 http fetch GET 200 https://registry.npmjs.org/@babel%2ftypes 182ms (cache hit)
884 silly packumentCache full:https://registry.npmjs.org/@babel%2ftypes set size:487885 disposed:false
885 silly fetch manifest loader-utils@^2.0.4
886 silly packumentCache full:https://registry.npmjs.org/loader-utils cache-miss
887 http fetch GET 200 https://registry.npmjs.org/@babel%2fplugin-transform-unicode-sets-regex 295ms (cache miss)
888 silly packumentCache full:https://registry.npmjs.org/@babel%2fplugin-transform-unicode-sets-regex set size:undefined disposed:false
889 silly fetch manifest schema-utils@^2.6.5
890 silly packumentCache full:https://registry.npmjs.org/schema-utils cache-miss
891 http fetch GET 200 https://registry.npmjs.org/@babel%2fplugin-transform-spread 466ms (cache miss)
892 silly packumentCache full:https://registry.npmjs.org/@babel%2fplugin-transform-spread set size:undefined disposed:false
893 silly fetch manifest find-cache-dir@^3.3.1
894 silly packumentCache full:https://registry.npmjs.org/find-cache-dir cache-miss
895 http fetch GET 200 https://registry.npmjs.org/@babel%2fplugin-transform-typeof-symbol 441ms (cache miss)
896 silly packumentCache full:https://registry.npmjs.org/@babel%2fplugin-transform-typeof-symbol set size:undefined disposed:false
897 silly fetch manifest acorn@^8.16.0
898 silly packumentCache full:https://registry.npmjs.org/acorn cache-miss
899 http fetch GET 200 https://registry.npmjs.org/@babel%2fparser 265ms (cache hit)
900 silly packumentCache full:https://registry.npmjs.org/@babel%2fparser set size:718758 disposed:false
901 silly fetch manifest events@^3.2.0
902 silly packumentCache full:https://registry.npmjs.org/events cache-miss
903 http fetch GET 200 https://registry.npmjs.org/@babel%2fplugin-transform-property-literals 620ms (cache miss)
904 silly packumentCache full:https://registry.npmjs.org/@babel%2fplugin-transform-property-literals set size:undefined disposed:false
905 silly fetch manifest tapable@^2.3.0
906 silly packumentCache full:https://registry.npmjs.org/tapable cache-miss
907 http fetch GET 200 https://registry.npmjs.org/@babel%2fplugin-transform-unicode-regex 444ms (cache miss)
908 silly packumentCache full:https://registry.npmjs.org/@babel%2fplugin-transform-unicode-regex set size:undefined disposed:false
909 silly fetch manifest neo-async@^2.6.2
910 silly packumentCache full:https://registry.npmjs.org/neo-async cache-miss
911 http fetch GET 200 https://registry.npmjs.org/@types%2fbabel__template 346ms (cache miss)
912 silly packumentCache full:https://registry.npmjs.org/@types%2fbabel__template set size:undefined disposed:false
913 silly fetch manifest watchpack@^2.5.1
914 silly packumentCache full:https://registry.npmjs.org/watchpack cache-miss
915 http fetch GET 200 https://registry.npmjs.org/@types%2fbabel__generator 340ms (cache miss)
916 silly packumentCache full:https://registry.npmjs.org/@types%2fbabel__generator set size:undefined disposed:false
917 silly fetch manifest mime-types@^2.1.27
918 silly packumentCache full:https://registry.npmjs.org/mime-types cache-miss
919 http fetch GET 200 https://registry.npmjs.org/make-dir 274ms (cache miss)
920 silly packumentCache full:https://registry.npmjs.org/make-dir set size:undefined disposed:false
921 silly fetch manifest graceful-fs@^4.2.11
922 silly packumentCache full:https://registry.npmjs.org/graceful-fs cache-miss
923 http fetch GET 200 https://registry.npmjs.org/@babel%2fpreset-modules 524ms (cache miss)
924 silly packumentCache full:https://registry.npmjs.org/@babel%2fpreset-modules set size:undefined disposed:false
925 silly fetch manifest eslint-scope@5.1.1
926 silly packumentCache full:https://registry.npmjs.org/eslint-scope cache-miss
927 http fetch GET 200 https://registry.npmjs.org/@types%2fimagemin 326ms (cache miss)
928 silly packumentCache full:https://registry.npmjs.org/@types%2fimagemin set size:undefined disposed:false
929 silly fetch manifest schema-utils@^4.3.3
930 silly packumentCache full:https://registry.npmjs.org/schema-utils cache-miss
931 http fetch GET 200 https://registry.npmjs.org/@types%2fbabel__traverse 384ms (cache miss)
932 silly packumentCache full:https://registry.npmjs.org/@types%2fbabel__traverse set size:undefined disposed:false
933 silly fetch manifest @types/estree@^1.0.8
934 silly packumentCache full:https://registry.npmjs.org/@types%2festree cache-miss
935 http fetch GET 200 https://registry.npmjs.org/@types%2fimagemin 330ms (cache miss)
936 silly packumentCache full:https://registry.npmjs.org/@types%2fimagemin set size:undefined disposed:false
937 silly fetch manifest loader-runner@^4.3.1
938 silly packumentCache full:https://registry.npmjs.org/loader-runner cache-miss
939 http fetch GET 200 https://registry.npmjs.org/@types%2fimagemin 377ms (cache miss)
940 silly packumentCache full:https://registry.npmjs.org/@types%2fimagemin set size:undefined disposed:false
941 silly fetch manifest glob-to-regexp@^0.4.1
942 silly packumentCache full:https://registry.npmjs.org/glob-to-regexp cache-miss
943 http fetch GET 200 https://registry.npmjs.org/@types%2fimagemin 366ms (cache miss)
944 silly packumentCache full:https://registry.npmjs.org/@types%2fimagemin set size:undefined disposed:false
945 silly fetch manifest es-module-lexer@^2.0.0
946 silly packumentCache full:https://registry.npmjs.org/es-module-lexer cache-miss
947 http fetch GET 200 https://registry.npmjs.org/core-js-compat 516ms (cache miss)
948 silly packumentCache full:https://registry.npmjs.org/core-js-compat set size:undefined disposed:false
949 silly fetch manifest webpack-sources@^3.3.4
950 silly packumentCache full:https://registry.npmjs.org/webpack-sources cache-miss
951 http fetch GET 200 https://registry.npmjs.org/find-cache-dir 276ms (cache miss)
952 silly packumentCache full:https://registry.npmjs.org/find-cache-dir set size:undefined disposed:false
953 silly fetch manifest enhanced-resolve@^5.20.0
954 silly packumentCache full:https://registry.npmjs.org/enhanced-resolve cache-miss
955 http fetch GET 200 https://registry.npmjs.org/events 251ms (cache miss)
956 silly packumentCache full:https://registry.npmjs.org/events set size:undefined disposed:false
957 silly fetch manifest @types/json-schema@^7.0.15
958 silly packumentCache full:https://registry.npmjs.org/@types%2fjson-schema cache-miss
959 http fetch GET 200 https://registry.npmjs.org/@babel%2fplugin-transform-template-literals 760ms (cache miss)
960 silly packumentCache full:https://registry.npmjs.org/@babel%2fplugin-transform-template-literals set size:undefined disposed:false
961 silly fetch manifest @webassemblyjs/ast@^1.14.1
962 silly packumentCache full:https://registry.npmjs.org/@webassemblyjs%2fast cache-miss
963 http fetch GET 200 https://registry.npmjs.org/source-map 487ms (cache miss)
964 silly packumentCache full:https://registry.npmjs.org/source-map set size:undefined disposed:false
965 silly fetch manifest chrome-trace-event@^1.0.2
966 silly packumentCache full:https://registry.npmjs.org/chrome-trace-event cache-miss
967 http fetch GET 200 https://registry.npmjs.org/schema-utils 386ms (cache miss)
968 silly packumentCache full:https://registry.npmjs.org/schema-utils set size:undefined disposed:false
969 silly fetch manifest @types/eslint-scope@^3.7.7
970 silly packumentCache full:https://registry.npmjs.org/@types%2feslint-scope cache-miss
971 http fetch GET 200 https://registry.npmjs.org/tapable 318ms (cache miss)
972 silly packumentCache full:https://registry.npmjs.org/tapable set size:undefined disposed:false
973 silly fetch manifest acorn-import-phases@^1.0.3
974 silly packumentCache full:https://registry.npmjs.org/acorn-import-phases cache-miss
975 http fetch GET 200 https://registry.npmjs.org/neo-async 361ms (cache miss)
976 silly packumentCache full:https://registry.npmjs.org/neo-async set size:undefined disposed:false
977 silly fetch manifest terser-webpack-plugin@^5.3.17
978 silly packumentCache full:https://registry.npmjs.org/terser-webpack-plugin cache-miss
979 http fetch GET 200 https://registry.npmjs.org/@types%2festree 302ms (cache miss)
980 silly packumentCache full:https://registry.npmjs.org/@types%2festree set size:undefined disposed:false
981 silly fetch manifest @webassemblyjs/wasm-edit@^1.14.1
982 silly packumentCache full:https://registry.npmjs.org/@webassemblyjs%2fwasm-edit cache-miss
983 http fetch GET 200 https://registry.npmjs.org/loader-runner 283ms (cache miss)
984 silly packumentCache full:https://registry.npmjs.org/loader-runner set size:undefined disposed:false
985 silly fetch manifest @webassemblyjs/wasm-parser@^1.14.1
986 silly packumentCache full:https://registry.npmjs.org/@webassemblyjs%2fwasm-parser cache-miss
987 http fetch GET 200 https://registry.npmjs.org/watchpack 379ms (cache miss)
988 silly packumentCache full:https://registry.npmjs.org/watchpack set size:undefined disposed:false
989 silly fetch manifest json-parse-even-better-errors@^2.3.1
990 silly packumentCache full:https://registry.npmjs.org/json-parse-even-better-errors cache-miss
991 http fetch GET 200 https://registry.npmjs.org/glob-to-regexp 292ms (cache miss)
992 silly packumentCache full:https://registry.npmjs.org/glob-to-regexp set size:undefined disposed:false
993 silly fetch manifest ansi-styles@^4.1.0
994 silly packumentCache full:https://registry.npmjs.org/ansi-styles cache-miss
995 http fetch GET 200 https://registry.npmjs.org/graceful-fs 355ms (cache miss)
996 silly packumentCache full:https://registry.npmjs.org/graceful-fs set size:undefined disposed:false
997 silly fetch manifest supports-color@^7.1.0
998 silly packumentCache full:https://registry.npmjs.org/supports-color cache-miss
999 http fetch GET 200 https://registry.npmjs.org/eslint-scope 365ms (cache miss)
1000 silly packumentCache full:https://registry.npmjs.org/eslint-scope set size:undefined disposed:false
1001 silly fetch manifest braces@~3.0.2
1002 silly packumentCache full:https://registry.npmjs.org/braces cache-miss
1003 http fetch GET 200 https://registry.npmjs.org/mime-types 412ms (cache miss)
1004 silly packumentCache full:https://registry.npmjs.org/mime-types set size:undefined disposed:false
1005 silly fetch manifest is-glob@~4.0.1
1006 silly packumentCache full:https://registry.npmjs.org/is-glob cache-miss
1007 http fetch GET 200 https://registry.npmjs.org/schema-utils 400ms (cache miss)
1008 silly packumentCache full:https://registry.npmjs.org/schema-utils set size:undefined disposed:false
1009 silly fetch manifest anymatch@~3.1.2
1010 silly packumentCache full:https://registry.npmjs.org/anymatch cache-miss
1011 http fetch GET 200 https://registry.npmjs.org/@types%2fjson-schema 304ms (cache miss)
1012 silly packumentCache full:https://registry.npmjs.org/@types%2fjson-schema set size:undefined disposed:false
1013 silly fetch manifest readdirp@~3.6.0
1014 silly packumentCache full:https://registry.npmjs.org/readdirp cache-miss
1015 http fetch GET 200 https://registry.npmjs.org/@types%2feslint-scope 295ms (cache miss)
1016 silly packumentCache full:https://registry.npmjs.org/@types%2feslint-scope set size:undefined disposed:false
1017 silly fetch manifest glob-parent@~5.1.2
1018 silly packumentCache full:https://registry.npmjs.org/glob-parent cache-miss
1019 http fetch GET 200 https://registry.npmjs.org/chrome-trace-event 312ms (cache miss)
1020 silly packumentCache full:https://registry.npmjs.org/chrome-trace-event set size:undefined disposed:false
1021 silly fetch manifest is-binary-path@~2.1.0
1022 silly packumentCache full:https://registry.npmjs.org/is-binary-path cache-miss
1023 http fetch GET 200 https://registry.npmjs.org/acorn 630ms (cache miss)
1024 silly packumentCache full:https://registry.npmjs.org/acorn set size:undefined disposed:false
1025 silly fetch manifest normalize-path@~3.0.0
1026 silly packumentCache full:https://registry.npmjs.org/normalize-path cache-miss
1027 http fetch GET 200 https://registry.npmjs.org/@babel%2fplugin-transform-optional-chaining 1285ms (cache miss)
1028 silly packumentCache full:https://registry.npmjs.org/@babel%2fplugin-transform-optional-chaining set size:undefined disposed:false
1029 silly fetch manifest fsevents@~2.3.2
1030 silly packumentCache full:https://registry.npmjs.org/fsevents cache-miss
1031 http fetch GET 200 https://registry.npmjs.org/acorn-import-phases 302ms (cache miss)
1032 silly packumentCache full:https://registry.npmjs.org/acorn-import-phases set size:undefined disposed:false
1033 silly fetch manifest source-map@~0.6.0
1034 silly packumentCache full:https://registry.npmjs.org/source-map cache-miss
1035 http fetch GET 200 https://registry.npmjs.org/webpack-sources 455ms (cache miss)
1036 silly packumentCache full:https://registry.npmjs.org/webpack-sources set size:undefined disposed:false
1037 silly fetch manifest string-width@^4.2.0
1038 silly packumentCache full:https://registry.npmjs.org/string-width cache-miss
1039 http fetch GET 200 https://registry.npmjs.org/es-module-lexer 478ms (cache miss)
1040 silly packumentCache full:https://registry.npmjs.org/es-module-lexer set size:undefined disposed:false
1041 silly fetch manifest @colors/colors@1.5.0
1042 silly packumentCache full:https://registry.npmjs.org/@colors%2fcolors cache-miss
1043 http fetch GET 200 https://registry.npmjs.org/@types%2fsvgo 851ms (cache miss)
1044 silly packumentCache full:https://registry.npmjs.org/@types%2fsvgo set size:undefined disposed:false
1045 silly fetch manifest commander@^2.9.0
1046 silly packumentCache full:https://registry.npmjs.org/commander cache-miss
1047 http fetch GET 200 https://registry.npmjs.org/terser-webpack-plugin 285ms (cache hit)
1048 silly packumentCache full:https://registry.npmjs.org/terser-webpack-plugin set size:395747 disposed:false
1049 silly fetch manifest icss-utils@^5.1.0
1050 silly packumentCache full:https://registry.npmjs.org/icss-utils cache-miss
1051 http fetch GET 200 https://registry.npmjs.org/@webassemblyjs%2fast 461ms (cache miss)
1052 silly packumentCache full:https://registry.npmjs.org/@webassemblyjs%2fast set size:undefined disposed:false
1053 silly fetch manifest loader-utils@^2.0.0
1054 silly packumentCache full:https://registry.npmjs.org/loader-utils cache-miss
1055 http fetch GET 200 https://registry.npmjs.org/json-parse-even-better-errors 292ms (cache miss)
1056 silly packumentCache full:https://registry.npmjs.org/json-parse-even-better-errors set size:undefined disposed:false
1057 silly fetch manifest schema-utils@^3.0.0
1058 silly packumentCache full:https://registry.npmjs.org/schema-utils cache-miss
1059 http fetch GET 200 https://registry.npmjs.org/is-glob 235ms (cache hit)
1060 silly packumentCache full:https://registry.npmjs.org/is-glob set size:40530 disposed:false
1061 silly fetch manifest postcss-modules-scope@^3.0.0
1062 silly packumentCache full:https://registry.npmjs.org/postcss-modules-scope cache-miss
1063 http fetch GET 200 https://registry.npmjs.org/glob-parent 190ms (cache hit)
1064 silly packumentCache full:https://registry.npmjs.org/glob-parent set size:42445 disposed:false
1065 silly fetch manifest postcss-modules-values@^4.0.0
1066 silly packumentCache full:https://registry.npmjs.org/postcss-modules-values cache-miss
1067 http fetch GET 200 https://registry.npmjs.org/ansi-styles 316ms (cache miss)
1068 silly packumentCache full:https://registry.npmjs.org/ansi-styles set size:undefined disposed:false
1069 silly fetch manifest postcss-modules-extract-imports@^3.0.0
1070 silly packumentCache full:https://registry.npmjs.org/postcss-modules-extract-imports cache-miss
1071 http fetch GET 200 https://registry.npmjs.org/normalize-path 189ms (cache hit)
1072 silly packumentCache full:https://registry.npmjs.org/normalize-path set size:28713 disposed:false
1073 silly fetch manifest postcss-modules-local-by-default@^4.0.0
1074 silly packumentCache full:https://registry.npmjs.org/postcss-modules-local-by-default cache-miss
1075 http fetch GET 200 https://registry.npmjs.org/braces 317ms (cache miss)
1076 silly packumentCache full:https://registry.npmjs.org/braces set size:undefined disposed:false
1077 silly fetch manifest yaml@^1.10.2
1078 silly packumentCache full:https://registry.npmjs.org/yaml cache-miss
1079 http fetch GET 200 https://registry.npmjs.org/enhanced-resolve 583ms (cache miss)
1080 silly packumentCache full:https://registry.npmjs.org/enhanced-resolve set size:undefined disposed:false
1081 silly fetch manifest lilconfig@^2.0.3
1082 silly packumentCache full:https://registry.npmjs.org/lilconfig cache-miss
1083 http fetch GET 200 https://registry.npmjs.org/anymatch 304ms (cache miss)
1084 silly packumentCache full:https://registry.npmjs.org/anymatch set size:undefined disposed:false
1085 silly fetch manifest cssnano-preset-default@^5.2.14
1086 silly packumentCache full:https://registry.npmjs.org/cssnano-preset-default cache-miss
1087 http fetch GET 200 https://registry.npmjs.org/source-map 218ms (cache hit)
1088 silly packumentCache full:https://registry.npmjs.org/source-map set size:226141 disposed:false
1089 silly fetch manifest loader-utils@^2.0.0
1090 silly packumentCache full:https://registry.npmjs.org/loader-utils cache-miss
1091 http fetch GET 200 https://registry.npmjs.org/supports-color 402ms (cache miss)
1092 silly packumentCache full:https://registry.npmjs.org/supports-color set size:undefined disposed:false
1093 silly fetch manifest schema-utils@^3.0.0
1094 silly packumentCache full:https://registry.npmjs.org/schema-utils cache-miss
1095 http fetch GET 200 https://registry.npmjs.org/commander 222ms (cache hit)
1096 silly packumentCache full:https://registry.npmjs.org/commander set size:306325 disposed:false
1097 silly fetch manifest jsonfile@^6.0.1
1098 silly packumentCache full:https://registry.npmjs.org/jsonfile cache-miss
1099 http fetch GET 200 https://registry.npmjs.org/is-binary-path 327ms (cache miss)
1100 silly packumentCache full:https://registry.npmjs.org/is-binary-path set size:undefined disposed:false
1101 silly fetch manifest graceful-fs@^4.2.0
1102 silly packumentCache full:https://registry.npmjs.org/graceful-fs cache-miss
1103 http fetch GET 200 https://registry.npmjs.org/@webassemblyjs%2fwasm-parser 470ms (cache miss)
1104 silly packumentCache full:https://registry.npmjs.org/@webassemblyjs%2fwasm-parser set size:undefined disposed:false
1105 silly fetch manifest universalify@^2.0.0
1106 silly packumentCache full:https://registry.npmjs.org/universalify cache-miss
1107 http fetch GET 200 https://registry.npmjs.org/readdirp 389ms (cache miss)
1108 silly packumentCache full:https://registry.npmjs.org/readdirp set size:undefined disposed:false
1109 silly fetch manifest once@^1.3.0
1110 silly packumentCache full:https://registry.npmjs.org/once cache-miss
1111 http fetch GET 200 https://registry.npmjs.org/@colors%2fcolors 296ms (cache miss)
1112 silly packumentCache full:https://registry.npmjs.org/@colors%2fcolors set size:undefined disposed:false
1113 silly fetch manifest inflight@^1.0.4
1114 silly packumentCache full:https://registry.npmjs.org/inflight cache-miss
1115 http fetch GET 200 https://registry.npmjs.org/loader-utils 1080ms (cache miss)
1116 silly packumentCache full:https://registry.npmjs.org/loader-utils set size:undefined disposed:false
1117 silly fetch manifest inherits@2
1118 silly packumentCache full:https://registry.npmjs.org/inherits cache-miss
1119 http fetch GET 200 https://registry.npmjs.org/@webassemblyjs%2fwasm-edit 523ms (cache miss)
1120 silly packumentCache full:https://registry.npmjs.org/@webassemblyjs%2fwasm-edit set size:undefined disposed:false
1121 silly fetch manifest minimatch@^3.1.1
1122 silly packumentCache full:https://registry.npmjs.org/minimatch cache-miss
1123 http fetch GET 200 https://registry.npmjs.org/icss-utils 302ms (cache miss)
1124 silly packumentCache full:https://registry.npmjs.org/icss-utils set size:undefined disposed:false
1125 silly fetch manifest fs.realpath@^1.0.0
1126 silly packumentCache full:https://registry.npmjs.org/fs.realpath cache-miss
1127 http fetch GET 200 https://registry.npmjs.org/string-width 359ms (cache miss)
1128 silly packumentCache full:https://registry.npmjs.org/string-width set size:undefined disposed:false
1129 silly fetch manifest path-is-absolute@^1.0.0
1130 silly packumentCache full:https://registry.npmjs.org/path-is-absolute cache-miss
1131 http fetch GET 200 https://registry.npmjs.org/schema-utils 397ms (cache hit)
1132 silly packumentCache full:https://registry.npmjs.org/schema-utils set size:166563 disposed:false
1133 silly fetch manifest htmlparser2@^4.1.0
1134 silly packumentCache full:https://registry.npmjs.org/htmlparser2 cache-miss
1135 http fetch GET 200 https://registry.npmjs.org/fsevents 570ms (cache miss)
1136 silly packumentCache full:https://registry.npmjs.org/fsevents set size:undefined disposed:false
1137 silly fetch manifest loader-utils@^2.0.0
1138 silly packumentCache full:https://registry.npmjs.org/loader-utils cache-miss
1139 http fetch GET 200 https://registry.npmjs.org/postcss-modules-scope 447ms (cache miss)
1140 silly packumentCache full:https://registry.npmjs.org/postcss-modules-scope set size:undefined disposed:false
1141 silly fetch manifest html-minifier-terser@^5.1.1
1142 silly packumentCache full:https://registry.npmjs.org/html-minifier-terser cache-miss
1143 http fetch GET 200 https://registry.npmjs.org/lilconfig 399ms (cache hit)
1144 silly packumentCache full:https://registry.npmjs.org/lilconfig set size:45636 disposed:false
1145 silly fetch manifest junk@^3.1.0
1146 silly packumentCache full:https://registry.npmjs.org/junk cache-miss
1147 http fetch GET 200 https://registry.npmjs.org/postcss-modules-values 455ms (cache miss)
1148 silly packumentCache full:https://registry.npmjs.org/postcss-modules-values set size:undefined disposed:false
1149 silly fetch manifest globby@^10.0.0
1150 silly packumentCache full:https://registry.npmjs.org/globby cache-miss
1151 http fetch GET 200 https://registry.npmjs.org/postcss-modules-extract-imports 455ms (cache miss)
1152 silly packumentCache full:https://registry.npmjs.org/postcss-modules-extract-imports set size:undefined disposed:false
1153 silly fetch manifest p-pipe@^3.0.0
1154 silly packumentCache full:https://registry.npmjs.org/p-pipe cache-miss
1155 http fetch GET 200 https://registry.npmjs.org/loader-utils 525ms (cache miss)
1156 silly packumentCache full:https://registry.npmjs.org/loader-utils set size:undefined disposed:false
1157 silly fetch manifest make-dir@^3.0.0
1158 silly packumentCache full:https://registry.npmjs.org/make-dir cache-miss
1159 http fetch GET 200 https://registry.npmjs.org/schema-utils 371ms (cache hit)
1160 silly packumentCache full:https://registry.npmjs.org/schema-utils set size:166563 disposed:false
1161 silly packumentCache full:https://registry.npmjs.org/schema-utils dispose
1162 silly fetch manifest file-type@^12.0.0
1163 silly packumentCache full:https://registry.npmjs.org/file-type cache-miss
1164 http fetch GET 200 https://registry.npmjs.org/graceful-fs 357ms (cache hit)
1165 silly packumentCache full:https://registry.npmjs.org/graceful-fs set size:124285 disposed:false
1166 silly fetch manifest graceful-fs@^4.2.2
1167 silly packumentCache full:https://registry.npmjs.org/graceful-fs cache-hit
1168 silly fetch manifest replace-ext@^1.0.0
1169 silly packumentCache full:https://registry.npmjs.org/replace-ext cache-miss
1170 http fetch GET 200 https://registry.npmjs.org/inherits 325ms (cache miss)
1171 silly packumentCache full:https://registry.npmjs.org/inherits set size:undefined disposed:false
1172 silly fetch manifest loader-utils@^1.1.0
1173 silly packumentCache full:https://registry.npmjs.org/loader-utils cache-miss
1174 http fetch GET 200 https://registry.npmjs.org/once 352ms (cache miss)
1175 silly packumentCache full:https://registry.npmjs.org/once set size:undefined disposed:false
1176 silly fetch manifest crypt@0.0.2
1177 silly packumentCache full:https://registry.npmjs.org/crypt cache-miss
1178 http fetch GET 200 https://registry.npmjs.org/fs.realpath 318ms (cache miss)
1179 silly packumentCache full:https://registry.npmjs.org/fs.realpath set size:undefined disposed:false
1180 silly fetch manifest charenc@0.0.2
1181 silly packumentCache full:https://registry.npmjs.org/charenc cache-miss
1182 http fetch GET 200 https://registry.npmjs.org/universalify 396ms (cache miss)
1183 silly packumentCache full:https://registry.npmjs.org/universalify set size:undefined disposed:false
1184 silly fetch manifest is-buffer@~1.1.6
1185 silly packumentCache full:https://registry.npmjs.org/is-buffer cache-miss
1186 http fetch GET 200 https://registry.npmjs.org/inflight 372ms (cache miss)
1187 silly packumentCache full:https://registry.npmjs.org/inflight set size:undefined disposed:false
1188 silly fetch manifest webpack-sources@^1.1.0
1189 silly packumentCache full:https://registry.npmjs.org/webpack-sources cache-miss
1190 http fetch GET 200 https://registry.npmjs.org/jsonfile 429ms (cache miss)
1191 silly packumentCache full:https://registry.npmjs.org/jsonfile set size:undefined disposed:false
1192 silly fetch manifest assert@^1.1.1
1193 silly packumentCache full:https://registry.npmjs.org/assert cache-miss
1194 http fetch GET 200 https://registry.npmjs.org/loader-utils 479ms (cache miss)
1195 silly packumentCache full:https://registry.npmjs.org/loader-utils set size:undefined disposed:false
1196 silly fetch manifest browserify-zlib@^0.2.0
1197 silly packumentCache full:https://registry.npmjs.org/browserify-zlib cache-miss
1198 http fetch GET 200 https://registry.npmjs.org/postcss-modules-local-by-default 581ms (cache miss)
1199 silly packumentCache full:https://registry.npmjs.org/postcss-modules-local-by-default set size:undefined disposed:false
1200 silly fetch manifest buffer@^4.3.0
1201 silly packumentCache full:https://registry.npmjs.org/buffer cache-miss
1202 http fetch GET 200 https://registry.npmjs.org/path-is-absolute 365ms (cache miss)
1203 silly packumentCache full:https://registry.npmjs.org/path-is-absolute set size:undefined disposed:false
1204 silly fetch manifest console-browserify@^1.1.0
1205 silly packumentCache full:https://registry.npmjs.org/console-browserify cache-miss
1206 http fetch GET 200 https://registry.npmjs.org/loader-utils 218ms (cache hit)
1207 silly packumentCache full:https://registry.npmjs.org/loader-utils set size:168663 disposed:false
1208 silly fetch manifest constants-browserify@^1.0.0
1209 silly packumentCache full:https://registry.npmjs.org/constants-browserify cache-miss
1210 http fetch GET 200 https://registry.npmjs.org/yaml 620ms (cache miss)
1211 silly packumentCache full:https://registry.npmjs.org/yaml set size:undefined disposed:false
1212 silly fetch manifest crypto-browserify@^3.11.0
1213 silly packumentCache full:https://registry.npmjs.org/crypto-browserify cache-miss
1214 http fetch GET 200 https://registry.npmjs.org/junk 222ms (cache miss)
1215 silly packumentCache full:https://registry.npmjs.org/junk set size:undefined disposed:false
1216 silly fetch manifest domain-browser@^1.1.1
1217 silly packumentCache full:https://registry.npmjs.org/domain-browser cache-miss
1218 http fetch GET 200 https://registry.npmjs.org/cssnano-preset-default 612ms (cache miss)
1219 silly packumentCache full:https://registry.npmjs.org/cssnano-preset-default set size:undefined disposed:false
1220 silly fetch manifest events@^3.0.0
1221 silly packumentCache full:https://registry.npmjs.org/events cache-miss
1222 http fetch GET 200 https://registry.npmjs.org/make-dir 213ms (cache hit)
1223 silly packumentCache full:https://registry.npmjs.org/make-dir set size:34889 disposed:false
1224 silly fetch manifest https-browserify@^1.0.0
1225 silly packumentCache full:https://registry.npmjs.org/https-browserify cache-miss
1226 http fetch GET 200 https://registry.npmjs.org/loader-utils 187ms (cache hit)
1227 silly packumentCache full:https://registry.npmjs.org/loader-utils set size:168663 disposed:false
1228 silly packumentCache full:https://registry.npmjs.org/loader-utils dispose
1229 silly fetch manifest os-browserify@^0.3.0
1230 silly packumentCache full:https://registry.npmjs.org/os-browserify cache-miss
1231 http fetch GET 200 https://registry.npmjs.org/htmlparser2 333ms (cache miss)
1232 silly packumentCache full:https://registry.npmjs.org/htmlparser2 set size:undefined disposed:false
1233 silly fetch manifest path-browserify@0.0.1
1234 silly packumentCache full:https://registry.npmjs.org/path-browserify cache-miss
1235 http fetch GET 200 https://registry.npmjs.org/html-minifier-terser 296ms (cache miss)
1236 silly packumentCache full:https://registry.npmjs.org/html-minifier-terser set size:undefined disposed:false
1237 silly fetch manifest process@^0.11.10
1238 silly packumentCache full:https://registry.npmjs.org/process cache-miss
1239 http fetch GET 200 https://registry.npmjs.org/replace-ext 242ms (cache miss)
1240 silly packumentCache full:https://registry.npmjs.org/replace-ext set size:undefined disposed:false
1241 silly fetch manifest punycode@^1.2.4
1242 silly packumentCache full:https://registry.npmjs.org/punycode cache-miss
1243 http fetch GET 200 https://registry.npmjs.org/webpack-sources 201ms (cache hit)
1244 silly packumentCache full:https://registry.npmjs.org/webpack-sources set size:169105 disposed:false
1245 silly fetch manifest querystring-es3@^0.2.0
1246 silly packumentCache full:https://registry.npmjs.org/querystring-es3 cache-miss
1247 http fetch GET 200 https://registry.npmjs.org/minimatch 574ms (cache miss)
1248 silly packumentCache full:https://registry.npmjs.org/minimatch set size:undefined disposed:false
1249 silly fetch manifest readable-stream@^2.3.3
1250 silly packumentCache full:https://registry.npmjs.org/readable-stream cache-miss
1251 http fetch GET 200 https://registry.npmjs.org/charenc 245ms (cache miss)
1252 silly packumentCache full:https://registry.npmjs.org/charenc set size:undefined disposed:false
1253 silly fetch manifest stream-browserify@^2.0.1
1254 silly packumentCache full:https://registry.npmjs.org/stream-browserify cache-miss
1255 http fetch GET 200 https://registry.npmjs.org/crypt 273ms (cache miss)
1256 silly packumentCache full:https://registry.npmjs.org/crypt set size:undefined disposed:false
1257 silly fetch manifest stream-http@^2.7.2
1258 silly packumentCache full:https://registry.npmjs.org/stream-http cache-miss
1259 http fetch GET 200 https://registry.npmjs.org/globby 351ms (cache miss)
1260 silly packumentCache full:https://registry.npmjs.org/globby set size:undefined disposed:false
1261 silly fetch manifest string_decoder@^1.0.0
1262 silly packumentCache full:https://registry.npmjs.org/string_decoder cache-miss
1263 http fetch GET 200 https://registry.npmjs.org/is-buffer 279ms (cache miss)
1264 silly packumentCache full:https://registry.npmjs.org/is-buffer set size:undefined disposed:false
1265 silly fetch manifest timers-browserify@^2.0.4
1266 silly packumentCache full:https://registry.npmjs.org/timers-browserify cache-miss
1267 http fetch GET 200 https://registry.npmjs.org/assert 281ms (cache miss)
1268 silly packumentCache full:https://registry.npmjs.org/assert set size:undefined disposed:false
1269 silly fetch manifest tty-browserify@0.0.0
1270 silly packumentCache full:https://registry.npmjs.org/tty-browserify cache-miss
1271 http fetch GET 200 https://registry.npmjs.org/browserify-zlib 272ms (cache miss)
1272 silly packumentCache full:https://registry.npmjs.org/browserify-zlib set size:undefined disposed:false
1273 silly fetch manifest url@^0.11.0
1274 silly packumentCache full:https://registry.npmjs.org/url cache-miss
1275 http fetch GET 200 https://registry.npmjs.org/events 183ms (cache hit)
1276 silly packumentCache full:https://registry.npmjs.org/events set size:35240 disposed:false
1277 silly fetch manifest util@^0.11.0
1278 silly packumentCache full:https://registry.npmjs.org/util cache-miss
1279 http fetch GET 200 https://registry.npmjs.org/path-browserify 165ms (cache miss)
1280 silly packumentCache full:https://registry.npmjs.org/path-browserify set size:undefined disposed:false
1281 silly fetch manifest vm-browserify@^1.0.1
1282 silly packumentCache full:https://registry.npmjs.org/vm-browserify cache-miss
1283 http fetch GET 200 https://registry.npmjs.org/process 151ms (cache miss)
1284 silly packumentCache full:https://registry.npmjs.org/process set size:undefined disposed:false
1285 silly fetch manifest lilconfig@^2.0.5
1286 silly packumentCache full:https://registry.npmjs.org/lilconfig cache-hit
1287 silly fetch manifest klona@^2.0.5
1288 silly packumentCache full:https://registry.npmjs.org/klona cache-miss
1289 http fetch GET 200 https://registry.npmjs.org/p-pipe 441ms (cache miss)
1290 silly packumentCache full:https://registry.npmjs.org/p-pipe set size:undefined disposed:false
1291 silly fetch manifest cosmiconfig@^7.0.0
1292 silly packumentCache full:https://registry.npmjs.org/cosmiconfig cache-miss
1293 http fetch GET 200 https://registry.npmjs.org/punycode 183ms (cache miss)
1294 silly packumentCache full:https://registry.npmjs.org/punycode set size:undefined disposed:false
1295 silly fetch manifest ansi-regex@^5.0.1
1296 silly packumentCache full:https://registry.npmjs.org/ansi-regex cache-miss
1297 http fetch GET 200 https://registry.npmjs.org/buffer 339ms (cache miss)
1298 silly packumentCache full:https://registry.npmjs.org/buffer set size:undefined disposed:false
1299 silly fetch manifest @jridgewell/source-map@^0.3.3
1300 silly packumentCache full:https://registry.npmjs.org/@jridgewell%2fsource-map cache-miss
1301 http fetch GET 200 https://registry.npmjs.org/stream-browserify 161ms (cache miss)
1302 silly packumentCache full:https://registry.npmjs.org/stream-browserify set size:undefined disposed:false
1303 silly fetch manifest acorn@^8.15.0
1304 silly packumentCache full:https://registry.npmjs.org/acorn cache-miss
1305 http fetch GET 200 https://registry.npmjs.org/console-browserify 363ms (cache miss)
1306 silly packumentCache full:https://registry.npmjs.org/console-browserify set size:undefined disposed:false
1307 silly fetch manifest commander@^2.20.0
1308 silly packumentCache full:https://registry.npmjs.org/commander cache-hit
1309 silly fetch manifest source-map-support@~0.5.20
1310 silly packumentCache full:https://registry.npmjs.org/source-map-support cache-miss
1311 http fetch GET 200 https://registry.npmjs.org/file-type 498ms (cache miss)
1312 silly packumentCache full:https://registry.npmjs.org/file-type set size:undefined disposed:false
1313 silly fetch manifest jest-worker@^27.4.5
1314 silly packumentCache full:https://registry.npmjs.org/jest-worker cache-miss
1315 http fetch GET 200 https://registry.npmjs.org/string_decoder 193ms (cache miss)
1316 silly packumentCache full:https://registry.npmjs.org/string_decoder set size:undefined disposed:false
1317 silly fetch manifest schema-utils@^4.3.0
1318 silly packumentCache full:https://registry.npmjs.org/schema-utils cache-hit
1319 silly fetch manifest @jridgewell/trace-mapping@^0.3.25
1320 silly packumentCache full:https://registry.npmjs.org/@jridgewell%2ftrace-mapping cache-miss
1321 http fetch GET 200 https://registry.npmjs.org/tty-browserify 201ms (cache miss)
1322 silly packumentCache full:https://registry.npmjs.org/tty-browserify set size:undefined disposed:false
1323 silly fetch manifest hash-sum@^1.0.2
1324 silly packumentCache full:https://registry.npmjs.org/hash-sum cache-miss
1325 http fetch GET 200 https://registry.npmjs.org/url 216ms (cache miss)
1326 silly packumentCache full:https://registry.npmjs.org/url set size:undefined disposed:false
1327 silly fetch manifest loader-utils@^1.0.2
1328 silly packumentCache full:https://registry.npmjs.org/loader-utils cache-hit
1329 silly fetch manifest rechoir@^0.7.0
1330 silly packumentCache full:https://registry.npmjs.org/rechoir cache-miss
1331 http fetch GET 200 https://registry.npmjs.org/constants-browserify 437ms (cache miss)
1332 silly packumentCache full:https://registry.npmjs.org/constants-browserify set size:undefined disposed:false
1333 silly fetch manifest colorette@^2.0.14
1334 silly packumentCache full:https://registry.npmjs.org/colorette cache-miss
1335 http fetch GET 200 https://registry.npmjs.org/readable-stream 312ms (cache miss)
1336 silly packumentCache full:https://registry.npmjs.org/readable-stream set size:undefined disposed:false
1337 silly fetch manifest interpret@^2.2.0
1338 silly packumentCache full:https://registry.npmjs.org/interpret cache-miss
1339 http fetch GET 200 https://registry.npmjs.org/util 233ms (cache miss)
1340 silly packumentCache full:https://registry.npmjs.org/util set size:undefined disposed:false
1341 silly fetch manifest cross-spawn@^7.0.3
1342 silly packumentCache full:https://registry.npmjs.org/cross-spawn cache-miss
1343 http fetch GET 200 https://registry.npmjs.org/klona 221ms (cache miss)
1344 silly packumentCache full:https://registry.npmjs.org/klona set size:undefined disposed:false
1345 silly fetch manifest import-local@^3.0.2
1346 silly packumentCache full:https://registry.npmjs.org/import-local cache-miss
1347 http fetch GET 200 https://registry.npmjs.org/acorn 206ms (cache hit)
1348 silly packumentCache full:https://registry.npmjs.org/acorn set size:379626 disposed:false
1349 silly fetch manifest webpack-merge@^5.7.3
1350 silly packumentCache full:https://registry.npmjs.org/webpack-merge cache-miss
1351 http fetch GET 200 https://registry.npmjs.org/https-browserify 487ms (cache miss)
1352 silly packumentCache full:https://registry.npmjs.org/https-browserify set size:undefined disposed:false
1353 silly fetch manifest @webpack-cli/info@^1.5.0
1354 silly packumentCache full:https://registry.npmjs.org/@webpack-cli%2finfo cache-miss
1355 http fetch GET 200 https://registry.npmjs.org/@jridgewell%2fsource-map 240ms (cache miss)
1356 silly packumentCache full:https://registry.npmjs.org/@jridgewell%2fsource-map set size:undefined disposed:false
1357 silly fetch manifest @webpack-cli/serve@^1.7.0
1358 silly packumentCache full:https://registry.npmjs.org/@webpack-cli%2fserve cache-miss
1359 http fetch GET 200 https://registry.npmjs.org/ansi-regex 256ms (cache miss)
1360 silly packumentCache full:https://registry.npmjs.org/ansi-regex set size:undefined disposed:false
1361 silly fetch manifest fastest-levenshtein@^1.0.12
1362 silly packumentCache full:https://registry.npmjs.org/fastest-levenshtein cache-miss
1363 http fetch GET 200 https://registry.npmjs.org/querystring-es3 448ms (cache miss)
1364 silly packumentCache full:https://registry.npmjs.org/querystring-es3 set size:undefined disposed:false
1365 silly fetch manifest @discoveryjs/json-ext@^0.5.0
1366 silly packumentCache full:https://registry.npmjs.org/@discoveryjs%2fjson-ext cache-miss
1367 http fetch GET 200 https://registry.npmjs.org/crypto-browserify 550ms (cache miss)
1368 silly packumentCache full:https://registry.npmjs.org/crypto-browserify set size:undefined disposed:false
1369 silly fetch manifest @webpack-cli/configtest@^1.2.0
1370 silly packumentCache full:https://registry.npmjs.org/@webpack-cli%2fconfigtest cache-miss
1371 http fetch GET 200 https://registry.npmjs.org/source-map-support 264ms (cache miss)
1372 silly packumentCache full:https://registry.npmjs.org/source-map-support set size:undefined disposed:false
1373 silly fetch manifest ws@^8.13.0
1374 silly packumentCache full:https://registry.npmjs.org/ws cache-miss
1375 http fetch GET 200 https://registry.npmjs.org/stream-http 447ms (cache miss)
1376 silly packumentCache full:https://registry.npmjs.org/stream-http set size:undefined disposed:false
1377 silly fetch manifest open@^8.0.9
1378 silly packumentCache full:https://registry.npmjs.org/open cache-miss
1379 http fetch GET 200 https://registry.npmjs.org/rechoir 193ms (cache miss)
1380 silly packumentCache full:https://registry.npmjs.org/rechoir set size:undefined disposed:false
1381 silly fetch manifest spdy@^4.0.2
1382 silly packumentCache full:https://registry.npmjs.org/spdy cache-miss
1383 http fetch GET 200 https://registry.npmjs.org/cosmiconfig 367ms (cache miss)
1384 silly packumentCache full:https://registry.npmjs.org/cosmiconfig set size:undefined disposed:false
1385 silly fetch manifest rimraf@^3.0.2
1386 silly packumentCache full:https://registry.npmjs.org/rimraf cache-miss
1387 http fetch GET 200 https://registry.npmjs.org/timers-browserify 460ms (cache miss)
1388 silly packumentCache full:https://registry.npmjs.org/timers-browserify set size:undefined disposed:false
1389 silly fetch manifest sockjs@^0.3.24
1390 silly packumentCache full:https://registry.npmjs.org/sockjs cache-miss
1391 http fetch GET 200 https://registry.npmjs.org/vm-browserify 431ms (cache miss)
1392 silly packumentCache full:https://registry.npmjs.org/vm-browserify set size:undefined disposed:false
1393 silly fetch manifest express@^4.17.3
1394 silly packumentCache full:https://registry.npmjs.org/express cache-miss
1395 http fetch GET 200 https://registry.npmjs.org/import-local 228ms (cache miss)
1396 silly packumentCache full:https://registry.npmjs.org/import-local set size:undefined disposed:false
1397 silly fetch manifest p-retry@^4.5.0
1398 silly packumentCache full:https://registry.npmjs.org/p-retry cache-miss
1399 http fetch GET 200 https://registry.npmjs.org/@jridgewell%2ftrace-mapping 347ms (cache miss)
1400 silly packumentCache full:https://registry.npmjs.org/@jridgewell%2ftrace-mapping set size:undefined disposed:false
1401 silly fetch manifest @types/ws@^8.5.5
1402 silly packumentCache full:https://registry.npmjs.org/@types%2fws cache-miss
1403 http fetch GET 200 https://registry.npmjs.org/webpack-merge 203ms (cache hit)
1404 silly packumentCache full:https://registry.npmjs.org/webpack-merge set size:237952 disposed:false
1405 silly fetch manifest colorette@^2.0.10
1406 silly packumentCache full:https://registry.npmjs.org/colorette cache-miss
1407 http fetch GET 200 https://registry.npmjs.org/interpret 279ms (cache miss)
1408 silly packumentCache full:https://registry.npmjs.org/interpret set size:undefined disposed:false
1409 silly fetch manifest ipaddr.js@^2.0.1
1410 silly packumentCache full:https://registry.npmjs.org/ipaddr.js cache-miss
1411 http fetch GET 200 https://registry.npmjs.org/cross-spawn 299ms (cache miss)
1412 silly packumentCache full:https://registry.npmjs.org/cross-spawn set size:undefined disposed:false
1413 silly fetch manifest selfsigned@^2.1.1
1414 silly packumentCache full:https://registry.npmjs.org/selfsigned cache-miss
1415 http fetch GET 200 https://registry.npmjs.org/hash-sum 444ms (cache miss)
1416 silly packumentCache full:https://registry.npmjs.org/hash-sum set size:undefined disposed:false
1417 silly fetch manifest compression@^1.7.4
1418 silly packumentCache full:https://registry.npmjs.org/compression cache-miss
1419 http fetch GET 200 https://registry.npmjs.org/jest-worker 500ms (cache miss)
1420 silly packumentCache full:https://registry.npmjs.org/jest-worker set size:undefined disposed:false
1421 silly fetch manifest graceful-fs@^4.2.6
1422 silly packumentCache full:https://registry.npmjs.org/graceful-fs cache-hit
1423 silly fetch manifest serve-index@^1.9.1
1424 silly packumentCache full:https://registry.npmjs.org/serve-index cache-miss
1425 http fetch GET 200 https://registry.npmjs.org/os-browserify 809ms (cache miss)
1426 silly packumentCache full:https://registry.npmjs.org/os-browserify set size:undefined disposed:false
1427 silly fetch manifest schema-utils@^4.0.0
1428 silly packumentCache full:https://registry.npmjs.org/schema-utils cache-hit
1429 silly fetch manifest @types/sockjs@^0.3.33
1430 silly packumentCache full:https://registry.npmjs.org/@types%2fsockjs cache-miss
1431 http fetch GET 200 https://registry.npmjs.org/open 279ms (cache miss)
1432 silly packumentCache full:https://registry.npmjs.org/open set size:undefined disposed:false
1433 silly fetch manifest html-entities@^2.3.2
1434 silly packumentCache full:https://registry.npmjs.org/html-entities cache-miss
1435 http fetch GET 200 https://registry.npmjs.org/sockjs 247ms (cache miss)
1436 silly packumentCache full:https://registry.npmjs.org/sockjs set size:undefined disposed:false
1437 silly fetch manifest launch-editor@^2.6.0
1438 silly packumentCache full:https://registry.npmjs.org/launch-editor cache-miss
1439 http fetch GET 200 https://registry.npmjs.org/colorette 482ms (cache miss)
1440 silly packumentCache full:https://registry.npmjs.org/colorette set size:undefined disposed:false
1441 silly fetch manifest @types/bonjour@^3.5.9
1442 silly packumentCache full:https://registry.npmjs.org/@types%2fbonjour cache-miss
1443 http fetch GET 200 https://registry.npmjs.org/p-retry 217ms (cache miss)
1444 silly packumentCache full:https://registry.npmjs.org/p-retry set size:undefined disposed:false
1445 silly fetch manifest @types/express@^4.17.13
1446 silly packumentCache full:https://registry.npmjs.org/@types%2fexpress cache-miss
1447 http fetch GET 200 https://registry.npmjs.org/colorette 211ms (cache miss)
1448 silly packumentCache full:https://registry.npmjs.org/colorette set size:undefined disposed:false
1449 silly fetch manifest bonjour-service@^1.0.11
1450 silly packumentCache full:https://registry.npmjs.org/bonjour-service cache-miss
1451 http fetch GET 200 https://registry.npmjs.org/rimraf 317ms (cache miss)
1452 silly packumentCache full:https://registry.npmjs.org/rimraf set size:undefined disposed:false
1453 silly fetch manifest default-gateway@^6.0.3
1454 silly packumentCache full:https://registry.npmjs.org/default-gateway cache-miss
1455 http fetch GET 200 https://registry.npmjs.org/ipaddr.js 231ms (cache miss)
1456 silly packumentCache full:https://registry.npmjs.org/ipaddr.js set size:undefined disposed:false
1457 silly fetch manifest @types/serve-index@^1.9.1
1458 silly packumentCache full:https://registry.npmjs.org/@types%2fserve-index cache-miss
1459 http fetch GET 200 https://registry.npmjs.org/@webpack-cli%2fconfigtest 426ms (cache miss)
1460 silly packumentCache full:https://registry.npmjs.org/@webpack-cli%2fconfigtest set size:undefined disposed:false
1461 silly fetch manifest @types/serve-static@^1.13.10
1462 silly packumentCache full:https://registry.npmjs.org/@types%2fserve-static cache-miss
1463 http fetch GET 200 https://registry.npmjs.org/selfsigned 243ms (cache miss)
1464 silly packumentCache full:https://registry.npmjs.org/selfsigned set size:undefined disposed:false
1465 silly fetch manifest ansi-html-community@^0.0.8
1466 silly packumentCache full:https://registry.npmjs.org/ansi-html-community cache-miss
1467 http fetch GET 200 https://registry.npmjs.org/domain-browser 1002ms (cache miss)
1468 silly packumentCache full:https://registry.npmjs.org/domain-browser set size:undefined disposed:false
1469 silly fetch manifest http-proxy-middleware@^2.0.3
1470 silly packumentCache full:https://registry.npmjs.org/http-proxy-middleware cache-miss
1471 http fetch GET 200 https://registry.npmjs.org/@types%2fws 336ms (cache miss)
1472 silly packumentCache full:https://registry.npmjs.org/@types%2fws set size:undefined disposed:false
1473 silly fetch manifest webpack-dev-middleware@^5.3.4
1474 silly packumentCache full:https://registry.npmjs.org/webpack-dev-middleware cache-miss
1475 http fetch GET 200 https://registry.npmjs.org/spdy 448ms (cache miss)
1476 silly packumentCache full:https://registry.npmjs.org/spdy set size:undefined disposed:false
1477 silly fetch manifest connect-history-api-fallback@^2.0.0
1478 silly packumentCache full:https://registry.npmjs.org/connect-history-api-fallback cache-miss
1479 http fetch GET 200 https://registry.npmjs.org/ws 497ms (cache miss)
1480 silly packumentCache full:https://registry.npmjs.org/ws set size:undefined disposed:false
1481 silly fetch manifest @types/connect-history-api-fallback@^1.3.5
1482 silly packumentCache full:https://registry.npmjs.org/@types%2fconnect-history-api-fallback cache-miss
1483 http fetch GET 200 https://registry.npmjs.org/@discoveryjs%2fjson-ext 576ms (cache miss)
1484 silly packumentCache full:https://registry.npmjs.org/@discoveryjs%2fjson-ext set size:undefined disposed:false
1485 silly fetch manifest flat@^5.0.2
1486 silly packumentCache full:https://registry.npmjs.org/flat cache-miss
1487 http fetch GET 200 https://registry.npmjs.org/@types%2fsockjs 276ms (cache miss)
1488 silly packumentCache full:https://registry.npmjs.org/@types%2fsockjs set size:undefined disposed:false
1489 silly fetch manifest wildcard@^2.0.0
1490 silly packumentCache full:https://registry.npmjs.org/wildcard cache-miss
1491 http fetch GET 200 https://registry.npmjs.org/serve-index 294ms (cache miss)
1492 silly packumentCache full:https://registry.npmjs.org/serve-index set size:undefined disposed:false
1493 silly fetch manifest clone-deep@^4.0.1
1494 silly packumentCache full:https://registry.npmjs.org/clone-deep cache-miss
1495 http fetch GET 200 https://registry.npmjs.org/compression 318ms (cache miss)
1496 silly packumentCache full:https://registry.npmjs.org/compression set size:undefined disposed:false
1497 silly fetch manifest node-notifier@^9.0.0
1498 silly packumentCache full:https://registry.npmjs.org/node-notifier cache-miss
1499 http fetch GET 200 https://registry.npmjs.org/@types%2fbonjour 270ms (cache miss)
1500 silly packumentCache full:https://registry.npmjs.org/@types%2fbonjour set size:undefined disposed:false
1501 silly fetch manifest consola@^2.15.3
1502 silly packumentCache full:https://registry.npmjs.org/consola cache-miss
1503 http fetch GET 200 https://registry.npmjs.org/html-entities 311ms (cache miss)
1504 silly packumentCache full:https://registry.npmjs.org/html-entities set size:undefined disposed:false
1505 silly fetch manifest std-env@^3.0.1
1506 silly packumentCache full:https://registry.npmjs.org/std-env cache-miss
1507 http fetch GET 200 https://registry.npmjs.org/launch-editor 309ms (cache miss)
1508 silly packumentCache full:https://registry.npmjs.org/launch-editor set size:undefined disposed:false
1509 silly fetch manifest pretty-time@^1.1.0
1510 silly packumentCache full:https://registry.npmjs.org/pretty-time cache-miss
1511 http fetch GET 200 https://registry.npmjs.org/ansi-html-community 194ms (cache miss)
1512 silly packumentCache full:https://registry.npmjs.org/ansi-html-community set size:undefined disposed:false
1513 silly fetch manifest y18n@^5.0.5
1514 silly packumentCache full:https://registry.npmjs.org/y18n cache-miss
1515 http fetch GET 200 https://registry.npmjs.org/bonjour-service 301ms (cache miss)
1516 silly packumentCache full:https://registry.npmjs.org/bonjour-service set size:undefined disposed:false
1517 silly fetch manifest cliui@^8.0.1
1518 silly packumentCache full:https://registry.npmjs.org/cliui cache-miss
1519 http fetch GET 200 https://registry.npmjs.org/@types%2fserve-index 269ms (cache miss)
1520 silly packumentCache full:https://registry.npmjs.org/@types%2fserve-index set size:undefined disposed:false
1521 silly fetch manifest escalade@^3.1.1
1522 silly packumentCache full:https://registry.npmjs.org/escalade cache-miss
1523 http fetch GET 200 https://registry.npmjs.org/@types%2fexpress 332ms (cache miss)
1524 silly packumentCache full:https://registry.npmjs.org/@types%2fexpress set size:undefined disposed:false
1525 silly fetch manifest string-width@^4.2.3
1526 silly packumentCache full:https://registry.npmjs.org/string-width cache-miss
1527 http fetch GET 200 https://registry.npmjs.org/default-gateway 298ms (cache miss)
1528 silly packumentCache full:https://registry.npmjs.org/default-gateway set size:undefined disposed:false
1529 silly fetch manifest yargs-parser@^21.1.1
1530 silly packumentCache full:https://registry.npmjs.org/yargs-parser cache-miss
1531 http fetch GET 200 https://registry.npmjs.org/@types%2fserve-static 284ms (cache miss)
1532 silly packumentCache full:https://registry.npmjs.org/@types%2fserve-static set size:undefined disposed:false
1533 silly fetch manifest get-caller-file@^2.0.5
1534 silly packumentCache full:https://registry.npmjs.org/get-caller-file cache-miss
1535 http fetch GET 200 https://registry.npmjs.org/connect-history-api-fallback 229ms (cache miss)
1536 silly packumentCache full:https://registry.npmjs.org/connect-history-api-fallback set size:undefined disposed:false
1537 silly fetch manifest require-directory@^2.1.1
1538 silly packumentCache full:https://registry.npmjs.org/require-directory cache-miss
1539 http fetch GET 200 https://registry.npmjs.org/@types%2fconnect-history-api-fallback 216ms (cache miss)
1540 silly packumentCache full:https://registry.npmjs.org/@types%2fconnect-history-api-fallback set size:undefined disposed:false
1541 http fetch GET 200 https://registry.npmjs.org/flat 215ms (cache miss)
1542 silly packumentCache full:https://registry.npmjs.org/flat set size:undefined disposed:false
1543 http fetch GET 200 https://registry.npmjs.org/express 694ms (cache miss)
1544 silly packumentCache full:https://registry.npmjs.org/express set size:undefined disposed:false
1545 http fetch GET 200 https://registry.npmjs.org/wildcard 238ms (cache miss)
1546 silly packumentCache full:https://registry.npmjs.org/wildcard set size:undefined disposed:false
1547 http fetch GET 200 https://registry.npmjs.org/clone-deep 235ms (cache miss)
1548 silly packumentCache full:https://registry.npmjs.org/clone-deep set size:undefined disposed:false
1549 http fetch GET 200 https://registry.npmjs.org/escalade 160ms (cache hit)
1550 silly packumentCache full:https://registry.npmjs.org/escalade set size:33724 disposed:false
1551 http fetch GET 200 https://registry.npmjs.org/string-width 152ms (cache hit)
1552 silly packumentCache full:https://registry.npmjs.org/string-width set size:68305 disposed:false
1553 http fetch GET 200 https://registry.npmjs.org/http-proxy-middleware 373ms (cache miss)
1554 silly packumentCache full:https://registry.npmjs.org/http-proxy-middleware set size:undefined disposed:false
1555 http fetch GET 200 https://registry.npmjs.org/std-env 224ms (cache miss)
1556 silly packumentCache full:https://registry.npmjs.org/std-env set size:undefined disposed:false
1557 http fetch GET 200 https://registry.npmjs.org/y18n 220ms (cache miss)
1558 silly packumentCache full:https://registry.npmjs.org/y18n set size:undefined disposed:false
1559 http fetch GET 200 https://registry.npmjs.org/pretty-time 230ms (cache miss)
1560 silly packumentCache full:https://registry.npmjs.org/pretty-time set size:undefined disposed:false
1561 http fetch GET 200 https://registry.npmjs.org/cliui 199ms (cache miss)
1562 silly packumentCache full:https://registry.npmjs.org/cliui set size:undefined disposed:false
1563 http fetch GET 200 https://registry.npmjs.org/node-notifier 282ms (cache miss)
1564 silly packumentCache full:https://registry.npmjs.org/node-notifier set size:undefined disposed:false
1565 http fetch GET 200 https://registry.npmjs.org/get-caller-file 162ms (cache miss)
1566 silly packumentCache full:https://registry.npmjs.org/get-caller-file set size:undefined disposed:false
1567 http fetch GET 200 https://registry.npmjs.org/@webpack-cli%2finfo 948ms (cache miss)
1568 silly packumentCache full:https://registry.npmjs.org/@webpack-cli%2finfo set size:undefined disposed:false
1569 http fetch GET 200 https://registry.npmjs.org/fastest-levenshtein 1022ms (cache miss)
1570 silly packumentCache full:https://registry.npmjs.org/fastest-levenshtein set size:undefined disposed:false
1571 http fetch GET 200 https://registry.npmjs.org/@webpack-cli%2fserve 1032ms (cache miss)
1572 silly packumentCache full:https://registry.npmjs.org/@webpack-cli%2fserve set size:undefined disposed:false
1573 http fetch GET 200 https://registry.npmjs.org/webpack-dev-middleware 518ms (cache miss)
1574 silly packumentCache full:https://registry.npmjs.org/webpack-dev-middleware set size:undefined disposed:false
1575 http fetch GET 200 https://registry.npmjs.org/require-directory 273ms (cache miss)
1576 silly packumentCache full:https://registry.npmjs.org/require-directory set size:undefined disposed:false
1577 http fetch GET 200 https://registry.npmjs.org/yargs-parser 327ms (cache miss)
1578 silly packumentCache full:https://registry.npmjs.org/yargs-parser set size:undefined disposed:false
1579 http fetch GET 200 https://registry.npmjs.org/consola 415ms (cache miss)
1580 silly packumentCache full:https://registry.npmjs.org/consola set size:undefined disposed:false
1581 silly fetch manifest @babel/core@^7.0.0
1582 silly packumentCache full:https://registry.npmjs.org/@babel%2fcore cache-miss
1583 http fetch GET 200 https://registry.npmjs.org/@babel%2fcore 18ms (cache hit)
1584 silly packumentCache full:https://registry.npmjs.org/@babel%2fcore set size:760113 disposed:false
1585 silly placeDep ROOT @babel/code-frame@7.29.0 OK for: @babel/core@7.29.0 want: ^7.29.0
1586 silly placeDep ROOT @babel/generator@7.29.1 OK for: @babel/core@7.29.0 want: ^7.29.0
1587 silly placeDep ROOT @babel/helper-compilation-targets@7.28.6 OK for: @babel/core@7.29.0 want: ^7.28.6
1588 silly placeDep ROOT @babel/helper-module-transforms@7.28.6 OK for: @babel/core@7.29.0 want: ^7.28.6
1589 silly placeDep ROOT @babel/helpers@7.29.2 OK for: @babel/core@7.29.0 want: ^7.28.6
1590 silly placeDep ROOT @babel/parser@7.29.2 OK for: @babel/core@7.29.0 want: ^7.29.0
1591 silly placeDep ROOT @babel/template@7.28.6 OK for: @babel/core@7.29.0 want: ^7.28.6
1592 silly placeDep ROOT @babel/traverse@7.29.0 OK for: @babel/core@7.29.0 want: ^7.29.0
1593 silly placeDep ROOT @babel/types@7.29.0 OK for: @babel/core@7.29.0 want: ^7.29.0
1594 silly placeDep ROOT @jridgewell/remapping@2.3.5 OK for: @babel/core@7.29.0 want: ^2.3.5
1595 silly placeDep ROOT convert-source-map@2.0.0 OK for: @babel/core@7.29.0 want: ^2.0.0
1596 silly placeDep ROOT debug@4.4.3 OK for: @babel/core@7.29.0 want: ^4.1.0
1597 silly placeDep ROOT gensync@1.0.0-beta.2 OK for: @babel/core@7.29.0 want: ^1.0.0-beta.2
1598 silly placeDep ROOT json5@2.2.3 OK for: @babel/core@7.29.0 want: ^2.2.3
1599 silly placeDep node_modules/@babel/core semver@6.3.1 OK for: @babel/core@7.29.0 want: ^6.3.1
1600 silly fetch manifest js-tokens@^4.0.0
1601 silly packumentCache full:https://registry.npmjs.org/js-tokens cache-miss
1602 silly fetch manifest @babel/helper-validator-identifier@^7.28.5
1603 silly packumentCache full:https://registry.npmjs.org/@babel%2fhelper-validator-identifier cache-miss
1604 silly fetch manifest jsesc@^3.0.2
1605 silly packumentCache full:https://registry.npmjs.org/jsesc cache-miss
1606 silly fetch manifest @jridgewell/gen-mapping@^0.3.12
1607 silly packumentCache full:https://registry.npmjs.org/@jridgewell%2fgen-mapping cache-miss
1608 silly fetch manifest @jridgewell/trace-mapping@^0.3.28
1609 silly packumentCache full:https://registry.npmjs.org/@jridgewell%2ftrace-mapping cache-miss
1610 silly fetch manifest lru-cache@^5.1.1
1611 silly packumentCache full:https://registry.npmjs.org/lru-cache cache-miss
1612 silly fetch manifest @babel/compat-data@^7.28.6
1613 silly packumentCache full:https://registry.npmjs.org/@babel%2fcompat-data cache-miss
1614 silly fetch manifest @babel/traverse@^7.28.6
1615 silly packumentCache full:https://registry.npmjs.org/@babel%2ftraverse cache-miss
1616 silly fetch manifest @babel/helper-validator-identifier@^7.28.5
1617 silly packumentCache full:https://registry.npmjs.org/@babel%2fhelper-validator-identifier cache-miss
1618 silly fetch manifest @babel/types@^7.28.6
1619 silly packumentCache full:https://registry.npmjs.org/@babel%2ftypes cache-hit
1620 silly fetch manifest debug@^4.3.1
1621 silly packumentCache full:https://registry.npmjs.org/debug cache-miss
1622 silly fetch manifest @babel/helper-globals@^7.28.0
1623 silly packumentCache full:https://registry.npmjs.org/@babel%2fhelper-globals cache-miss
1624 silly fetch manifest @babel/helper-string-parser@^7.27.1
1625 silly packumentCache full:https://registry.npmjs.org/@babel%2fhelper-string-parser cache-miss
1626 silly fetch manifest @babel/helper-validator-identifier@^7.28.5
1627 silly packumentCache full:https://registry.npmjs.org/@babel%2fhelper-validator-identifier cache-miss
1628 silly fetch manifest @jridgewell/gen-mapping@^0.3.5
1629 silly packumentCache full:https://registry.npmjs.org/@jridgewell%2fgen-mapping cache-miss
1630 silly fetch manifest @jridgewell/trace-mapping@^0.3.24
1631 silly packumentCache full:https://registry.npmjs.org/@jridgewell%2ftrace-mapping cache-miss
1632 silly fetch manifest ms@^2.1.3
1633 silly packumentCache full:https://registry.npmjs.org/ms cache-miss
1634 http fetch GET 200 https://registry.npmjs.org/debug 155ms (cache hit)
1635 silly packumentCache full:https://registry.npmjs.org/debug set size:195840 disposed:false
1636 http fetch GET 200 https://registry.npmjs.org/@babel%2fcompat-data 173ms (cache hit)
1637 silly packumentCache full:https://registry.npmjs.org/@babel%2fcompat-data set size:305632 disposed:false
1638 http fetch GET 200 https://registry.npmjs.org/@jridgewell%2ftrace-mapping 185ms (cache hit)
1639 silly packumentCache full:https://registry.npmjs.org/@jridgewell%2ftrace-mapping set size:170909 disposed:false
1640 http fetch GET 200 https://registry.npmjs.org/@babel%2ftraverse 183ms (cache hit)
1641 silly packumentCache full:https://registry.npmjs.org/@babel%2ftraverse set size:548722 disposed:false
1642 http fetch GET 200 https://registry.npmjs.org/@jridgewell%2ftrace-mapping 159ms (cache hit)
1643 silly packumentCache full:https://registry.npmjs.org/@jridgewell%2ftrace-mapping set size:170909 disposed:false
1644 silly packumentCache full:https://registry.npmjs.org/@jridgewell%2ftrace-mapping dispose
1645 http fetch GET 200 https://registry.npmjs.org/js-tokens 216ms (cache miss)
1646 silly packumentCache full:https://registry.npmjs.org/js-tokens set size:undefined disposed:false
1647 http fetch GET 200 https://registry.npmjs.org/@babel%2fhelper-validator-identifier 223ms (cache miss)
1648 silly packumentCache full:https://registry.npmjs.org/@babel%2fhelper-validator-identifier set size:undefined disposed:false
1649 http fetch GET 200 https://registry.npmjs.org/ms 176ms (cache miss)
1650 silly packumentCache full:https://registry.npmjs.org/ms set size:undefined disposed:false
1651 http fetch GET 200 https://registry.npmjs.org/@babel%2fhelper-validator-identifier 190ms (cache miss)
1652 silly packumentCache full:https://registry.npmjs.org/@babel%2fhelper-validator-identifier set size:undefined disposed:false
1653 http fetch GET 200 https://registry.npmjs.org/@babel%2fhelper-validator-identifier 220ms (cache miss)
1654 silly packumentCache full:https://registry.npmjs.org/@babel%2fhelper-validator-identifier set size:undefined disposed:false
1655 http fetch GET 200 https://registry.npmjs.org/@jridgewell%2fgen-mapping 191ms (cache miss)
1656 silly packumentCache full:https://registry.npmjs.org/@jridgewell%2fgen-mapping set size:undefined disposed:false
1657 http fetch GET 200 https://registry.npmjs.org/@babel%2fhelper-string-parser 201ms (cache miss)
1658 silly packumentCache full:https://registry.npmjs.org/@babel%2fhelper-string-parser set size:undefined disposed:false
1659 http fetch GET 200 https://registry.npmjs.org/@jridgewell%2fgen-mapping 242ms (cache miss)
1660 silly packumentCache full:https://registry.npmjs.org/@jridgewell%2fgen-mapping set size:undefined disposed:false
1661 http fetch GET 200 https://registry.npmjs.org/lru-cache 244ms (cache miss)
1662 silly packumentCache full:https://registry.npmjs.org/lru-cache set size:undefined disposed:false
1663 http fetch GET 200 https://registry.npmjs.org/jsesc 310ms (cache miss)
1664 silly packumentCache full:https://registry.npmjs.org/jsesc set size:undefined disposed:false
1665 http fetch GET 200 https://registry.npmjs.org/@babel%2fhelper-globals 300ms (cache miss)
1666 silly packumentCache full:https://registry.npmjs.org/@babel%2fhelper-globals set size:undefined disposed:false
1667 silly placeDep ROOT @babel/helper-validator-identifier@7.28.5 OK for: @babel/code-frame@7.29.0 want: ^7.28.5
1668 silly placeDep ROOT js-tokens@4.0.0 OK for: @babel/code-frame@7.29.0 want: ^4.0.0
1669 silly placeDep ROOT @jridgewell/gen-mapping@0.3.13 OK for: @babel/generator@7.29.1 want: ^0.3.12
1670 silly placeDep ROOT @jridgewell/trace-mapping@0.3.31 OK for: @babel/generator@7.29.1 want: ^0.3.28
1671 silly placeDep ROOT jsesc@3.1.0 OK for: @babel/generator@7.29.1 want: ^3.0.2
1672 silly fetch manifest @jridgewell/sourcemap-codec@^1.5.0
1673 silly packumentCache full:https://registry.npmjs.org/@jridgewell%2fsourcemap-codec cache-miss
1674 silly fetch manifest @jridgewell/resolve-uri@^3.1.0
1675 silly packumentCache full:https://registry.npmjs.org/@jridgewell%2fresolve-uri cache-miss
1676 silly fetch manifest @jridgewell/sourcemap-codec@^1.4.14
1677 silly packumentCache full:https://registry.npmjs.org/@jridgewell%2fsourcemap-codec cache-miss
1678 http fetch GET 200 https://registry.npmjs.org/@jridgewell%2fsourcemap-codec 75ms (cache miss)
1679 silly packumentCache full:https://registry.npmjs.org/@jridgewell%2fsourcemap-codec set size:undefined disposed:false
1680 http fetch GET 200 https://registry.npmjs.org/@jridgewell%2fresolve-uri 82ms (cache miss)
1681 silly packumentCache full:https://registry.npmjs.org/@jridgewell%2fresolve-uri set size:undefined disposed:false
1682 http fetch GET 200 https://registry.npmjs.org/@jridgewell%2fsourcemap-codec 87ms (cache miss)
1683 silly packumentCache full:https://registry.npmjs.org/@jridgewell%2fsourcemap-codec set size:undefined disposed:false
1684 silly placeDep ROOT @babel/compat-data@7.29.0 OK for: @babel/helper-compilation-targets@7.28.6 want: ^7.28.6
1685 silly placeDep ROOT @babel/helper-validator-option@7.27.1 OK for: @babel/helper-compilation-targets@7.28.6 want: ^7.27.1
1686 silly placeDep ROOT lru-cache@5.1.1 OK for: @babel/helper-compilation-targets@7.28.6 want: ^5.1.1
1687 silly placeDep node_modules/@babel/helper-compilation-targets semver@6.3.1 OK for: @babel/helper-compilation-targets@7.28.6 want: ^6.3.1
1688 silly fetch manifest yallist@^3.0.2
1689 silly packumentCache full:https://registry.npmjs.org/yallist cache-miss
1690 http fetch GET 200 https://registry.npmjs.org/yallist 37ms (cache miss)
1691 silly packumentCache full:https://registry.npmjs.org/yallist set size:undefined disposed:false
1692 silly placeDep ROOT @babel/helper-module-imports@7.28.6 OK for: @babel/helper-module-transforms@7.28.6 want: ^7.28.6
1693 silly fetch manifest @babel/core@^7.0.0-0
1694 silly packumentCache full:https://registry.npmjs.org/@babel%2fcore cache-hit
1695 silly placeDep ROOT @babel/helper-plugin-utils@7.28.6 OK for: @babel/plugin-proposal-object-rest-spread@7.20.7 want: ^7.20.2
1696 silly placeDep ROOT @babel/plugin-syntax-object-rest-spread@7.8.3 OK for: @babel/plugin-proposal-object-rest-spread@7.20.7 want: ^7.8.3
1697 silly placeDep ROOT @babel/plugin-transform-parameters@7.27.7 OK for: @babel/plugin-proposal-object-rest-spread@7.20.7 want: ^7.20.7
1698 silly placeDep ROOT babel-plugin-polyfill-corejs2@0.4.17 OK for: @babel/plugin-transform-runtime@7.29.0 want: ^0.4.14
1699 silly placeDep ROOT babel-plugin-polyfill-corejs3@0.13.0 OK for: @babel/plugin-transform-runtime@7.29.0 want: ^0.13.0
1700 silly placeDep ROOT babel-plugin-polyfill-regenerator@0.6.8 OK for: @babel/plugin-transform-runtime@7.29.0 want: ^0.6.5
1701 silly placeDep node_modules/@babel/plugin-transform-runtime semver@6.3.1 OK for: @babel/plugin-transform-runtime@7.29.0 want: ^6.3.1
1702 silly fetch manifest @babel/helper-define-polyfill-provider@^0.6.8
1703 silly packumentCache full:https://registry.npmjs.org/@babel%2fhelper-define-polyfill-provider cache-miss
1704 silly fetch manifest core-js-compat@^3.43.0
1705 silly packumentCache full:https://registry.npmjs.org/core-js-compat cache-miss
1706 silly fetch manifest @babel/helper-define-polyfill-provider@^0.6.5
1707 silly packumentCache full:https://registry.npmjs.org/@babel%2fhelper-define-polyfill-provider cache-miss
1708 silly fetch manifest @babel/helper-define-polyfill-provider@^0.6.8
1709 silly packumentCache full:https://registry.npmjs.org/@babel%2fhelper-define-polyfill-provider cache-miss
1710 http fetch GET 200 https://registry.npmjs.org/core-js-compat 28ms (cache hit)
1711 silly packumentCache full:https://registry.npmjs.org/core-js-compat set size:345744 disposed:false
1712 http fetch GET 200 https://registry.npmjs.org/@babel%2fhelper-define-polyfill-provider 55ms (cache miss)
1713 silly packumentCache full:https://registry.npmjs.org/@babel%2fhelper-define-polyfill-provider set size:undefined disposed:false
1714 http fetch GET 200 https://registry.npmjs.org/@babel%2fhelper-define-polyfill-provider 62ms (cache miss)
1715 silly packumentCache full:https://registry.npmjs.org/@babel%2fhelper-define-polyfill-provider set size:undefined disposed:false
1716 http fetch GET 200 https://registry.npmjs.org/@babel%2fhelper-define-polyfill-provider 60ms (cache miss)
1717 silly packumentCache full:https://registry.npmjs.org/@babel%2fhelper-define-polyfill-provider set size:undefined disposed:false
1718 silly placeDep ROOT @babel/plugin-bugfix-firefox-class-in-computed-class-key@7.28.5 OK for: @babel/preset-env@7.29.2 want: ^7.28.5
1719 silly placeDep ROOT @babel/plugin-bugfix-safari-class-field-initializer-scope@7.27.1 OK for: @babel/preset-env@7.29.2 want: ^7.27.1
1720 silly placeDep ROOT @babel/plugin-bugfix-safari-id-destructuring-collision-in-function-expression@7.27.1 OK for: @babel/preset-env@7.29.2 want: ^7.27.1
1721 silly placeDep ROOT @babel/plugin-bugfix-v8-spread-parameters-in-optional-chaining@7.27.1 OK for: @babel/preset-env@7.29.2 want: ^7.27.1
1722 silly placeDep ROOT @babel/plugin-bugfix-v8-static-class-fields-redefine-readonly@7.28.6 OK for: @babel/preset-env@7.29.2 want: ^7.28.6
1723 silly placeDep ROOT @babel/plugin-proposal-private-property-in-object@7.21.0-placeholder-for-preset-env.2 OK for: @babel/preset-env@7.29.2 want: 7.21.0-placeholder-for-preset-env.2
1724 silly placeDep ROOT @babel/plugin-syntax-import-assertions@7.28.6 OK for: @babel/preset-env@7.29.2 want: ^7.28.6
1725 silly placeDep ROOT @babel/plugin-syntax-import-attributes@7.28.6 OK for: @babel/preset-env@7.29.2 want: ^7.28.6
1726 silly placeDep ROOT @babel/plugin-syntax-unicode-sets-regex@7.18.6 OK for: @babel/preset-env@7.29.2 want: ^7.18.6
1727 silly placeDep ROOT @babel/plugin-transform-arrow-functions@7.27.1 OK for: @babel/preset-env@7.29.2 want: ^7.27.1
1728 silly placeDep ROOT @babel/plugin-transform-async-generator-functions@7.29.0 OK for: @babel/preset-env@7.29.2 want: ^7.29.0
1729 silly placeDep ROOT @babel/plugin-transform-async-to-generator@7.28.6 OK for: @babel/preset-env@7.29.2 want: ^7.28.6
1730 silly placeDep ROOT @babel/plugin-transform-block-scoped-functions@7.27.1 OK for: @babel/preset-env@7.29.2 want: ^7.27.1
1731 silly placeDep ROOT @babel/plugin-transform-block-scoping@7.28.6 OK for: @babel/preset-env@7.29.2 want: ^7.28.6
1732 silly placeDep ROOT @babel/plugin-transform-class-properties@7.28.6 OK for: @babel/preset-env@7.29.2 want: ^7.28.6
1733 silly placeDep ROOT @babel/plugin-transform-class-static-block@7.28.6 OK for: @babel/preset-env@7.29.2 want: ^7.28.6
1734 silly placeDep ROOT @babel/plugin-transform-classes@7.28.6 OK for: @babel/preset-env@7.29.2 want: ^7.28.6
1735 silly placeDep ROOT @babel/plugin-transform-computed-properties@7.28.6 OK for: @babel/preset-env@7.29.2 want: ^7.28.6
1736 silly placeDep ROOT @babel/plugin-transform-destructuring@7.28.5 OK for: @babel/preset-env@7.29.2 want: ^7.28.5
1737 silly placeDep ROOT @babel/plugin-transform-dotall-regex@7.28.6 OK for: @babel/preset-env@7.29.2 want: ^7.28.6
1738 silly placeDep ROOT @babel/plugin-transform-duplicate-keys@7.27.1 OK for: @babel/preset-env@7.29.2 want: ^7.27.1
1739 silly placeDep ROOT @babel/plugin-transform-duplicate-named-capturing-groups-regex@7.29.0 OK for: @babel/preset-env@7.29.2 want: ^7.29.0
1740 silly placeDep ROOT @babel/plugin-transform-dynamic-import@7.27.1 OK for: @babel/preset-env@7.29.2 want: ^7.27.1
1741 silly placeDep ROOT @babel/plugin-transform-explicit-resource-management@7.28.6 OK for: @babel/preset-env@7.29.2 want: ^7.28.6
1742 silly placeDep ROOT @babel/plugin-transform-exponentiation-operator@7.28.6 OK for: @babel/preset-env@7.29.2 want: ^7.28.6
1743 silly placeDep ROOT @babel/plugin-transform-export-namespace-from@7.27.1 OK for: @babel/preset-env@7.29.2 want: ^7.27.1
1744 silly placeDep ROOT @babel/plugin-transform-for-of@7.27.1 OK for: @babel/preset-env@7.29.2 want: ^7.27.1
1745 silly placeDep ROOT @babel/plugin-transform-function-name@7.27.1 OK for: @babel/preset-env@7.29.2 want: ^7.27.1
1746 silly placeDep ROOT @babel/plugin-transform-json-strings@7.28.6 OK for: @babel/preset-env@7.29.2 want: ^7.28.6
1747 silly placeDep ROOT @babel/plugin-transform-literals@7.27.1 OK for: @babel/preset-env@7.29.2 want: ^7.27.1
1748 silly placeDep ROOT @babel/plugin-transform-logical-assignment-operators@7.28.6 OK for: @babel/preset-env@7.29.2 want: ^7.28.6
1749 silly placeDep ROOT @babel/plugin-transform-member-expression-literals@7.27.1 OK for: @babel/preset-env@7.29.2 want: ^7.27.1
1750 silly placeDep ROOT @babel/plugin-transform-modules-amd@7.27.1 OK for: @babel/preset-env@7.29.2 want: ^7.27.1
1751 silly placeDep ROOT @babel/plugin-transform-modules-commonjs@7.28.6 OK for: @babel/preset-env@7.29.2 want: ^7.28.6
1752 silly placeDep ROOT @babel/plugin-transform-modules-systemjs@7.29.0 OK for: @babel/preset-env@7.29.2 want: ^7.29.0
1753 silly placeDep ROOT @babel/plugin-transform-modules-umd@7.27.1 OK for: @babel/preset-env@7.29.2 want: ^7.27.1
1754 silly placeDep ROOT @babel/plugin-transform-named-capturing-groups-regex@7.29.0 OK for: @babel/preset-env@7.29.2 want: ^7.29.0
1755 silly placeDep ROOT @babel/plugin-transform-new-target@7.27.1 OK for: @babel/preset-env@7.29.2 want: ^7.27.1
1756 silly placeDep ROOT @babel/plugin-transform-nullish-coalescing-operator@7.28.6 OK for: @babel/preset-env@7.29.2 want: ^7.28.6
1757 silly placeDep ROOT @babel/plugin-transform-numeric-separator@7.28.6 OK for: @babel/preset-env@7.29.2 want: ^7.28.6
1758 silly placeDep ROOT @babel/plugin-transform-object-rest-spread@7.28.6 OK for: @babel/preset-env@7.29.2 want: ^7.28.6
1759 silly placeDep ROOT @babel/plugin-transform-object-super@7.27.1 OK for: @babel/preset-env@7.29.2 want: ^7.27.1
1760 silly placeDep ROOT @babel/plugin-transform-optional-catch-binding@7.28.6 OK for: @babel/preset-env@7.29.2 want: ^7.28.6
1761 silly placeDep ROOT @babel/plugin-transform-optional-chaining@7.28.6 OK for: @babel/preset-env@7.29.2 want: ^7.28.6
1762 silly placeDep ROOT @babel/plugin-transform-private-methods@7.28.6 OK for: @babel/preset-env@7.29.2 want: ^7.28.6
1763 silly placeDep ROOT @babel/plugin-transform-private-property-in-object@7.28.6 OK for: @babel/preset-env@7.29.2 want: ^7.28.6
1764 silly placeDep ROOT @babel/plugin-transform-property-literals@7.27.1 OK for: @babel/preset-env@7.29.2 want: ^7.27.1
1765 silly placeDep ROOT @babel/plugin-transform-regenerator@7.29.0 OK for: @babel/preset-env@7.29.2 want: ^7.29.0
1766 silly placeDep ROOT @babel/plugin-transform-regexp-modifiers@7.28.6 OK for: @babel/preset-env@7.29.2 want: ^7.28.6
1767 silly placeDep ROOT @babel/plugin-transform-reserved-words@7.27.1 OK for: @babel/preset-env@7.29.2 want: ^7.27.1
1768 silly placeDep ROOT @babel/plugin-transform-shorthand-properties@7.27.1 OK for: @babel/preset-env@7.29.2 want: ^7.27.1
1769 silly placeDep ROOT @babel/plugin-transform-spread@7.28.6 OK for: @babel/preset-env@7.29.2 want: ^7.28.6
1770 silly placeDep ROOT @babel/plugin-transform-sticky-regex@7.27.1 OK for: @babel/preset-env@7.29.2 want: ^7.27.1
1771 silly placeDep ROOT @babel/plugin-transform-template-literals@7.27.1 OK for: @babel/preset-env@7.29.2 want: ^7.27.1
1772 silly placeDep ROOT @babel/plugin-transform-typeof-symbol@7.27.1 OK for: @babel/preset-env@7.29.2 want: ^7.27.1
1773 silly placeDep ROOT @babel/plugin-transform-unicode-escapes@7.27.1 OK for: @babel/preset-env@7.29.2 want: ^7.27.1
1774 silly placeDep ROOT @babel/plugin-transform-unicode-property-regex@7.28.6 OK for: @babel/preset-env@7.29.2 want: ^7.28.6
1775 silly placeDep ROOT @babel/plugin-transform-unicode-regex@7.27.1 OK for: @babel/preset-env@7.29.2 want: ^7.27.1
1776 silly placeDep ROOT @babel/plugin-transform-unicode-sets-regex@7.28.6 OK for: @babel/preset-env@7.29.2 want: ^7.28.6
1777 silly placeDep ROOT @babel/preset-modules@0.1.6-no-external-plugins OK for: @babel/preset-env@7.29.2 want: 0.1.6-no-external-plugins
1778 silly placeDep node_modules/@babel/preset-env babel-plugin-polyfill-corejs3@0.14.2 OK for: @babel/preset-env@7.29.2 want: ^0.14.0
1779 silly placeDep ROOT core-js-compat@3.49.0 OK for: @babel/preset-env@7.29.2 want: ^3.48.0
1780 silly placeDep node_modules/@babel/preset-env semver@6.3.1 OK for: @babel/preset-env@7.29.2 want: ^6.3.1
1781 silly fetch manifest @babel/plugin-transform-optional-chaining@^7.27.1
1782 silly packumentCache full:https://registry.npmjs.org/@babel%2fplugin-transform-optional-chaining cache-miss
1783 silly fetch manifest @babel/helper-skip-transparent-expression-wrappers@^7.27.1
1784 silly packumentCache full:https://registry.npmjs.org/@babel%2fhelper-skip-transparent-expression-wrappers cache-miss
1785 silly fetch manifest @babel/helper-create-regexp-features-plugin@^7.18.6
1786 silly packumentCache full:https://registry.npmjs.org/@babel%2fhelper-create-regexp-features-plugin cache-miss
1787 silly fetch manifest @babel/helper-remap-async-to-generator@^7.27.1
1788 silly packumentCache full:https://registry.npmjs.org/@babel%2fhelper-remap-async-to-generator cache-miss
1789 silly fetch manifest @babel/helper-remap-async-to-generator@^7.27.1
1790 silly packumentCache full:https://registry.npmjs.org/@babel%2fhelper-remap-async-to-generator cache-miss
1791 silly fetch manifest @babel/helper-create-class-features-plugin@^7.28.6
1792 silly packumentCache full:https://registry.npmjs.org/@babel%2fhelper-create-class-features-plugin cache-miss
1793 silly fetch manifest @babel/helper-create-class-features-plugin@^7.28.6
1794 silly packumentCache full:https://registry.npmjs.org/@babel%2fhelper-create-class-features-plugin cache-miss
1795 silly fetch manifest @babel/helper-replace-supers@^7.28.6
1796 silly packumentCache full:https://registry.npmjs.org/@babel%2fhelper-replace-supers cache-miss
1797 silly fetch manifest @babel/helper-annotate-as-pure@^7.27.3
1798 silly packumentCache full:https://registry.npmjs.org/@babel%2fhelper-annotate-as-pure cache-miss
1799 silly fetch manifest @babel/helper-create-regexp-features-plugin@^7.28.5
1800 silly packumentCache full:https://registry.npmjs.org/@babel%2fhelper-create-regexp-features-plugin cache-miss
1801 silly fetch manifest @babel/helper-create-regexp-features-plugin@^7.28.5
1802 silly packumentCache full:https://registry.npmjs.org/@babel%2fhelper-create-regexp-features-plugin cache-miss
1803 silly fetch manifest @babel/helper-skip-transparent-expression-wrappers@^7.27.1
1804 silly packumentCache full:https://registry.npmjs.org/@babel%2fhelper-skip-transparent-expression-wrappers cache-miss
1805 silly fetch manifest @babel/helper-create-regexp-features-plugin@^7.28.5
1806 silly packumentCache full:https://registry.npmjs.org/@babel%2fhelper-create-regexp-features-plugin cache-miss
1807 silly fetch manifest @babel/helper-replace-supers@^7.27.1
1808 silly packumentCache full:https://registry.npmjs.org/@babel%2fhelper-replace-supers cache-miss
1809 silly fetch manifest @babel/helper-skip-transparent-expression-wrappers@^7.27.1
1810 silly packumentCache full:https://registry.npmjs.org/@babel%2fhelper-skip-transparent-expression-wrappers cache-miss
1811 silly fetch manifest @babel/helper-create-class-features-plugin@^7.28.6
1812 silly packumentCache full:https://registry.npmjs.org/@babel%2fhelper-create-class-features-plugin cache-miss
1813 silly fetch manifest @babel/helper-annotate-as-pure@^7.27.3
1814 silly packumentCache full:https://registry.npmjs.org/@babel%2fhelper-annotate-as-pure cache-miss
1815 silly fetch manifest @babel/helper-create-class-features-plugin@^7.28.6
1816 silly packumentCache full:https://registry.npmjs.org/@babel%2fhelper-create-class-features-plugin cache-miss
1817 silly fetch manifest @babel/helper-create-regexp-features-plugin@^7.28.5
1818 silly packumentCache full:https://registry.npmjs.org/@babel%2fhelper-create-regexp-features-plugin cache-miss
1819 silly fetch manifest @babel/helper-skip-transparent-expression-wrappers@^7.27.1
1820 silly packumentCache full:https://registry.npmjs.org/@babel%2fhelper-skip-transparent-expression-wrappers cache-miss
1821 silly fetch manifest @babel/helper-create-regexp-features-plugin@^7.28.5
1822 silly packumentCache full:https://registry.npmjs.org/@babel%2fhelper-create-regexp-features-plugin cache-miss
1823 http fetch GET 200 https://registry.npmjs.org/@babel%2fplugin-transform-optional-chaining 146ms (cache hit)
1824 silly packumentCache full:https://registry.npmjs.org/@babel%2fplugin-transform-optional-chaining set size:104559 disposed:false
1825 silly fetch manifest @babel/helper-create-regexp-features-plugin@^7.27.1
1826 silly packumentCache full:https://registry.npmjs.org/@babel%2fhelper-create-regexp-features-plugin cache-miss
1827 http fetch GET 200 https://registry.npmjs.org/@babel%2fhelper-create-regexp-features-plugin 184ms (cache miss)
1828 silly packumentCache full:https://registry.npmjs.org/@babel%2fhelper-create-regexp-features-plugin set size:undefined disposed:false
1829 silly fetch manifest @babel/helper-create-regexp-features-plugin@^7.28.5
1830 silly packumentCache full:https://registry.npmjs.org/@babel%2fhelper-create-regexp-features-plugin cache-miss
1831 http fetch GET 200 https://registry.npmjs.org/@babel%2fhelper-remap-async-to-generator 222ms (cache miss)
1832 silly packumentCache full:https://registry.npmjs.org/@babel%2fhelper-remap-async-to-generator set size:undefined disposed:false
1833 silly fetch manifest esutils@^2.0.2
1834 silly packumentCache full:https://registry.npmjs.org/esutils cache-miss
1835 http fetch GET 200 https://registry.npmjs.org/@babel%2fhelper-create-regexp-features-plugin 220ms (cache miss)
1836 silly packumentCache full:https://registry.npmjs.org/@babel%2fhelper-create-regexp-features-plugin set size:undefined disposed:false
1837 http fetch GET 200 https://registry.npmjs.org/@babel%2fhelper-create-regexp-features-plugin 243ms (cache miss)
1838 silly packumentCache full:https://registry.npmjs.org/@babel%2fhelper-create-regexp-features-plugin set size:undefined disposed:false
1839 http fetch GET 200 https://registry.npmjs.org/@babel%2fhelper-create-regexp-features-plugin 246ms (cache miss)
1840 silly packumentCache full:https://registry.npmjs.org/@babel%2fhelper-create-regexp-features-plugin set size:undefined disposed:false
1841 http fetch GET 200 https://registry.npmjs.org/@babel%2fhelper-remap-async-to-generator 269ms (cache miss)
1842 silly packumentCache full:https://registry.npmjs.org/@babel%2fhelper-remap-async-to-generator set size:undefined disposed:false
1843 http fetch GET 200 https://registry.npmjs.org/@babel%2fhelper-replace-supers 265ms (cache miss)
1844 silly packumentCache full:https://registry.npmjs.org/@babel%2fhelper-replace-supers set size:undefined disposed:false
1845 http fetch GET 200 https://registry.npmjs.org/@babel%2fhelper-annotate-as-pure 270ms (cache miss)
1846 silly packumentCache full:https://registry.npmjs.org/@babel%2fhelper-annotate-as-pure set size:undefined disposed:false
1847 http fetch GET 200 https://registry.npmjs.org/@babel%2fhelper-annotate-as-pure 267ms (cache miss)
1848 silly packumentCache full:https://registry.npmjs.org/@babel%2fhelper-annotate-as-pure set size:undefined disposed:false
1849 http fetch GET 200 https://registry.npmjs.org/@babel%2fhelper-create-regexp-features-plugin 268ms (cache miss)
1850 silly packumentCache full:https://registry.npmjs.org/@babel%2fhelper-create-regexp-features-plugin set size:undefined disposed:false
1851 http fetch GET 200 https://registry.npmjs.org/@babel%2fhelper-create-regexp-features-plugin 264ms (cache miss)
1852 silly packumentCache full:https://registry.npmjs.org/@babel%2fhelper-create-regexp-features-plugin set size:undefined disposed:false
1853 http fetch GET 200 https://registry.npmjs.org/@babel%2fhelper-create-class-features-plugin 297ms (cache miss)
1854 silly packumentCache full:https://registry.npmjs.org/@babel%2fhelper-create-class-features-plugin set size:undefined disposed:false
1855 http fetch GET 200 https://registry.npmjs.org/@babel%2fhelper-replace-supers 296ms (cache miss)
1856 silly packumentCache full:https://registry.npmjs.org/@babel%2fhelper-replace-supers set size:undefined disposed:false
1857 http fetch GET 200 https://registry.npmjs.org/@babel%2fhelper-create-regexp-features-plugin 144ms (cache hit)
1858 silly packumentCache full:https://registry.npmjs.org/@babel%2fhelper-create-regexp-features-plugin set size:176119 disposed:false
1859 http fetch GET 200 https://registry.npmjs.org/@babel%2fhelper-create-regexp-features-plugin 198ms (cache miss)
1860 silly packumentCache full:https://registry.npmjs.org/@babel%2fhelper-create-regexp-features-plugin set size:undefined disposed:false
1861 silly packumentCache full:https://registry.npmjs.org/@babel%2fhelper-create-regexp-features-plugin dispose
1862 http fetch GET 200 https://registry.npmjs.org/@babel%2fhelper-create-class-features-plugin 342ms (cache miss)
1863 silly packumentCache full:https://registry.npmjs.org/@babel%2fhelper-create-class-features-plugin set size:undefined disposed:false
1864 http fetch GET 200 https://registry.npmjs.org/@babel%2fhelper-create-class-features-plugin 333ms (cache miss)
1865 silly packumentCache full:https://registry.npmjs.org/@babel%2fhelper-create-class-features-plugin set size:undefined disposed:false
1866 http fetch GET 200 https://registry.npmjs.org/@babel%2fhelper-create-class-features-plugin 342ms (cache miss)
1867 silly packumentCache full:https://registry.npmjs.org/@babel%2fhelper-create-class-features-plugin set size:undefined disposed:false
1868 http fetch GET 200 https://registry.npmjs.org/esutils 139ms (cache miss)
1869 silly packumentCache full:https://registry.npmjs.org/esutils set size:undefined disposed:false
1870 http fetch GET 200 https://registry.npmjs.org/@babel%2fhelper-skip-transparent-expression-wrappers 379ms (cache miss)
1871 silly packumentCache full:https://registry.npmjs.org/@babel%2fhelper-skip-transparent-expression-wrappers set size:undefined disposed:false
1872 http fetch GET 200 https://registry.npmjs.org/@babel%2fhelper-skip-transparent-expression-wrappers 353ms (cache miss)
1873 silly packumentCache full:https://registry.npmjs.org/@babel%2fhelper-skip-transparent-expression-wrappers set size:undefined disposed:false
1874 http fetch GET 200 https://registry.npmjs.org/@babel%2fhelper-skip-transparent-expression-wrappers 362ms (cache miss)
1875 silly packumentCache full:https://registry.npmjs.org/@babel%2fhelper-skip-transparent-expression-wrappers set size:undefined disposed:false
1876 http fetch GET 200 https://registry.npmjs.org/@babel%2fhelper-skip-transparent-expression-wrappers 367ms (cache miss)
1877 silly packumentCache full:https://registry.npmjs.org/@babel%2fhelper-skip-transparent-expression-wrappers set size:undefined disposed:false
1878 silly placeDep ROOT @babel/helper-skip-transparent-expression-wrappers@7.27.1 OK for: @babel/plugin-bugfix-v8-spread-parameters-in-optional-chaining@7.27.1 want: ^7.27.1
1879 silly placeDep ROOT @babel/helper-create-regexp-features-plugin@7.28.5 OK for: @babel/plugin-syntax-unicode-sets-regex@7.18.6 want: ^7.18.6
1880 silly fetch manifest regexpu-core@^6.3.1
1881 silly packumentCache full:https://registry.npmjs.org/regexpu-core cache-miss
1882 http fetch GET 200 https://registry.npmjs.org/regexpu-core 70ms (cache miss)
1883 silly packumentCache full:https://registry.npmjs.org/regexpu-core set size:undefined disposed:false
1884 silly placeDep ROOT @babel/helper-annotate-as-pure@7.27.3 OK for: @babel/helper-create-regexp-features-plugin@7.28.5 want: ^7.27.3
1885 silly placeDep ROOT regexpu-core@6.4.0 OK for: @babel/helper-create-regexp-features-plugin@7.28.5 want: ^6.3.1
1886 silly placeDep node_modules/@babel/helper-create-regexp-features-plugin semver@6.3.1 OK for: @babel/helper-create-regexp-features-plugin@7.28.5 want: ^6.3.1
1887 silly fetch manifest regenerate@^1.4.2
1888 silly packumentCache full:https://registry.npmjs.org/regenerate cache-miss
1889 silly fetch manifest regenerate-unicode-properties@^10.2.2
1890 silly packumentCache full:https://registry.npmjs.org/regenerate-unicode-properties cache-miss
1891 silly fetch manifest regjsgen@^0.8.0
1892 silly packumentCache full:https://registry.npmjs.org/regjsgen cache-miss
1893 silly fetch manifest regjsparser@^0.13.0
1894 silly packumentCache full:https://registry.npmjs.org/regjsparser cache-miss
1895 silly fetch manifest unicode-match-property-ecmascript@^2.0.0
1896 silly packumentCache full:https://registry.npmjs.org/unicode-match-property-ecmascript cache-miss
1897 silly fetch manifest unicode-match-property-value-ecmascript@^2.2.1
1898 silly packumentCache full:https://registry.npmjs.org/unicode-match-property-value-ecmascript cache-miss
1899 http fetch GET 200 https://registry.npmjs.org/regenerate 57ms (cache miss)
1900 silly packumentCache full:https://registry.npmjs.org/regenerate set size:undefined disposed:false
1901 http fetch GET 200 https://registry.npmjs.org/regjsgen 67ms (cache miss)
1902 silly packumentCache full:https://registry.npmjs.org/regjsgen set size:undefined disposed:false
1903 http fetch GET 200 https://registry.npmjs.org/unicode-match-property-ecmascript 66ms (cache miss)
1904 silly packumentCache full:https://registry.npmjs.org/unicode-match-property-ecmascript set size:undefined disposed:false
1905 http fetch GET 200 https://registry.npmjs.org/regenerate-unicode-properties 73ms (cache miss)
1906 silly packumentCache full:https://registry.npmjs.org/regenerate-unicode-properties set size:undefined disposed:false
1907 http fetch GET 200 https://registry.npmjs.org/regjsparser 73ms (cache miss)
1908 silly packumentCache full:https://registry.npmjs.org/regjsparser set size:undefined disposed:false
1909 http fetch GET 200 https://registry.npmjs.org/unicode-match-property-value-ecmascript 286ms (cache miss)
1910 silly packumentCache full:https://registry.npmjs.org/unicode-match-property-value-ecmascript set size:undefined disposed:false
1911 silly placeDep ROOT @babel/helper-remap-async-to-generator@7.27.1 OK for: @babel/plugin-transform-async-generator-functions@7.29.0 want: ^7.27.1
1912 silly fetch manifest @babel/helper-wrap-function@^7.27.1
1913 silly packumentCache full:https://registry.npmjs.org/@babel%2fhelper-wrap-function cache-miss
1914 http fetch GET 200 https://registry.npmjs.org/@babel%2fhelper-wrap-function 51ms (cache miss)
1915 silly packumentCache full:https://registry.npmjs.org/@babel%2fhelper-wrap-function set size:undefined disposed:false
1916 silly placeDep ROOT @babel/helper-wrap-function@7.28.6 OK for: @babel/helper-remap-async-to-generator@7.27.1 want: ^7.27.1
1917 silly placeDep ROOT @babel/helper-create-class-features-plugin@7.28.6 OK for: @babel/plugin-transform-class-properties@7.28.6 want: ^7.28.6
1918 silly fetch manifest @babel/helper-optimise-call-expression@^7.27.1
1919 silly packumentCache full:https://registry.npmjs.org/@babel%2fhelper-optimise-call-expression cache-miss
1920 silly fetch manifest @babel/helper-member-expression-to-functions@^7.28.5
1921 silly packumentCache full:https://registry.npmjs.org/@babel%2fhelper-member-expression-to-functions cache-miss
1922 http fetch GET 200 https://registry.npmjs.org/@babel%2fhelper-optimise-call-expression 53ms (cache miss)
1923 silly packumentCache full:https://registry.npmjs.org/@babel%2fhelper-optimise-call-expression set size:undefined disposed:false
1924 http fetch GET 200 https://registry.npmjs.org/@babel%2fhelper-member-expression-to-functions 65ms (cache miss)
1925 silly packumentCache full:https://registry.npmjs.org/@babel%2fhelper-member-expression-to-functions set size:undefined disposed:false
1926 silly placeDep ROOT @babel/helper-member-expression-to-functions@7.28.5 OK for: @babel/helper-create-class-features-plugin@7.28.6 want: ^7.28.5
1927 silly placeDep ROOT @babel/helper-optimise-call-expression@7.27.1 OK for: @babel/helper-create-class-features-plugin@7.28.6 want: ^7.27.1
1928 silly placeDep ROOT @babel/helper-replace-supers@7.28.6 OK for: @babel/helper-create-class-features-plugin@7.28.6 want: ^7.28.6
1929 silly placeDep node_modules/@babel/helper-create-class-features-plugin semver@6.3.1 OK for: @babel/helper-create-class-features-plugin@7.28.6 want: ^6.3.1
1930 silly placeDep ROOT @babel/helper-globals@7.28.0 OK for: @babel/plugin-transform-classes@7.28.6 want: ^7.28.0
1931 silly placeDep ROOT esutils@2.0.3 OK for: @babel/preset-modules@0.1.6-no-external-plugins want: ^2.0.2
1932 silly placeDep ROOT @babel/helper-string-parser@7.27.1 OK for: @babel/types@7.29.0 want: ^7.27.1
1933 silly placeDep ROOT @jridgewell/sourcemap-codec@1.5.5 OK for: @jridgewell/gen-mapping@0.3.13 want: ^1.5.0
1934 silly placeDep ROOT @jridgewell/resolve-uri@3.1.2 OK for: @jridgewell/trace-mapping@0.3.31 want: ^3.1.0
1935 silly placeDep ROOT @types/babel__generator@7.27.0 OK for: @types/babel__core@7.20.5 want: *
1936 silly placeDep ROOT @types/babel__template@7.4.4 OK for: @types/babel__core@7.20.5 want: *
1937 silly placeDep ROOT @types/babel__traverse@7.28.0 OK for: @types/babel__core@7.20.5 want: *
1938 silly placeDep ROOT @types/node@25.5.0 OK for: @types/clean-css@4.2.11 want: *
1939 silly placeDep ROOT source-map@0.6.1 OK for: @types/clean-css@4.2.11 want: ^0.6.0
1940 silly fetch manifest undici-types@~7.18.0
1941 silly packumentCache full:https://registry.npmjs.org/undici-types cache-miss
1942 http fetch GET 200 https://registry.npmjs.org/undici-types 38ms (cache miss)
1943 silly packumentCache full:https://registry.npmjs.org/undici-types set size:undefined disposed:false
1944 silly placeDep ROOT @types/imagemin@9.0.1 OK for: @types/imagemin-gifsicle@7.0.4 want: *
1945 silly placeDep ROOT @types/svgo@1.3.6 OK for: @types/imagemin-svgo@8.0.1 want: ^1
1946 silly placeDep ROOT undici-types@7.18.2 OK for: @types/node@25.5.0 want: ~7.18.0
1947 silly placeDep ROOT find-cache-dir@3.3.2 OK for: babel-loader@8.4.1 want: ^3.3.1
1948 silly placeDep ROOT loader-utils@2.0.4 OK for: babel-loader@8.4.1 want: ^2.0.4
1949 silly placeDep ROOT make-dir@3.1.0 OK for: babel-loader@8.4.1 want: ^3.1.0
1950 silly placeDep ROOT schema-utils@2.7.1 OK for: babel-loader@8.4.1 want: ^2.6.5
1951 silly fetch manifest pkg-dir@^4.1.0
1952 silly packumentCache full:https://registry.npmjs.org/pkg-dir cache-miss
1953 silly fetch manifest make-dir@^3.0.2
1954 silly packumentCache full:https://registry.npmjs.org/make-dir cache-hit
1955 silly fetch manifest commondir@^1.0.1
1956 silly packumentCache full:https://registry.npmjs.org/commondir cache-miss
1957 silly fetch manifest big.js@^5.2.2
1958 silly packumentCache full:https://registry.npmjs.org/big.js cache-miss
1959 silly fetch manifest emojis-list@^3.0.0
1960 silly packumentCache full:https://registry.npmjs.org/emojis-list cache-miss
1961 silly fetch manifest semver@^6.0.0
1962 silly packumentCache full:https://registry.npmjs.org/semver cache-hit
1963 silly fetch manifest ajv@^6.12.4
1964 silly packumentCache full:https://registry.npmjs.org/ajv cache-miss
1965 silly fetch manifest ajv-keywords@^3.5.2
1966 silly packumentCache full:https://registry.npmjs.org/ajv-keywords cache-miss
1967 silly fetch manifest @types/json-schema@^7.0.5
1968 silly packumentCache full:https://registry.npmjs.org/@types%2fjson-schema cache-miss
1969 http fetch GET 200 https://registry.npmjs.org/@types%2fjson-schema 91ms (cache hit)
1970 silly packumentCache full:https://registry.npmjs.org/@types%2fjson-schema set size:44704 disposed:false
1971 http fetch GET 200 https://registry.npmjs.org/emojis-list 118ms (cache miss)
1972 silly packumentCache full:https://registry.npmjs.org/emojis-list set size:undefined disposed:false
1973 http fetch GET 200 https://registry.npmjs.org/commondir 126ms (cache miss)
1974 silly packumentCache full:https://registry.npmjs.org/commondir set size:undefined disposed:false
1975 http fetch GET 200 https://registry.npmjs.org/pkg-dir 131ms (cache miss)
1976 silly packumentCache full:https://registry.npmjs.org/pkg-dir set size:undefined disposed:false
1977 http fetch GET 200 https://registry.npmjs.org/big.js 130ms (cache miss)
1978 silly packumentCache full:https://registry.npmjs.org/big.js set size:undefined disposed:false
1979 http fetch GET 200 https://registry.npmjs.org/ajv-keywords 127ms (cache miss)
1980 silly packumentCache full:https://registry.npmjs.org/ajv-keywords set size:undefined disposed:false
1981 http fetch GET 200 https://registry.npmjs.org/ajv 150ms (cache miss)
1982 silly packumentCache full:https://registry.npmjs.org/ajv set size:undefined disposed:false
1983 silly fetch manifest @babel/core@^7.4.0 || ^8.0.0-0 <8.0.0
1984 silly packumentCache full:https://registry.npmjs.org/@babel%2fcore cache-hit
1985 silly placeDep ROOT @babel/helper-define-polyfill-provider@0.6.8 OK for: babel-plugin-polyfill-corejs2@0.4.17 want: ^0.6.8
1986 silly placeDep node_modules/babel-plugin-polyfill-corejs2 semver@6.3.1 OK for: babel-plugin-polyfill-corejs2@0.4.17 want: ^6.3.1
1987 silly fetch manifest lodash.debounce@^4.0.8
1988 silly packumentCache full:https://registry.npmjs.org/lodash.debounce cache-miss
1989 silly fetch manifest resolve@^1.22.11
1990 silly packumentCache full:https://registry.npmjs.org/resolve cache-miss
1991 http fetch GET 200 https://registry.npmjs.org/resolve 36ms (cache hit)
1992 silly packumentCache full:https://registry.npmjs.org/resolve set size:238156 disposed:false
1993 http fetch GET 200 https://registry.npmjs.org/lodash.debounce 51ms (cache miss)
1994 silly packumentCache full:https://registry.npmjs.org/lodash.debounce set size:undefined disposed:false
1995 silly placeDep ROOT lodash.debounce@4.0.8 OK for: @babel/helper-define-polyfill-provider@0.6.8 want: ^4.0.8
1996 silly placeDep ROOT resolve@1.22.11 OK for: @babel/helper-define-polyfill-provider@0.6.8 want: ^1.22.11
1997 silly fetch manifest path-parse@^1.0.7
1998 silly packumentCache full:https://registry.npmjs.org/path-parse cache-miss
1999 silly fetch manifest is-core-module@^2.16.1
2000 silly packumentCache full:https://registry.npmjs.org/is-core-module cache-miss
2001 silly fetch manifest supports-preserve-symlinks-flag@^1.0.0
2002 silly packumentCache full:https://registry.npmjs.org/supports-preserve-symlinks-flag cache-miss
2003 http fetch GET 200 https://registry.npmjs.org/supports-preserve-symlinks-flag 46ms (cache miss)
2004 silly packumentCache full:https://registry.npmjs.org/supports-preserve-symlinks-flag set size:undefined disposed:false
2005 http fetch GET 200 https://registry.npmjs.org/path-parse 51ms (cache miss)
2006 silly packumentCache full:https://registry.npmjs.org/path-parse set size:undefined disposed:false
2007 http fetch GET 200 https://registry.npmjs.org/is-core-module 55ms (cache miss)
2008 silly packumentCache full:https://registry.npmjs.org/is-core-module set size:undefined disposed:false
2009 silly placeDep ROOT ansi-styles@4.3.0 OK for: chalk@4.1.2 want: ^4.1.0
2010 silly placeDep ROOT supports-color@7.2.0 OK for: chalk@4.1.2 want: ^7.1.0
2011 silly fetch manifest color-convert@^2.0.1
2012 silly packumentCache full:https://registry.npmjs.org/color-convert cache-miss
2013 silly fetch manifest has-flag@^4.0.0
2014 silly packumentCache full:https://registry.npmjs.org/has-flag cache-miss
2015 http fetch GET 200 https://registry.npmjs.org/has-flag 52ms (cache miss)
2016 silly packumentCache full:https://registry.npmjs.org/has-flag set size:undefined disposed:false
2017 http fetch GET 200 https://registry.npmjs.org/color-convert 56ms (cache miss)
2018 silly packumentCache full:https://registry.npmjs.org/color-convert set size:undefined disposed:false
2019 silly placeDep ROOT color-convert@2.0.1 OK for: ansi-styles@4.3.0 want: ^2.0.1
2020 silly fetch manifest color-name@~1.1.4
2021 silly packumentCache full:https://registry.npmjs.org/color-name cache-miss
2022 http fetch GET 200 https://registry.npmjs.org/color-name 40ms (cache miss)
2023 silly packumentCache full:https://registry.npmjs.org/color-name set size:undefined disposed:false
2024 silly placeDep ROOT anymatch@3.1.3 OK for: chokidar@3.6.0 want: ~3.1.2
2025 silly placeDep ROOT braces@3.0.3 OK for: chokidar@3.6.0 want: ~3.0.2
2026 silly placeDep ROOT fsevents@2.3.3 OK for: chokidar@3.6.0 want: ~2.3.2
2027 silly placeDep ROOT glob-parent@5.1.2 OK for: chokidar@3.6.0 want: ~5.1.2
2028 silly placeDep ROOT is-binary-path@2.1.0 OK for: chokidar@3.6.0 want: ~2.1.0
2029 silly placeDep ROOT is-glob@4.0.3 OK for: chokidar@3.6.0 want: ~4.0.1
2030 silly placeDep ROOT normalize-path@3.0.0 OK for: chokidar@3.6.0 want: ~3.0.0
2031 silly placeDep ROOT readdirp@3.6.0 OK for: chokidar@3.6.0 want: ~3.6.0
2032 silly fetch manifest picomatch@^2.0.4
2033 silly packumentCache full:https://registry.npmjs.org/picomatch cache-miss
2034 silly fetch manifest fill-range@^7.1.1
2035 silly packumentCache full:https://registry.npmjs.org/fill-range cache-miss
2036 silly fetch manifest is-glob@^4.0.1
2037 silly packumentCache full:https://registry.npmjs.org/is-glob cache-hit
2038 silly fetch manifest binary-extensions@^2.0.0
2039 silly packumentCache full:https://registry.npmjs.org/binary-extensions cache-miss
2040 silly fetch manifest is-extglob@^2.1.1
2041 silly packumentCache full:https://registry.npmjs.org/is-extglob cache-miss
2042 silly fetch manifest picomatch@^2.2.1
2043 silly packumentCache full:https://registry.npmjs.org/picomatch cache-miss
2044 http fetch GET 200 https://registry.npmjs.org/is-extglob 63ms (cache miss)
2045 silly packumentCache full:https://registry.npmjs.org/is-extglob set size:undefined disposed:false
2046 http fetch GET 200 https://registry.npmjs.org/fill-range 69ms (cache miss)
2047 silly packumentCache full:https://registry.npmjs.org/fill-range set size:undefined disposed:false
2048 http fetch GET 200 https://registry.npmjs.org/binary-extensions 75ms (cache miss)
2049 silly packumentCache full:https://registry.npmjs.org/binary-extensions set size:undefined disposed:false
2050 http fetch GET 200 https://registry.npmjs.org/picomatch 88ms (cache miss)
2051 silly packumentCache full:https://registry.npmjs.org/picomatch set size:undefined disposed:false
2052 http fetch GET 200 https://registry.npmjs.org/picomatch 92ms (cache miss)
2053 silly packumentCache full:https://registry.npmjs.org/picomatch set size:undefined disposed:false
2054 silly placeDep ROOT picomatch@2.3.2 OK for: anymatch@3.1.3 want: ^2.0.4
2055 silly placeDep ROOT fill-range@7.1.1 OK for: braces@3.0.3 want: ^7.1.1
2056 silly fetch manifest to-regex-range@^5.0.1
2057 silly packumentCache full:https://registry.npmjs.org/to-regex-range cache-miss
2058 http fetch GET 200 https://registry.npmjs.org/to-regex-range 43ms (cache miss)
2059 silly packumentCache full:https://registry.npmjs.org/to-regex-range set size:undefined disposed:false
2060 silly placeDep ROOT @colors/colors@1.5.0 OK for: cli-table3@0.6.5 want: 1.5.0
2061 silly placeDep ROOT string-width@4.2.3 OK for: cli-table3@0.6.5 want: ^4.2.0
2062 silly fetch manifest emoji-regex@^8.0.0
2063 silly packumentCache full:https://registry.npmjs.org/emoji-regex cache-miss
2064 silly fetch manifest is-fullwidth-code-point@^3.0.0
2065 silly packumentCache full:https://registry.npmjs.org/is-fullwidth-code-point cache-miss
2066 http fetch GET 200 https://registry.npmjs.org/emoji-regex 39ms (cache miss)
2067 silly packumentCache full:https://registry.npmjs.org/emoji-regex set size:undefined disposed:false
2068 http fetch GET 200 https://registry.npmjs.org/is-fullwidth-code-point 47ms (cache miss)
2069 silly packumentCache full:https://registry.npmjs.org/is-fullwidth-code-point set size:undefined disposed:false
2070 silly placeDep ROOT color-name@1.1.4 OK for: color-convert@2.0.1 want: ~1.1.4
2071 silly placeDep node_modules/concat commander@2.20.3 OK for: concat@1.0.3 want: ^2.9.0
2072 silly fetch manifest postcss@^8.2.15
2073 silly packumentCache full:https://registry.npmjs.org/postcss cache-hit
2074 silly placeDep ROOT icss-utils@5.1.0 OK for: css-loader@5.2.7 want: ^5.1.0
2075 silly placeDep ROOT postcss-modules-extract-imports@3.1.0 OK for: css-loader@5.2.7 want: ^3.0.0
2076 silly placeDep ROOT postcss-modules-local-by-default@4.2.0 OK for: css-loader@5.2.7 want: ^4.0.0
2077 silly placeDep ROOT postcss-modules-scope@3.2.1 OK for: css-loader@5.2.7 want: ^3.0.0
2078 silly placeDep ROOT postcss-modules-values@4.0.0 OK for: css-loader@5.2.7 want: ^4.0.0
2079 silly placeDep node_modules/css-loader schema-utils@3.3.0 OK for: css-loader@5.2.7 want: ^3.0.0
2080 silly fetch manifest postcss-selector-parser@^7.0.0
2081 silly packumentCache full:https://registry.npmjs.org/postcss-selector-parser cache-miss
2082 silly fetch manifest postcss-selector-parser@^7.0.0
2083 silly packumentCache full:https://registry.npmjs.org/postcss-selector-parser cache-miss
2084 silly fetch manifest ajv@^6.12.5
2085 silly packumentCache full:https://registry.npmjs.org/ajv cache-miss
2086 silly fetch manifest @types/json-schema@^7.0.8
2087 silly packumentCache full:https://registry.npmjs.org/@types%2fjson-schema cache-hit
2088 http fetch GET 200 https://registry.npmjs.org/ajv 43ms (cache hit)
2089 silly packumentCache full:https://registry.npmjs.org/ajv set size:1120197 disposed:false
2090 http fetch GET 200 https://registry.npmjs.org/postcss-selector-parser 70ms (cache hit)
2091 silly packumentCache full:https://registry.npmjs.org/postcss-selector-parser set size:177140 disposed:false
2092 http fetch GET 200 https://registry.npmjs.org/postcss-selector-parser 77ms (cache hit)
2093 silly packumentCache full:https://registry.npmjs.org/postcss-selector-parser set size:177140 disposed:false
2094 silly packumentCache full:https://registry.npmjs.org/postcss-selector-parser dispose
2095 silly placeDep ROOT cssnano-preset-default@5.2.14 OK for: cssnano@5.1.15 want: ^5.2.14
2096 silly placeDep ROOT lilconfig@2.1.0 OK for: cssnano@5.1.15 want: ^2.0.3
2097 silly placeDep ROOT yaml@1.10.3 OK for: cssnano@5.1.15 want: ^1.10.2
2098 silly fetch manifest postcss-calc@^8.2.3
2099 silly packumentCache full:https://registry.npmjs.org/postcss-calc cache-miss
2100 silly fetch manifest postcss-svgo@^5.1.0
2101 silly packumentCache full:https://registry.npmjs.org/postcss-svgo cache-miss
2102 silly fetch manifest cssnano-utils@^3.1.0
2103 silly packumentCache full:https://registry.npmjs.org/cssnano-utils cache-miss
2104 silly fetch manifest postcss-colormin@^5.3.1
2105 silly packumentCache full:https://registry.npmjs.org/postcss-colormin cache-miss
2106 silly fetch manifest postcss-merge-rules@^5.1.4
2107 silly packumentCache full:https://registry.npmjs.org/postcss-merge-rules cache-miss
2108 silly fetch manifest postcss-discard-empty@^5.1.1
2109 silly packumentCache full:https://registry.npmjs.org/postcss-discard-empty cache-miss
2110 silly fetch manifest postcss-minify-params@^5.1.4
2111 silly packumentCache full:https://registry.npmjs.org/postcss-minify-params cache-miss
2112 silly fetch manifest postcss-normalize-url@^5.1.0
2113 silly packumentCache full:https://registry.npmjs.org/postcss-normalize-url cache-miss
2114 silly fetch manifest css-declaration-sorter@^6.3.1
2115 silly packumentCache full:https://registry.npmjs.org/css-declaration-sorter cache-miss
2116 silly fetch manifest postcss-convert-values@^5.1.3
2117 silly packumentCache full:https://registry.npmjs.org/postcss-convert-values cache-miss
2118 silly fetch manifest postcss-merge-longhand@^5.1.7
2119 silly packumentCache full:https://registry.npmjs.org/postcss-merge-longhand cache-miss
2120 silly fetch manifest postcss-ordered-values@^5.1.3
2121 silly packumentCache full:https://registry.npmjs.org/postcss-ordered-values cache-miss
2122 silly fetch manifest postcss-reduce-initial@^5.1.2
2123 silly packumentCache full:https://registry.npmjs.org/postcss-reduce-initial cache-miss
2124 silly fetch manifest postcss-discard-comments@^5.1.2
2125 silly packumentCache full:https://registry.npmjs.org/postcss-discard-comments cache-miss
2126 silly fetch manifest postcss-minify-gradients@^5.1.1
2127 silly packumentCache full:https://registry.npmjs.org/postcss-minify-gradients cache-miss
2128 silly fetch manifest postcss-minify-selectors@^5.2.1
2129 silly packumentCache full:https://registry.npmjs.org/postcss-minify-selectors cache-miss
2130 silly fetch manifest postcss-normalize-string@^5.1.0
2131 silly packumentCache full:https://registry.npmjs.org/postcss-normalize-string cache-miss
2132 silly fetch manifest postcss-unique-selectors@^5.1.1
2133 silly packumentCache full:https://registry.npmjs.org/postcss-unique-selectors cache-miss
2134 silly fetch manifest postcss-normalize-charset@^5.1.0
2135 silly packumentCache full:https://registry.npmjs.org/postcss-normalize-charset cache-miss
2136 silly fetch manifest postcss-normalize-unicode@^5.1.1
2137 silly packumentCache full:https://registry.npmjs.org/postcss-normalize-unicode cache-miss
2138 silly fetch manifest postcss-reduce-transforms@^5.1.0
2139 silly packumentCache full:https://registry.npmjs.org/postcss-reduce-transforms cache-miss
2140 http fetch GET 200 https://registry.npmjs.org/cssnano-utils 174ms (cache miss)
2141 silly packumentCache full:https://registry.npmjs.org/cssnano-utils set size:undefined disposed:false
2142 silly fetch manifest postcss-discard-duplicates@^5.1.0
2143 silly packumentCache full:https://registry.npmjs.org/postcss-discard-duplicates cache-miss
2144 http fetch GET 200 https://registry.npmjs.org/postcss-discard-empty 180ms (cache miss)
2145 silly packumentCache full:https://registry.npmjs.org/postcss-discard-empty set size:undefined disposed:false
2146 silly fetch manifest postcss-discard-overridden@^5.1.0
2147 silly packumentCache full:https://registry.npmjs.org/postcss-discard-overridden cache-miss
2148 http fetch GET 200 https://registry.npmjs.org/postcss-normalize-url 189ms (cache miss)
2149 silly packumentCache full:https://registry.npmjs.org/postcss-normalize-url set size:undefined disposed:false
2150 silly fetch manifest postcss-minify-font-values@^5.1.0
2151 silly packumentCache full:https://registry.npmjs.org/postcss-minify-font-values cache-miss
2152 http fetch GET 200 https://registry.npmjs.org/postcss-minify-params 198ms (cache miss)
2153 silly packumentCache full:https://registry.npmjs.org/postcss-minify-params set size:undefined disposed:false
2154 silly fetch manifest postcss-normalize-positions@^5.1.1
2155 silly packumentCache full:https://registry.npmjs.org/postcss-normalize-positions cache-miss
2156 http fetch GET 200 https://registry.npmjs.org/postcss-convert-values 202ms (cache miss)
2157 silly packumentCache full:https://registry.npmjs.org/postcss-convert-values set size:undefined disposed:false
2158 silly fetch manifest postcss-normalize-whitespace@^5.1.1
2159 silly packumentCache full:https://registry.npmjs.org/postcss-normalize-whitespace cache-miss
2160 http fetch GET 200 https://registry.npmjs.org/postcss-unique-selectors 208ms (cache miss)
2161 silly packumentCache full:https://registry.npmjs.org/postcss-unique-selectors set size:undefined disposed:false
2162 silly fetch manifest postcss-normalize-repeat-style@^5.1.1
2163 silly packumentCache full:https://registry.npmjs.org/postcss-normalize-repeat-style cache-miss
2164 http fetch GET 200 https://registry.npmjs.org/postcss-minify-gradients 223ms (cache miss)
2165 silly packumentCache full:https://registry.npmjs.org/postcss-minify-gradients set size:undefined disposed:false
2166 silly fetch manifest postcss-normalize-display-values@^5.1.0
2167 silly packumentCache full:https://registry.npmjs.org/postcss-normalize-display-values cache-miss
2168 http fetch GET 200 https://registry.npmjs.org/postcss-reduce-initial 233ms (cache miss)
2169 silly packumentCache full:https://registry.npmjs.org/postcss-reduce-initial set size:undefined disposed:false
2170 silly fetch manifest postcss-normalize-timing-functions@^5.1.0
2171 silly packumentCache full:https://registry.npmjs.org/postcss-normalize-timing-functions cache-miss
2172 http fetch GET 200 https://registry.npmjs.org/postcss-minify-selectors 241ms (cache miss)
2173 silly packumentCache full:https://registry.npmjs.org/postcss-minify-selectors set size:undefined disposed:false
2174 http fetch GET 200 https://registry.npmjs.org/postcss-discard-overridden 84ms (cache miss)
2175 silly packumentCache full:https://registry.npmjs.org/postcss-discard-overridden set size:undefined disposed:false
2176 http fetch GET 200 https://registry.npmjs.org/postcss-minify-font-values 79ms (cache miss)
2177 silly packumentCache full:https://registry.npmjs.org/postcss-minify-font-values set size:undefined disposed:false
2178 http fetch GET 200 https://registry.npmjs.org/postcss-svgo 367ms (cache miss)
2179 silly packumentCache full:https://registry.npmjs.org/postcss-svgo set size:undefined disposed:false
2180 http fetch GET 200 https://registry.npmjs.org/postcss-normalize-whitespace 153ms (cache miss)
2181 silly packumentCache full:https://registry.npmjs.org/postcss-normalize-whitespace set size:undefined disposed:false
2182 http fetch GET 200 https://registry.npmjs.org/postcss-normalize-display-values 139ms (cache miss)
2183 silly packumentCache full:https://registry.npmjs.org/postcss-normalize-display-values set size:undefined disposed:false
2184 http fetch GET 200 https://registry.npmjs.org/css-declaration-sorter 379ms (cache miss)
2185 silly packumentCache full:https://registry.npmjs.org/css-declaration-sorter set size:undefined disposed:false
2186 http fetch GET 200 https://registry.npmjs.org/postcss-calc 398ms (cache miss)
2187 silly packumentCache full:https://registry.npmjs.org/postcss-calc set size:undefined disposed:false
2188 http fetch GET 200 https://registry.npmjs.org/postcss-normalize-timing-functions 147ms (cache miss)
2189 silly packumentCache full:https://registry.npmjs.org/postcss-normalize-timing-functions set size:undefined disposed:false
2190 http fetch GET 200 https://registry.npmjs.org/postcss-ordered-values 389ms (cache miss)
2191 silly packumentCache full:https://registry.npmjs.org/postcss-ordered-values set size:undefined disposed:false
2192 http fetch GET 200 https://registry.npmjs.org/postcss-discard-comments 390ms (cache miss)
2193 silly packumentCache full:https://registry.npmjs.org/postcss-discard-comments set size:undefined disposed:false
2194 http fetch GET 200 https://registry.npmjs.org/postcss-merge-rules 407ms (cache miss)
2195 silly packumentCache full:https://registry.npmjs.org/postcss-merge-rules set size:undefined disposed:false
2196 http fetch GET 200 https://registry.npmjs.org/postcss-colormin 416ms (cache miss)
2197 silly packumentCache full:https://registry.npmjs.org/postcss-colormin set size:undefined disposed:false
2198 http fetch GET 200 https://registry.npmjs.org/postcss-normalize-string 404ms (cache miss)
2199 silly packumentCache full:https://registry.npmjs.org/postcss-normalize-string set size:undefined disposed:false
2200 http fetch GET 200 https://registry.npmjs.org/postcss-merge-longhand 416ms (cache miss)
2201 silly packumentCache full:https://registry.npmjs.org/postcss-merge-longhand set size:undefined disposed:false
2202 http fetch GET 200 https://registry.npmjs.org/postcss-normalize-charset 408ms (cache miss)
2203 silly packumentCache full:https://registry.npmjs.org/postcss-normalize-charset set size:undefined disposed:false
2204 http fetch GET 200 https://registry.npmjs.org/postcss-reduce-transforms 408ms (cache miss)
2205 silly packumentCache full:https://registry.npmjs.org/postcss-reduce-transforms set size:undefined disposed:false
2206 http fetch GET 200 https://registry.npmjs.org/postcss-discard-duplicates 279ms (cache miss)
2207 silly packumentCache full:https://registry.npmjs.org/postcss-discard-duplicates set size:undefined disposed:false
2208 http fetch GET 200 https://registry.npmjs.org/postcss-normalize-positions 281ms (cache miss)
2209 silly packumentCache full:https://registry.npmjs.org/postcss-normalize-positions set size:undefined disposed:false
2210 http fetch GET 200 https://registry.npmjs.org/postcss-normalize-repeat-style 297ms (cache miss)
2211 silly packumentCache full:https://registry.npmjs.org/postcss-normalize-repeat-style set size:undefined disposed:false
2212 http fetch GET 200 https://registry.npmjs.org/postcss-normalize-unicode 871ms (cache miss)
2213 silly packumentCache full:https://registry.npmjs.org/postcss-normalize-unicode set size:undefined disposed:false
2214 silly placeDep ROOT css-declaration-sorter@6.4.1 OK for: cssnano-preset-default@5.2.14 want: ^6.3.1
2215 silly placeDep ROOT cssnano-utils@3.1.0 OK for: cssnano-preset-default@5.2.14 want: ^3.1.0
2216 silly placeDep ROOT postcss-calc@8.2.4 OK for: cssnano-preset-default@5.2.14 want: ^8.2.3
2217 silly placeDep ROOT postcss-colormin@5.3.1 OK for: cssnano-preset-default@5.2.14 want: ^5.3.1
2218 silly placeDep ROOT postcss-convert-values@5.1.3 OK for: cssnano-preset-default@5.2.14 want: ^5.1.3
2219 silly placeDep ROOT postcss-discard-comments@5.1.2 OK for: cssnano-preset-default@5.2.14 want: ^5.1.2
2220 silly placeDep ROOT postcss-discard-duplicates@5.1.0 OK for: cssnano-preset-default@5.2.14 want: ^5.1.0
2221 silly placeDep ROOT postcss-discard-empty@5.1.1 OK for: cssnano-preset-default@5.2.14 want: ^5.1.1
2222 silly placeDep ROOT postcss-discard-overridden@5.1.0 OK for: cssnano-preset-default@5.2.14 want: ^5.1.0
2223 silly placeDep ROOT postcss-merge-longhand@5.1.7 OK for: cssnano-preset-default@5.2.14 want: ^5.1.7
2224 silly placeDep ROOT postcss-merge-rules@5.1.4 OK for: cssnano-preset-default@5.2.14 want: ^5.1.4
2225 silly placeDep ROOT postcss-minify-font-values@5.1.0 OK for: cssnano-preset-default@5.2.14 want: ^5.1.0
2226 silly placeDep ROOT postcss-minify-gradients@5.1.1 OK for: cssnano-preset-default@5.2.14 want: ^5.1.1
2227 silly placeDep ROOT postcss-minify-params@5.1.4 OK for: cssnano-preset-default@5.2.14 want: ^5.1.4
2228 silly placeDep ROOT postcss-minify-selectors@5.2.1 OK for: cssnano-preset-default@5.2.14 want: ^5.2.1
2229 silly placeDep ROOT postcss-normalize-charset@5.1.0 OK for: cssnano-preset-default@5.2.14 want: ^5.1.0
2230 silly placeDep ROOT postcss-normalize-display-values@5.1.0 OK for: cssnano-preset-default@5.2.14 want: ^5.1.0
2231 silly placeDep ROOT postcss-normalize-positions@5.1.1 OK for: cssnano-preset-default@5.2.14 want: ^5.1.1
2232 silly placeDep ROOT postcss-normalize-repeat-style@5.1.1 OK for: cssnano-preset-default@5.2.14 want: ^5.1.1
2233 silly placeDep ROOT postcss-normalize-string@5.1.0 OK for: cssnano-preset-default@5.2.14 want: ^5.1.0
2234 silly placeDep ROOT postcss-normalize-timing-functions@5.1.0 OK for: cssnano-preset-default@5.2.14 want: ^5.1.0
2235 silly placeDep ROOT postcss-normalize-unicode@5.1.1 OK for: cssnano-preset-default@5.2.14 want: ^5.1.1
2236 silly placeDep ROOT postcss-normalize-url@5.1.0 OK for: cssnano-preset-default@5.2.14 want: ^5.1.0
2237 silly placeDep ROOT postcss-normalize-whitespace@5.1.1 OK for: cssnano-preset-default@5.2.14 want: ^5.1.1
2238 silly placeDep ROOT postcss-ordered-values@5.1.3 OK for: cssnano-preset-default@5.2.14 want: ^5.1.3
2239 silly placeDep ROOT postcss-reduce-initial@5.1.2 OK for: cssnano-preset-default@5.2.14 want: ^5.1.2
2240 silly placeDep ROOT postcss-reduce-transforms@5.1.0 OK for: cssnano-preset-default@5.2.14 want: ^5.1.0
2241 silly placeDep ROOT postcss-svgo@5.1.0 OK for: cssnano-preset-default@5.2.14 want: ^5.1.0
2242 silly placeDep ROOT postcss-unique-selectors@5.1.1 OK for: cssnano-preset-default@5.2.14 want: ^5.1.1
2243 silly fetch manifest postcss-selector-parser@^6.0.9
2244 silly packumentCache full:https://registry.npmjs.org/postcss-selector-parser cache-hit
2245 silly fetch manifest colord@^2.9.1
2246 silly packumentCache full:https://registry.npmjs.org/colord cache-miss
2247 silly fetch manifest caniuse-api@^3.0.0
2248 silly packumentCache full:https://registry.npmjs.org/caniuse-api cache-miss
2249 silly fetch manifest stylehacks@^5.1.1
2250 silly packumentCache full:https://registry.npmjs.org/stylehacks cache-miss
2251 silly fetch manifest caniuse-api@^3.0.0
2252 silly packumentCache full:https://registry.npmjs.org/caniuse-api cache-miss
2253 silly fetch manifest postcss-selector-parser@^6.0.5
2254 silly packumentCache full:https://registry.npmjs.org/postcss-selector-parser cache-hit
2255 silly fetch manifest colord@^2.9.1
2256 silly packumentCache full:https://registry.npmjs.org/colord cache-miss
2257 silly fetch manifest postcss-selector-parser@^6.0.5
2258 silly packumentCache full:https://registry.npmjs.org/postcss-selector-parser cache-hit
2259 silly fetch manifest normalize-url@^6.0.1
2260 silly packumentCache full:https://registry.npmjs.org/normalize-url cache-miss
2261 silly fetch manifest caniuse-api@^3.0.0
2262 silly packumentCache full:https://registry.npmjs.org/caniuse-api cache-miss
2263 silly fetch manifest svgo@^2.7.0
2264 silly packumentCache full:https://registry.npmjs.org/svgo cache-miss
2265 silly fetch manifest postcss-selector-parser@^6.0.5
2266 silly packumentCache full:https://registry.npmjs.org/postcss-selector-parser cache-hit
2267 http fetch GET 200 https://registry.npmjs.org/stylehacks 94ms (cache miss)
2268 silly packumentCache full:https://registry.npmjs.org/stylehacks set size:undefined disposed:false
2269 http fetch GET 200 https://registry.npmjs.org/normalize-url 91ms (cache miss)
2270 silly packumentCache full:https://registry.npmjs.org/normalize-url set size:undefined disposed:false
2271 http fetch GET 200 https://registry.npmjs.org/colord 108ms (cache miss)
2272 silly packumentCache full:https://registry.npmjs.org/colord set size:undefined disposed:false
2273 http fetch GET 200 https://registry.npmjs.org/colord 110ms (cache miss)
2274 silly packumentCache full:https://registry.npmjs.org/colord set size:undefined disposed:false
2275 http fetch GET 200 https://registry.npmjs.org/svgo 105ms (cache miss)
2276 silly packumentCache full:https://registry.npmjs.org/svgo set size:undefined disposed:false
2277 http fetch GET 200 https://registry.npmjs.org/caniuse-api 282ms (cache miss)
2278 silly packumentCache full:https://registry.npmjs.org/caniuse-api set size:undefined disposed:false
2279 http fetch GET 200 https://registry.npmjs.org/caniuse-api 301ms (cache miss)
2280 silly packumentCache full:https://registry.npmjs.org/caniuse-api set size:undefined disposed:false
2281 http fetch GET 200 https://registry.npmjs.org/caniuse-api 312ms (cache miss)
2282 silly packumentCache full:https://registry.npmjs.org/caniuse-api set size:undefined disposed:false
2283 silly placeDep ROOT ms@2.1.3 OK for: debug@4.4.3 want: ^2.1.3
2284 silly placeDep node_modules/file-loader schema-utils@3.3.0 OK for: file-loader@6.2.0 want: ^3.0.0
2285 silly placeDep ROOT to-regex-range@5.0.1 OK for: fill-range@7.1.1 want: ^5.0.1
2286 silly fetch manifest is-number@^7.0.0
2287 silly packumentCache full:https://registry.npmjs.org/is-number cache-miss
2288 http fetch GET 200 https://registry.npmjs.org/is-number 41ms (cache miss)
2289 silly packumentCache full:https://registry.npmjs.org/is-number set size:undefined disposed:false
2290 silly placeDep ROOT commondir@1.0.1 OK for: find-cache-dir@3.3.2 want: ^1.0.1
2291 silly placeDep ROOT pkg-dir@4.2.0 OK for: find-cache-dir@3.3.2 want: ^4.1.0
2292 silly fetch manifest find-up@^4.0.0
2293 silly packumentCache full:https://registry.npmjs.org/find-up cache-miss
2294 http fetch GET 200 https://registry.npmjs.org/find-up 39ms (cache miss)
2295 silly packumentCache full:https://registry.npmjs.org/find-up set size:undefined disposed:false
2296 silly placeDep ROOT graceful-fs@4.2.11 OK for: fs-extra@10.1.0 want: ^4.2.0
2297 silly placeDep ROOT jsonfile@6.2.0 OK for: fs-extra@10.1.0 want: ^6.0.1
2298 silly placeDep ROOT universalify@2.0.1 OK for: fs-extra@10.1.0 want: ^2.0.0
2299 silly placeDep ROOT fs.realpath@1.0.0 OK for: glob@7.2.3 want: ^1.0.0
2300 silly placeDep ROOT inflight@1.0.6 OK for: glob@7.2.3 want: ^1.0.4
2301 silly placeDep ROOT inherits@2.0.4 OK for: glob@7.2.3 want: 2
2302 silly placeDep ROOT minimatch@3.1.5 OK for: glob@7.2.3 want: ^3.1.1
2303 silly placeDep ROOT once@1.4.0 OK for: glob@7.2.3 want: ^1.3.0
2304 silly placeDep ROOT path-is-absolute@1.0.1 OK for: glob@7.2.3 want: ^1.0.0
2305 silly fetch manifest wrappy@1
2306 silly packumentCache full:https://registry.npmjs.org/wrappy cache-miss
2307 silly fetch manifest brace-expansion@^1.1.7
2308 silly packumentCache full:https://registry.npmjs.org/brace-expansion cache-miss
2309 silly fetch manifest wrappy@1
2310 silly packumentCache full:https://registry.npmjs.org/wrappy cache-miss
2311 http fetch GET 200 https://registry.npmjs.org/brace-expansion 43ms (cache miss)
2312 silly packumentCache full:https://registry.npmjs.org/brace-expansion set size:undefined disposed:false
2313 http fetch GET 200 https://registry.npmjs.org/wrappy 73ms (cache miss)
2314 silly packumentCache full:https://registry.npmjs.org/wrappy set size:undefined disposed:false
2315 http fetch GET 200 https://registry.npmjs.org/wrappy 697ms (cache miss)
2316 silly packumentCache full:https://registry.npmjs.org/wrappy set size:undefined disposed:false
2317 silly placeDep ROOT html-minifier-terser@5.1.1 OK for: html-loader@1.3.2 want: ^5.1.1
2318 silly placeDep ROOT htmlparser2@4.1.0 OK for: html-loader@1.3.2 want: ^4.1.0
2319 silly placeDep node_modules/html-loader schema-utils@3.3.0 OK for: html-loader@1.3.2 want: ^3.0.0
2320 silly fetch manifest camel-case@^4.1.1
2321 silly packumentCache full:https://registry.npmjs.org/camel-case cache-miss
2322 silly fetch manifest clean-css@^4.2.3
2323 silly packumentCache full:https://registry.npmjs.org/clean-css cache-miss
2324 silly fetch manifest commander@^4.1.1
2325 silly packumentCache full:https://registry.npmjs.org/commander cache-hit
2326 silly fetch manifest he@^1.2.0
2327 silly packumentCache full:https://registry.npmjs.org/he cache-miss
2328 silly fetch manifest param-case@^3.0.3
2329 silly packumentCache full:https://registry.npmjs.org/param-case cache-miss
2330 silly fetch manifest relateurl@^0.2.7
2331 silly packumentCache full:https://registry.npmjs.org/relateurl cache-miss
2332 silly fetch manifest terser@^4.6.3
2333 silly packumentCache full:https://registry.npmjs.org/terser cache-miss
2334 silly fetch manifest domutils@^2.0.0
2335 silly packumentCache full:https://registry.npmjs.org/domutils cache-miss
2336 silly fetch manifest entities@^2.0.0
2337 silly packumentCache full:https://registry.npmjs.org/entities cache-miss
2338 silly fetch manifest domhandler@^3.0.0
2339 silly packumentCache full:https://registry.npmjs.org/domhandler cache-miss
2340 silly fetch manifest domelementtype@^2.0.1
2341 silly packumentCache full:https://registry.npmjs.org/domelementtype cache-miss
2342 http fetch GET 200 https://registry.npmjs.org/clean-css 100ms (cache hit)
2343 silly packumentCache full:https://registry.npmjs.org/clean-css set size:427319 disposed:false
2344 http fetch GET 200 https://registry.npmjs.org/terser 112ms (cache hit)
2345 silly packumentCache full:https://registry.npmjs.org/terser set size:789927 disposed:false
2346 http fetch GET 200 https://registry.npmjs.org/camel-case 144ms (cache miss)
2347 silly packumentCache full:https://registry.npmjs.org/camel-case set size:undefined disposed:false
2348 http fetch GET 200 https://registry.npmjs.org/he 144ms (cache miss)
2349 silly packumentCache full:https://registry.npmjs.org/he set size:undefined disposed:false
2350 http fetch GET 200 https://registry.npmjs.org/relateurl 144ms (cache miss)
2351 silly packumentCache full:https://registry.npmjs.org/relateurl set size:undefined disposed:false
2352 http fetch GET 200 https://registry.npmjs.org/domelementtype 136ms (cache miss)
2353 silly packumentCache full:https://registry.npmjs.org/domelementtype set size:undefined disposed:false
2354 http fetch GET 200 https://registry.npmjs.org/param-case 156ms (cache miss)
2355 silly packumentCache full:https://registry.npmjs.org/param-case set size:undefined disposed:false
2356 http fetch GET 200 https://registry.npmjs.org/domhandler 148ms (cache miss)
2357 silly packumentCache full:https://registry.npmjs.org/domhandler set size:undefined disposed:false
2358 http fetch GET 200 https://registry.npmjs.org/entities 154ms (cache miss)
2359 silly packumentCache full:https://registry.npmjs.org/entities set size:undefined disposed:false
2360 http fetch GET 200 https://registry.npmjs.org/domutils 161ms (cache miss)
2361 silly packumentCache full:https://registry.npmjs.org/domutils set size:undefined disposed:false
2362 silly placeDep ROOT camel-case@4.1.2 OK for: html-minifier-terser@5.1.1 want: ^4.1.1
2363 silly placeDep node_modules/html-minifier-terser clean-css@4.2.4 OK for: html-minifier-terser@5.1.1 want: ^4.2.3
2364 silly placeDep node_modules/html-minifier-terser commander@4.1.1 OK for: html-minifier-terser@5.1.1 want: ^4.1.1
2365 silly placeDep ROOT he@1.2.0 OK for: html-minifier-terser@5.1.1 want: ^1.2.0
2366 silly placeDep ROOT param-case@3.0.4 OK for: html-minifier-terser@5.1.1 want: ^3.0.3
2367 silly placeDep ROOT relateurl@0.2.7 OK for: html-minifier-terser@5.1.1 want: ^0.2.7
2368 silly placeDep node_modules/html-minifier-terser terser@4.8.1 OK for: html-minifier-terser@5.1.1 want: ^4.6.3
2369 silly fetch manifest pascal-case@^3.1.2
2370 silly packumentCache full:https://registry.npmjs.org/pascal-case cache-miss
2371 silly fetch manifest tslib@^2.0.3
2372 silly packumentCache full:https://registry.npmjs.org/tslib cache-miss
2373 silly fetch manifest dot-case@^3.0.4
2374 silly packumentCache full:https://registry.npmjs.org/dot-case cache-miss
2375 silly fetch manifest tslib@^2.0.3
2376 silly packumentCache full:https://registry.npmjs.org/tslib cache-miss
2377 silly fetch manifest source-map-support@~0.5.12
2378 silly packumentCache full:https://registry.npmjs.org/source-map-support cache-miss
2379 http fetch GET 200 https://registry.npmjs.org/source-map-support 20ms (cache hit)
2380 silly packumentCache full:https://registry.npmjs.org/source-map-support set size:125488 disposed:false
2381 http fetch GET 200 https://registry.npmjs.org/dot-case 54ms (cache miss)
2382 silly packumentCache full:https://registry.npmjs.org/dot-case set size:undefined disposed:false
2383 http fetch GET 200 https://registry.npmjs.org/pascal-case 60ms (cache miss)
2384 silly packumentCache full:https://registry.npmjs.org/pascal-case set size:undefined disposed:false
2385 http fetch GET 200 https://registry.npmjs.org/tslib 64ms (cache miss)
2386 silly packumentCache full:https://registry.npmjs.org/tslib set size:undefined disposed:false
2387 http fetch GET 200 https://registry.npmjs.org/tslib 69ms (cache miss)
2388 silly packumentCache full:https://registry.npmjs.org/tslib set size:undefined disposed:false
2389 silly placeDep ROOT pascal-case@3.1.2 OK for: camel-case@4.1.2 want: ^3.1.2
2390 silly placeDep ROOT tslib@2.8.1 OK for: camel-case@4.1.2 want: ^2.0.3
2391 silly fetch manifest no-case@^3.0.4
2392 silly packumentCache full:https://registry.npmjs.org/no-case cache-miss
2393 http fetch GET 200 https://registry.npmjs.org/no-case 46ms (cache miss)
2394 silly packumentCache full:https://registry.npmjs.org/no-case set size:undefined disposed:false
2395 silly placeDep ROOT domelementtype@2.3.0 OK for: htmlparser2@4.1.0 want: ^2.0.1
2396 silly placeDep ROOT domhandler@3.3.0 OK for: htmlparser2@4.1.0 want: ^3.0.0
2397 silly placeDep ROOT domutils@2.8.0 OK for: htmlparser2@4.1.0 want: ^2.0.0
2398 silly placeDep ROOT entities@2.2.0 OK for: htmlparser2@4.1.0 want: ^2.0.0
2399 silly fetch manifest domhandler@^4.2.0
2400 silly packumentCache full:https://registry.npmjs.org/domhandler cache-miss
2401 silly fetch manifest dom-serializer@^1.0.1
2402 silly packumentCache full:https://registry.npmjs.org/dom-serializer cache-miss
2403 http fetch GET 200 https://registry.npmjs.org/domhandler 39ms (cache hit)
2404 silly packumentCache full:https://registry.npmjs.org/domhandler set size:78187 disposed:false
2405 http fetch GET 200 https://registry.npmjs.org/dom-serializer 86ms (cache miss)
2406 silly packumentCache full:https://registry.npmjs.org/dom-serializer set size:undefined disposed:false
2407 silly placeDep ROOT dom-serializer@1.4.1 OK for: domutils@2.8.0 want: ^1.0.1
2408 silly placeDep node_modules/domutils domhandler@4.3.1 OK for: domutils@2.8.0 want: ^4.2.0
2409 silly placeDep node_modules/dom-serializer domhandler@4.3.1 OK for: dom-serializer@1.4.1 want: ^4.2.0
2410 silly placeDep ROOT file-type@12.4.2 OK for: imagemin@7.0.1 want: ^12.0.0
2411 silly placeDep ROOT globby@10.0.2 OK for: imagemin@7.0.1 want: ^10.0.0
2412 silly placeDep ROOT junk@3.1.0 OK for: imagemin@7.0.1 want: ^3.1.0
2413 silly placeDep ROOT p-pipe@3.1.0 OK for: imagemin@7.0.1 want: ^3.0.0
2414 silly placeDep ROOT replace-ext@1.0.1 OK for: imagemin@7.0.1 want: ^1.0.0
2415 silly fetch manifest slash@^3.0.0
2416 silly packumentCache full:https://registry.npmjs.org/slash cache-miss
2417 silly fetch manifest ignore@^5.1.1
2418 silly packumentCache full:https://registry.npmjs.org/ignore cache-miss
2419 silly fetch manifest merge2@^1.2.3
2420 silly packumentCache full:https://registry.npmjs.org/merge2 cache-miss
2421 silly fetch manifest dir-glob@^3.0.1
2422 silly packumentCache full:https://registry.npmjs.org/dir-glob cache-miss
2423 silly fetch manifest fast-glob@^3.0.3
2424 silly packumentCache full:https://registry.npmjs.org/fast-glob cache-miss
2425 silly fetch manifest @types/glob@^7.1.1
2426 silly packumentCache full:https://registry.npmjs.org/@types%2fglob cache-miss
2427 silly fetch manifest array-union@^2.1.0
2428 silly packumentCache full:https://registry.npmjs.org/array-union cache-miss
2429 http fetch GET 200 https://registry.npmjs.org/fast-glob 35ms (cache hit)
2430 silly packumentCache full:https://registry.npmjs.org/fast-glob set size:220556 disposed:false
2431 http fetch GET 200 https://registry.npmjs.org/slash 84ms (cache miss)
2432 silly packumentCache full:https://registry.npmjs.org/slash set size:undefined disposed:false
2433 http fetch GET 200 https://registry.npmjs.org/dir-glob 81ms (cache miss)
2434 silly packumentCache full:https://registry.npmjs.org/dir-glob set size:undefined disposed:false
2435 http fetch GET 200 https://registry.npmjs.org/merge2 92ms (cache miss)
2436 silly packumentCache full:https://registry.npmjs.org/merge2 set size:undefined disposed:false
2437 http fetch GET 200 https://registry.npmjs.org/array-union 86ms (cache miss)
2438 silly packumentCache full:https://registry.npmjs.org/array-union set size:undefined disposed:false
2439 http fetch GET 200 https://registry.npmjs.org/ignore 100ms (cache miss)
2440 silly packumentCache full:https://registry.npmjs.org/ignore set size:undefined disposed:false
2441 http fetch GET 200 https://registry.npmjs.org/@types%2fglob 345ms (cache miss)
2442 silly packumentCache full:https://registry.npmjs.org/@types%2fglob set size:undefined disposed:false
2443 silly placeDep ROOT @types/glob@7.2.0 OK for: globby@10.0.2 want: ^7.1.1
2444 silly placeDep ROOT array-union@2.1.0 OK for: globby@10.0.2 want: ^2.1.0
2445 silly placeDep ROOT dir-glob@3.0.1 OK for: globby@10.0.2 want: ^3.0.1
2446 silly placeDep ROOT fast-glob@3.3.3 OK for: globby@10.0.2 want: ^3.0.3
2447 silly placeDep ROOT ignore@5.3.2 OK for: globby@10.0.2 want: ^5.1.1
2448 silly placeDep ROOT merge2@1.4.1 OK for: globby@10.0.2 want: ^1.2.3
2449 silly placeDep ROOT slash@3.0.0 OK for: globby@10.0.2 want: ^3.0.0
2450 silly fetch manifest @types/minimatch@*
2451 silly packumentCache full:https://registry.npmjs.org/@types%2fminimatch cache-miss
2452 silly fetch manifest path-type@^4.0.0
2453 silly packumentCache full:https://registry.npmjs.org/path-type cache-miss
2454 silly fetch manifest @nodelib/fs.stat@^2.0.2
2455 silly packumentCache full:https://registry.npmjs.org/@nodelib%2ffs.stat cache-miss
2456 silly fetch manifest @nodelib/fs.walk@^1.2.3
2457 silly packumentCache full:https://registry.npmjs.org/@nodelib%2ffs.walk cache-miss
2458 silly fetch manifest merge2@^1.3.0
2459 silly packumentCache full:https://registry.npmjs.org/merge2 cache-miss
2460 http fetch GET 200 https://registry.npmjs.org/merge2 52ms (cache hit)
2461 silly packumentCache full:https://registry.npmjs.org/merge2 set size:46159 disposed:false
2462 http fetch GET 200 https://registry.npmjs.org/path-type 115ms (cache miss)
2463 silly packumentCache full:https://registry.npmjs.org/path-type set size:undefined disposed:false
2464 http fetch GET 200 https://registry.npmjs.org/@nodelib%2ffs.walk 102ms (cache miss)
2465 silly packumentCache full:https://registry.npmjs.org/@nodelib%2ffs.walk set size:undefined disposed:false
2466 http fetch GET 200 https://registry.npmjs.org/@nodelib%2ffs.stat 110ms (cache miss)
2467 silly packumentCache full:https://registry.npmjs.org/@nodelib%2ffs.stat set size:undefined disposed:false
2468 http fetch GET 200 https://registry.npmjs.org/@types%2fminimatch 293ms (cache miss)
2469 silly packumentCache full:https://registry.npmjs.org/@types%2fminimatch set size:undefined disposed:false
2470 silly placeDep ROOT @types/minimatch@5.1.2 OK for: @types/glob@7.2.0 want: *
2471 silly placeDep ROOT path-type@4.0.0 OK for: dir-glob@3.0.1 want: ^4.0.0
2472 silly placeDep ROOT @nodelib/fs.stat@2.0.5 OK for: fast-glob@3.3.3 want: ^2.0.2
2473 silly placeDep ROOT @nodelib/fs.walk@1.2.8 OK for: fast-glob@3.3.3 want: ^1.2.3
2474 silly placeDep ROOT micromatch@4.0.8 OK for: fast-glob@3.3.3 want: ^4.0.8
2475 silly fetch manifest fastq@^1.6.0
2476 silly packumentCache full:https://registry.npmjs.org/fastq cache-miss
2477 silly fetch manifest @nodelib/fs.scandir@2.1.5
2478 silly packumentCache full:https://registry.npmjs.org/@nodelib%2ffs.scandir cache-miss
2479 http fetch GET 200 https://registry.npmjs.org/fastq 49ms (cache miss)
2480 silly packumentCache full:https://registry.npmjs.org/fastq set size:undefined disposed:false
2481 http fetch GET 200 https://registry.npmjs.org/@nodelib%2ffs.scandir 66ms (cache miss)
2482 silly packumentCache full:https://registry.npmjs.org/@nodelib%2ffs.scandir set size:undefined disposed:false
2483 silly placeDep ROOT @nodelib/fs.scandir@2.1.5 OK for: @nodelib/fs.walk@1.2.8 want: 2.1.5
2484 silly placeDep ROOT fastq@1.20.1 OK for: @nodelib/fs.walk@1.2.8 want: ^1.6.0
2485 silly fetch manifest run-parallel@^1.1.9
2486 silly packumentCache full:https://registry.npmjs.org/run-parallel cache-miss
2487 silly fetch manifest reusify@^1.0.4
2488 silly packumentCache full:https://registry.npmjs.org/reusify cache-miss
2489 http fetch GET 200 https://registry.npmjs.org/reusify 59ms (cache miss)
2490 silly packumentCache full:https://registry.npmjs.org/reusify set size:undefined disposed:false
2491 http fetch GET 200 https://registry.npmjs.org/run-parallel 65ms (cache miss)
2492 silly packumentCache full:https://registry.npmjs.org/run-parallel set size:undefined disposed:false
2493 silly placeDep ROOT run-parallel@1.2.0 OK for: @nodelib/fs.scandir@2.1.5 want: ^1.1.9
2494 silly fetch manifest queue-microtask@^1.2.2
2495 silly packumentCache full:https://registry.npmjs.org/queue-microtask cache-miss
2496 http fetch GET 200 https://registry.npmjs.org/queue-microtask 40ms (cache miss)
2497 silly packumentCache full:https://registry.npmjs.org/queue-microtask set size:undefined disposed:false
2498 silly placeDep ROOT reusify@1.1.0 OK for: fastq@1.20.1 want: ^1.0.4
2499 silly placeDep node_modules/img-loader loader-utils@1.4.2 OK for: img-loader@4.0.0 want: ^1.1.0
2500 silly fetch manifest json5@^1.0.1
2501 silly packumentCache full:https://registry.npmjs.org/json5 cache-miss
2502 http fetch GET 200 https://registry.npmjs.org/json5 27ms (cache hit)
2503 silly packumentCache full:https://registry.npmjs.org/json5 set size:86136 disposed:false
2504 silly placeDep ROOT wrappy@1.0.2 OK for: inflight@1.0.6 want: 1
2505 silly placeDep ROOT binary-extensions@2.3.0 OK for: is-binary-path@2.1.0 want: ^2.0.0
2506 silly placeDep ROOT is-extglob@2.1.1 OK for: is-glob@4.0.3 want: ^2.1.1
2507 silly placeDep ROOT big.js@5.2.2 OK for: loader-utils@2.0.4 want: ^5.2.2
2508 silly placeDep ROOT emojis-list@3.0.0 OK for: loader-utils@2.0.4 want: ^3.0.0
2509 silly placeDep ROOT yallist@3.1.1 OK for: lru-cache@5.1.1 want: ^3.0.2
2510 silly placeDep node_modules/make-dir semver@6.3.1 OK for: make-dir@3.1.0 want: ^6.0.0
2511 silly placeDep ROOT charenc@0.0.2 OK for: md5@2.3.0 want: 0.0.2
2512 silly placeDep ROOT crypt@0.0.2 OK for: md5@2.3.0 want: 0.0.2
2513 silly placeDep ROOT is-buffer@1.1.6 OK for: md5@2.3.0 want: ~1.1.6
2514 silly placeDep node_modules/mini-css-extract-plugin schema-utils@3.3.0 OK for: mini-css-extract-plugin@1.6.2 want: ^3.0.0
2515 silly placeDep ROOT webpack-sources@1.4.3 OK for: mini-css-extract-plugin@1.6.2 want: ^1.1.0
2516 silly fetch manifest source-list-map@^2.0.0
2517 silly packumentCache full:https://registry.npmjs.org/source-list-map cache-miss
2518 http fetch GET 200 https://registry.npmjs.org/source-list-map 310ms (cache miss)
2519 silly packumentCache full:https://registry.npmjs.org/source-list-map set size:undefined disposed:false
2520 silly placeDep ROOT brace-expansion@1.1.13 OK for: minimatch@3.1.5 want: ^1.1.7
2521 silly fetch manifest concat-map@0.0.1
2522 silly packumentCache full:https://registry.npmjs.org/concat-map cache-miss
2523 silly fetch manifest balanced-match@^1.0.0
2524 silly packumentCache full:https://registry.npmjs.org/balanced-match cache-miss
2525 http fetch GET 200 https://registry.npmjs.org/concat-map 49ms (cache miss)
2526 silly packumentCache full:https://registry.npmjs.org/concat-map set size:undefined disposed:false
2527 http fetch GET 200 https://registry.npmjs.org/balanced-match 53ms (cache miss)
2528 silly packumentCache full:https://registry.npmjs.org/balanced-match set size:undefined disposed:false
2529 silly placeDep ROOT balanced-match@1.0.2 OK for: brace-expansion@1.1.13 want: ^1.0.0
2530 silly placeDep ROOT concat-map@0.0.1 OK for: brace-expansion@1.1.13 want: 0.0.1
2531 silly placeDep ROOT assert@1.5.1 OK for: node-libs-browser@2.2.1 want: ^1.1.1
2532 silly placeDep ROOT browserify-zlib@0.2.0 OK for: node-libs-browser@2.2.1 want: ^0.2.0
2533 silly placeDep ROOT buffer@4.9.2 OK for: node-libs-browser@2.2.1 want: ^4.3.0
2534 silly placeDep ROOT console-browserify@1.2.0 OK for: node-libs-browser@2.2.1 want: ^1.1.0
2535 silly placeDep ROOT constants-browserify@1.0.0 OK for: node-libs-browser@2.2.1 want: ^1.0.0
2536 silly placeDep ROOT crypto-browserify@3.12.1 OK for: node-libs-browser@2.2.1 want: ^3.11.0
2537 silly placeDep ROOT domain-browser@1.2.0 OK for: node-libs-browser@2.2.1 want: ^1.1.1
2538 silly placeDep ROOT events@3.3.0 OK for: node-libs-browser@2.2.1 want: ^3.0.0
2539 silly placeDep ROOT https-browserify@1.0.0 OK for: node-libs-browser@2.2.1 want: ^1.0.0
2540 silly placeDep ROOT os-browserify@0.3.0 OK for: node-libs-browser@2.2.1 want: ^0.3.0
2541 silly placeDep ROOT path-browserify@0.0.1 OK for: node-libs-browser@2.2.1 want: 0.0.1
2542 silly placeDep ROOT process@0.11.10 OK for: node-libs-browser@2.2.1 want: ^0.11.10
2543 silly placeDep ROOT punycode@1.4.1 OK for: node-libs-browser@2.2.1 want: ^1.2.4
2544 silly placeDep ROOT querystring-es3@0.2.1 OK for: node-libs-browser@2.2.1 want: ^0.2.0
2545 silly placeDep ROOT readable-stream@2.3.8 OK for: node-libs-browser@2.2.1 want: ^2.3.3
2546 silly placeDep ROOT stream-browserify@2.0.2 OK for: node-libs-browser@2.2.1 want: ^2.0.1
2547 silly placeDep ROOT stream-http@2.8.3 OK for: node-libs-browser@2.2.1 want: ^2.7.2
2548 silly placeDep ROOT string_decoder@1.3.0 OK for: node-libs-browser@2.2.1 want: ^1.0.0
2549 silly placeDep ROOT timers-browserify@2.0.12 OK for: node-libs-browser@2.2.1 want: ^2.0.4
2550 silly placeDep ROOT tty-browserify@0.0.0 OK for: node-libs-browser@2.2.1 want: 0.0.0
2551 silly placeDep ROOT url@0.11.4 OK for: node-libs-browser@2.2.1 want: ^0.11.0
2552 silly placeDep ROOT util@0.11.1 OK for: node-libs-browser@2.2.1 want: ^0.11.0
2553 silly placeDep ROOT vm-browserify@1.1.2 OK for: node-libs-browser@2.2.1 want: ^1.0.1
2554 silly fetch manifest util@^0.10.4
2555 silly packumentCache full:https://registry.npmjs.org/util cache-miss
2556 silly fetch manifest object.assign@^4.1.4
2557 silly packumentCache full:https://registry.npmjs.org/object.assign cache-miss
2558 silly fetch manifest pako@~1.0.5
2559 silly packumentCache full:https://registry.npmjs.org/pako cache-miss
2560 silly fetch manifest base64-js@^1.0.2
2561 silly packumentCache full:https://registry.npmjs.org/base64-js cache-miss
2562 silly fetch manifest ieee754@^1.1.4
2563 silly packumentCache full:https://registry.npmjs.org/ieee754 cache-miss
2564 silly fetch manifest isarray@^1.0.0
2565 silly packumentCache full:https://registry.npmjs.org/isarray cache-miss
2566 silly fetch manifest browserify-cipher@^1.0.1
2567 silly packumentCache full:https://registry.npmjs.org/browserify-cipher cache-miss
2568 silly fetch manifest browserify-sign@^4.2.3
2569 silly packumentCache full:https://registry.npmjs.org/browserify-sign cache-miss
2570 silly fetch manifest create-ecdh@^4.0.4
2571 silly packumentCache full:https://registry.npmjs.org/create-ecdh cache-miss
2572 silly fetch manifest create-hash@^1.2.0
2573 silly packumentCache full:https://registry.npmjs.org/create-hash cache-miss
2574 silly fetch manifest create-hmac@^1.1.7
2575 silly packumentCache full:https://registry.npmjs.org/create-hmac cache-miss
2576 silly fetch manifest diffie-hellman@^5.0.3
2577 silly packumentCache full:https://registry.npmjs.org/diffie-hellman cache-miss
2578 silly fetch manifest hash-base@~3.0.4
2579 silly packumentCache full:https://registry.npmjs.org/hash-base cache-miss
2580 silly fetch manifest pbkdf2@^3.1.2
2581 silly packumentCache full:https://registry.npmjs.org/pbkdf2 cache-miss
2582 silly fetch manifest public-encrypt@^4.0.3
2583 silly packumentCache full:https://registry.npmjs.org/public-encrypt cache-miss
2584 silly fetch manifest randombytes@^2.1.0
2585 silly packumentCache full:https://registry.npmjs.org/randombytes cache-miss
2586 silly fetch manifest randomfill@^1.0.4
2587 silly packumentCache full:https://registry.npmjs.org/randomfill cache-miss
2588 silly fetch manifest isarray@~1.0.0
2589 silly packumentCache full:https://registry.npmjs.org/isarray cache-miss
2590 silly fetch manifest safe-buffer@~5.1.1
2591 silly packumentCache full:https://registry.npmjs.org/safe-buffer cache-miss
2592 silly fetch manifest core-util-is@~1.0.0
2593 silly packumentCache full:https://registry.npmjs.org/core-util-is cache-miss
2594 silly fetch manifest string_decoder@~1.1.1
2595 silly packumentCache full:https://registry.npmjs.org/string_decoder cache-miss
2596 http fetch GET 200 https://registry.npmjs.org/browserify-cipher 216ms (cache miss)
2597 silly packumentCache full:https://registry.npmjs.org/browserify-cipher set size:undefined disposed:false
2598 silly fetch manifest util-deprecate@~1.0.1
2599 silly packumentCache full:https://registry.npmjs.org/util-deprecate cache-miss
2600 http fetch GET 200 https://registry.npmjs.org/isarray 226ms (cache miss)
2601 silly packumentCache full:https://registry.npmjs.org/isarray set size:undefined disposed:false
2602 silly fetch manifest process-nextick-args@~2.0.0
2603 silly packumentCache full:https://registry.npmjs.org/process-nextick-args cache-miss
2604 http fetch GET 200 https://registry.npmjs.org/randombytes 212ms (cache miss)
2605 silly packumentCache full:https://registry.npmjs.org/randombytes set size:undefined disposed:false
2606 silly fetch manifest builtin-status-codes@^3.0.0
2607 silly packumentCache full:https://registry.npmjs.org/builtin-status-codes cache-miss
2608 http fetch GET 200 https://registry.npmjs.org/base64-js 241ms (cache miss)
2609 silly packumentCache full:https://registry.npmjs.org/base64-js set size:undefined disposed:false
2610 silly fetch manifest to-arraybuffer@^1.0.0
2611 silly packumentCache full:https://registry.npmjs.org/to-arraybuffer cache-miss
2612 http fetch GET 200 https://registry.npmjs.org/ieee754 242ms (cache miss)
2613 silly packumentCache full:https://registry.npmjs.org/ieee754 set size:undefined disposed:false
2614 silly fetch manifest xtend@^4.0.0
2615 silly packumentCache full:https://registry.npmjs.org/xtend cache-miss
2616 http fetch GET 200 https://registry.npmjs.org/string_decoder 208ms (cache hit)
2617 silly packumentCache full:https://registry.npmjs.org/string_decoder set size:28441 disposed:false
2618 silly fetch manifest safe-buffer@~5.2.0
2619 silly packumentCache full:https://registry.npmjs.org/safe-buffer cache-miss
2620 http fetch GET 200 https://registry.npmjs.org/util 270ms (cache hit)
2621 silly packumentCache full:https://registry.npmjs.org/util set size:40411 disposed:false
2622 silly fetch manifest setimmediate@^1.0.4
2623 silly packumentCache full:https://registry.npmjs.org/setimmediate cache-miss
2624 http fetch GET 200 https://registry.npmjs.org/diffie-hellman 254ms (cache miss)
2625 silly packumentCache full:https://registry.npmjs.org/diffie-hellman set size:undefined disposed:false
2626 silly fetch manifest qs@^6.12.3
2627 silly packumentCache full:https://registry.npmjs.org/qs cache-miss
2628 http fetch GET 200 https://registry.npmjs.org/core-util-is 235ms (cache miss)
2629 silly packumentCache full:https://registry.npmjs.org/core-util-is set size:undefined disposed:false
2630 silly fetch manifest inherits@2.0.3
2631 silly packumentCache full:https://registry.npmjs.org/inherits cache-miss
2632 http fetch GET 200 https://registry.npmjs.org/randomfill 255ms (cache miss)
2633 silly packumentCache full:https://registry.npmjs.org/randomfill set size:undefined disposed:false
2634 http fetch GET 200 https://registry.npmjs.org/browserify-sign 284ms (cache miss)
2635 silly packumentCache full:https://registry.npmjs.org/browserify-sign set size:undefined disposed:false
2636 http fetch GET 200 https://registry.npmjs.org/safe-buffer 259ms (cache miss)
2637 silly packumentCache full:https://registry.npmjs.org/safe-buffer set size:undefined disposed:false
2638 http fetch GET 200 https://registry.npmjs.org/create-ecdh 289ms (cache miss)
2639 silly packumentCache full:https://registry.npmjs.org/create-ecdh set size:undefined disposed:false
2640 http fetch GET 200 https://registry.npmjs.org/object.assign 318ms (cache miss)
2641 silly packumentCache full:https://registry.npmjs.org/object.assign set size:undefined disposed:false
2642 http fetch GET 200 https://registry.npmjs.org/public-encrypt 292ms (cache miss)
2643 silly packumentCache full:https://registry.npmjs.org/public-encrypt set size:undefined disposed:false
2644 http fetch GET 200 https://registry.npmjs.org/isarray 284ms (cache miss)
2645 silly packumentCache full:https://registry.npmjs.org/isarray set size:undefined disposed:false
2646 http fetch GET 200 https://registry.npmjs.org/hash-base 299ms (cache miss)
2647 silly packumentCache full:https://registry.npmjs.org/hash-base set size:undefined disposed:false
2648 http fetch GET 200 https://registry.npmjs.org/pbkdf2 304ms (cache miss)
2649 silly packumentCache full:https://registry.npmjs.org/pbkdf2 set size:undefined disposed:false
2650 http fetch GET 200 https://registry.npmjs.org/pako 351ms (cache miss)
2651 silly packumentCache full:https://registry.npmjs.org/pako set size:undefined disposed:false
2652 http fetch GET 200 https://registry.npmjs.org/util-deprecate 164ms (cache miss)
2653 silly packumentCache full:https://registry.npmjs.org/util-deprecate set size:undefined disposed:false
2654 http fetch GET 200 https://registry.npmjs.org/builtin-status-codes 150ms (cache miss)
2655 silly packumentCache full:https://registry.npmjs.org/builtin-status-codes set size:undefined disposed:false
2656 http fetch GET 200 https://registry.npmjs.org/process-nextick-args 168ms (cache miss)
2657 silly packumentCache full:https://registry.npmjs.org/process-nextick-args set size:undefined disposed:false
2658 http fetch GET 200 https://registry.npmjs.org/safe-buffer 155ms (cache hit)
2659 silly packumentCache full:https://registry.npmjs.org/safe-buffer set size:41183 disposed:false
2660 http fetch GET 200 https://registry.npmjs.org/xtend 169ms (cache miss)
2661 silly packumentCache full:https://registry.npmjs.org/xtend set size:undefined disposed:false
2662 http fetch GET 200 https://registry.npmjs.org/inherits 137ms (cache hit)
2663 silly packumentCache full:https://registry.npmjs.org/inherits set size:12925 disposed:false
2664 http fetch GET 200 https://registry.npmjs.org/setimmediate 162ms (cache miss)
2665 silly packumentCache full:https://registry.npmjs.org/setimmediate set size:undefined disposed:false
2666 http fetch GET 200 https://registry.npmjs.org/create-hmac 408ms (cache miss)
2667 silly packumentCache full:https://registry.npmjs.org/create-hmac set size:undefined disposed:false
2668 http fetch GET 200 https://registry.npmjs.org/create-hash 417ms (cache miss)
2669 silly packumentCache full:https://registry.npmjs.org/create-hash set size:undefined disposed:false
2670 http fetch GET 200 https://registry.npmjs.org/qs 176ms (cache miss)
2671 silly packumentCache full:https://registry.npmjs.org/qs set size:undefined disposed:false
2672 http fetch GET 200 https://registry.npmjs.org/to-arraybuffer 284ms (cache miss)
2673 silly packumentCache full:https://registry.npmjs.org/to-arraybuffer set size:undefined disposed:false
2674 silly placeDep ROOT object.assign@4.1.7 OK for: assert@1.5.1 want: ^4.1.4
2675 silly placeDep node_modules/assert util@0.10.4 OK for: assert@1.5.1 want: ^0.10.4
2676 silly fetch manifest call-bind@^1.0.8
2677 silly packumentCache full:https://registry.npmjs.org/call-bind cache-miss
2678 silly fetch manifest call-bound@^1.0.3
2679 silly packumentCache full:https://registry.npmjs.org/call-bound cache-miss
2680 silly fetch manifest define-properties@^1.2.1
2681 silly packumentCache full:https://registry.npmjs.org/define-properties cache-miss
2682 silly fetch manifest es-object-atoms@^1.0.0
2683 silly packumentCache full:https://registry.npmjs.org/es-object-atoms cache-miss
2684 silly fetch manifest has-symbols@^1.1.0
2685 silly packumentCache full:https://registry.npmjs.org/has-symbols cache-miss
2686 silly fetch manifest object-keys@^1.1.1
2687 silly packumentCache full:https://registry.npmjs.org/object-keys cache-miss
2688 http fetch GET 200 https://registry.npmjs.org/call-bound 470ms (cache miss)
2689 silly packumentCache full:https://registry.npmjs.org/call-bound set size:undefined disposed:false
2690 http fetch GET 200 https://registry.npmjs.org/es-object-atoms 480ms (cache miss)
2691 silly packumentCache full:https://registry.npmjs.org/es-object-atoms set size:undefined disposed:false
2692 http fetch GET 200 https://registry.npmjs.org/define-properties 505ms (cache miss)
2693 silly packumentCache full:https://registry.npmjs.org/define-properties set size:undefined disposed:false
2694 http fetch GET 200 https://registry.npmjs.org/object-keys 513ms (cache miss)
2695 silly packumentCache full:https://registry.npmjs.org/object-keys set size:undefined disposed:false
2696 http fetch GET 200 https://registry.npmjs.org/call-bind 566ms (cache miss)
2697 silly packumentCache full:https://registry.npmjs.org/call-bind set size:undefined disposed:false
2698 http fetch GET 200 https://registry.npmjs.org/has-symbols 538ms (cache miss)
2699 silly packumentCache full:https://registry.npmjs.org/has-symbols set size:undefined disposed:false
2700 silly placeDep ROOT pako@1.0.11 OK for: browserify-zlib@0.2.0 want: ~1.0.5
2701 silly placeDep ROOT base64-js@1.5.1 OK for: buffer@4.9.2 want: ^1.0.2
2702 silly placeDep ROOT ieee754@1.2.1 OK for: buffer@4.9.2 want: ^1.1.4
2703 silly placeDep ROOT isarray@1.0.0 OK for: buffer@4.9.2 want: ^1.0.0
2704 silly placeDep ROOT browserify-cipher@1.0.1 OK for: crypto-browserify@3.12.1 want: ^1.0.1
2705 silly placeDep ROOT browserify-sign@4.2.5 OK for: crypto-browserify@3.12.1 want: ^4.2.3
2706 silly placeDep ROOT create-ecdh@4.0.4 OK for: crypto-browserify@3.12.1 want: ^4.0.4
2707 silly placeDep ROOT create-hash@1.2.0 OK for: crypto-browserify@3.12.1 want: ^1.2.0
2708 silly placeDep ROOT create-hmac@1.1.7 OK for: crypto-browserify@3.12.1 want: ^1.1.7
2709 silly placeDep ROOT diffie-hellman@5.0.3 OK for: crypto-browserify@3.12.1 want: ^5.0.3
2710 silly placeDep ROOT hash-base@3.0.5 OK for: crypto-browserify@3.12.1 want: ~3.0.4
2711 silly placeDep ROOT pbkdf2@3.1.5 OK for: crypto-browserify@3.12.1 want: ^3.1.2
2712 silly placeDep ROOT public-encrypt@4.0.3 OK for: crypto-browserify@3.12.1 want: ^4.0.3
2713 silly placeDep ROOT randombytes@2.1.0 OK for: crypto-browserify@3.12.1 want: ^2.1.0
2714 silly placeDep ROOT randomfill@1.0.4 OK for: crypto-browserify@3.12.1 want: ^1.0.4
2715 silly fetch manifest browserify-aes@^1.0.4
2716 silly packumentCache full:https://registry.npmjs.org/browserify-aes cache-miss
2717 silly fetch manifest browserify-des@^1.0.0
2718 silly packumentCache full:https://registry.npmjs.org/browserify-des cache-miss
2719 silly fetch manifest evp_bytestokey@^1.0.0
2720 silly packumentCache full:https://registry.npmjs.org/evp_bytestokey cache-miss
2721 silly fetch manifest bn.js@^5.2.2
2722 silly packumentCache full:https://registry.npmjs.org/bn.js cache-miss
2723 silly fetch manifest browserify-rsa@^4.1.1
2724 silly packumentCache full:https://registry.npmjs.org/browserify-rsa cache-miss
2725 silly fetch manifest elliptic@^6.6.1
2726 silly packumentCache full:https://registry.npmjs.org/elliptic cache-miss
2727 silly fetch manifest parse-asn1@^5.1.9
2728 silly packumentCache full:https://registry.npmjs.org/parse-asn1 cache-miss
2729 silly fetch manifest safe-buffer@^5.2.1
2730 silly packumentCache full:https://registry.npmjs.org/safe-buffer cache-hit
2731 silly fetch manifest bn.js@^4.1.0
2732 silly packumentCache full:https://registry.npmjs.org/bn.js cache-miss
2733 silly fetch manifest elliptic@^6.5.3
2734 silly packumentCache full:https://registry.npmjs.org/elliptic cache-miss
2735 silly fetch manifest cipher-base@^1.0.1
2736 silly packumentCache full:https://registry.npmjs.org/cipher-base cache-miss
2737 silly fetch manifest md5.js@^1.3.4
2738 silly packumentCache full:https://registry.npmjs.org/md5.js cache-miss
2739 silly fetch manifest ripemd160@^2.0.1
2740 silly packumentCache full:https://registry.npmjs.org/ripemd160 cache-miss
2741 silly fetch manifest sha.js@^2.4.0
2742 silly packumentCache full:https://registry.npmjs.org/sha.js cache-miss
2743 silly fetch manifest cipher-base@^1.0.3
2744 silly packumentCache full:https://registry.npmjs.org/cipher-base cache-miss
2745 silly fetch manifest ripemd160@^2.0.0
2746 silly packumentCache full:https://registry.npmjs.org/ripemd160 cache-miss
2747 silly fetch manifest safe-buffer@^5.0.1
2748 silly packumentCache full:https://registry.npmjs.org/safe-buffer cache-hit
2749 silly fetch manifest sha.js@^2.4.8
2750 silly packumentCache full:https://registry.npmjs.org/sha.js cache-miss
2751 silly fetch manifest bn.js@^4.1.0
2752 silly packumentCache full:https://registry.npmjs.org/bn.js cache-miss
2753 silly fetch manifest miller-rabin@^4.0.0
2754 silly packumentCache full:https://registry.npmjs.org/miller-rabin cache-miss
2755 silly fetch manifest randombytes@^2.0.0
2756 silly packumentCache full:https://registry.npmjs.org/randombytes cache-miss
2757 silly fetch manifest ripemd160@^2.0.3
2758 silly packumentCache full:https://registry.npmjs.org/ripemd160 cache-miss
2759 silly fetch manifest sha.js@^2.4.12
2760 silly packumentCache full:https://registry.npmjs.org/sha.js cache-miss
2761 http fetch GET 200 https://registry.npmjs.org/parse-asn1 404ms (cache miss)
2762 silly packumentCache full:https://registry.npmjs.org/parse-asn1 set size:undefined disposed:false
2763 silly fetch manifest to-buffer@^1.2.1
2764 silly packumentCache full:https://registry.npmjs.org/to-buffer cache-miss
2765 http fetch GET 200 https://registry.npmjs.org/cipher-base 413ms (cache miss)
2766 silly packumentCache full:https://registry.npmjs.org/cipher-base set size:undefined disposed:false
2767 silly fetch manifest bn.js@^4.1.0
2768 silly packumentCache full:https://registry.npmjs.org/bn.js cache-miss
2769 http fetch GET 200 https://registry.npmjs.org/browserify-aes 439ms (cache miss)
2770 silly packumentCache full:https://registry.npmjs.org/browserify-aes set size:undefined disposed:false
2771 silly fetch manifest browserify-rsa@^4.0.0
2772 silly packumentCache full:https://registry.npmjs.org/browserify-rsa cache-miss
2773 http fetch GET 200 https://registry.npmjs.org/ripemd160 451ms (cache miss)
2774 silly packumentCache full:https://registry.npmjs.org/ripemd160 set size:undefined disposed:false
2775 silly fetch manifest parse-asn1@^5.0.0
2776 silly packumentCache full:https://registry.npmjs.org/parse-asn1 cache-miss
2777 http fetch GET 200 https://registry.npmjs.org/randombytes 442ms (cache hit)
2778 silly packumentCache full:https://registry.npmjs.org/randombytes set size:17505 disposed:false
2779 silly fetch manifest randombytes@^2.0.1
2780 silly packumentCache full:https://registry.npmjs.org/randombytes cache-hit
2781 silly fetch manifest safe-buffer@^5.1.2
2782 silly packumentCache full:https://registry.npmjs.org/safe-buffer cache-hit
2783 silly fetch manifest safe-buffer@^5.1.0
2784 silly packumentCache full:https://registry.npmjs.org/safe-buffer cache-hit
2785 http fetch GET 200 https://registry.npmjs.org/miller-rabin 478ms (cache miss)
2786 silly packumentCache full:https://registry.npmjs.org/miller-rabin set size:undefined disposed:false
2787 http fetch GET 200 https://registry.npmjs.org/browserify-des 543ms (cache miss)
2788 silly packumentCache full:https://registry.npmjs.org/browserify-des set size:undefined disposed:false
2789 http fetch GET 200 https://registry.npmjs.org/ripemd160 547ms (cache miss)
2790 silly packumentCache full:https://registry.npmjs.org/ripemd160 set size:undefined disposed:false
2791 http fetch GET 200 https://registry.npmjs.org/ripemd160 526ms (cache miss)
2792 silly packumentCache full:https://registry.npmjs.org/ripemd160 set size:undefined disposed:false
2793 http fetch GET 200 https://registry.npmjs.org/sha.js 561ms (cache miss)
2794 silly packumentCache full:https://registry.npmjs.org/sha.js set size:undefined disposed:false
2795 http fetch GET 200 https://registry.npmjs.org/cipher-base 563ms (cache miss)
2796 silly packumentCache full:https://registry.npmjs.org/cipher-base set size:undefined disposed:false
2797 http fetch GET 200 https://registry.npmjs.org/sha.js 552ms (cache miss)
2798 silly packumentCache full:https://registry.npmjs.org/sha.js set size:undefined disposed:false
2799 http fetch GET 200 https://registry.npmjs.org/sha.js 577ms (cache miss)
2800 silly packumentCache full:https://registry.npmjs.org/sha.js set size:undefined disposed:false
2801 http fetch GET 200 https://registry.npmjs.org/bn.js 612ms (cache miss)
2802 silly packumentCache full:https://registry.npmjs.org/bn.js set size:undefined disposed:false
2803 http fetch GET 200 https://registry.npmjs.org/evp_bytestokey 622ms (cache miss)
2804 silly packumentCache full:https://registry.npmjs.org/evp_bytestokey set size:undefined disposed:false
2805 http fetch GET 200 https://registry.npmjs.org/md5.js 611ms (cache miss)
2806 silly packumentCache full:https://registry.npmjs.org/md5.js set size:undefined disposed:false
2807 http fetch GET 200 https://registry.npmjs.org/browserify-rsa 626ms (cache miss)
2808 silly packumentCache full:https://registry.npmjs.org/browserify-rsa set size:undefined disposed:false
2809 http fetch GET 200 https://registry.npmjs.org/bn.js 623ms (cache miss)
2810 silly packumentCache full:https://registry.npmjs.org/bn.js set size:undefined disposed:false
2811 http fetch GET 200 https://registry.npmjs.org/bn.js 614ms (cache miss)
2812 silly packumentCache full:https://registry.npmjs.org/bn.js set size:undefined disposed:false
2813 http fetch GET 200 https://registry.npmjs.org/browserify-rsa 195ms (cache miss)
2814 silly packumentCache full:https://registry.npmjs.org/browserify-rsa set size:undefined disposed:false
2815 http fetch GET 200 https://registry.npmjs.org/to-buffer 230ms (cache miss)
2816 silly packumentCache full:https://registry.npmjs.org/to-buffer set size:undefined disposed:false
2817 http fetch GET 200 https://registry.npmjs.org/parse-asn1 183ms (cache hit)
2818 silly packumentCache full:https://registry.npmjs.org/parse-asn1 set size:41410 disposed:false
2819 http fetch GET 200 https://registry.npmjs.org/elliptic 652ms (cache miss)
2820 silly packumentCache full:https://registry.npmjs.org/elliptic set size:undefined disposed:false
2821 http fetch GET 200 https://registry.npmjs.org/elliptic 651ms (cache miss)
2822 silly packumentCache full:https://registry.npmjs.org/elliptic set size:undefined disposed:false
2823 http fetch GET 200 https://registry.npmjs.org/bn.js 240ms (cache miss)
2824 silly packumentCache full:https://registry.npmjs.org/bn.js set size:undefined disposed:false
2825 silly placeDep ROOT browserify-aes@1.2.0 OK for: browserify-cipher@1.0.1 want: ^1.0.4
2826 silly placeDep ROOT browserify-des@1.0.2 OK for: browserify-cipher@1.0.1 want: ^1.0.0
2827 silly placeDep ROOT evp_bytestokey@1.0.3 OK for: browserify-cipher@1.0.1 want: ^1.0.0
2828 silly fetch manifest buffer-xor@^1.0.3
2829 silly packumentCache full:https://registry.npmjs.org/buffer-xor cache-miss
2830 silly fetch manifest cipher-base@^1.0.0
2831 silly packumentCache full:https://registry.npmjs.org/cipher-base cache-miss
2832 silly fetch manifest evp_bytestokey@^1.0.3
2833 silly packumentCache full:https://registry.npmjs.org/evp_bytestokey cache-miss
2834 silly fetch manifest des.js@^1.0.0
2835 silly packumentCache full:https://registry.npmjs.org/des.js cache-miss
2836 silly fetch manifest safe-buffer@^5.1.1
2837 silly packumentCache full:https://registry.npmjs.org/safe-buffer cache-hit
2838 http fetch GET 200 https://registry.npmjs.org/evp_bytestokey 27ms (cache hit)
2839 silly packumentCache full:https://registry.npmjs.org/evp_bytestokey set size:9803 disposed:false
2840 http fetch GET 200 https://registry.npmjs.org/cipher-base 34ms (cache hit)
2841 silly packumentCache full:https://registry.npmjs.org/cipher-base set size:16522 disposed:false
2842 http fetch GET 200 https://registry.npmjs.org/buffer-xor 48ms (cache miss)
2843 silly packumentCache full:https://registry.npmjs.org/buffer-xor set size:undefined disposed:false
2844 http fetch GET 200 https://registry.npmjs.org/des.js 46ms (cache miss)
2845 silly packumentCache full:https://registry.npmjs.org/des.js set size:undefined disposed:false
2846 silly placeDep ROOT buffer-xor@1.0.3 OK for: browserify-aes@1.2.0 want: ^1.0.3
2847 silly placeDep ROOT cipher-base@1.0.7 OK for: browserify-aes@1.2.0 want: ^1.0.0
2848 silly placeDep ROOT safe-buffer@5.2.1 OK for: browserify-aes@1.2.0 want: ^5.0.1
2849 silly fetch manifest to-buffer@^1.2.2
2850 silly packumentCache full:https://registry.npmjs.org/to-buffer cache-miss
2851 http fetch GET 200 https://registry.npmjs.org/to-buffer 12ms (cache hit)
2852 silly packumentCache full:https://registry.npmjs.org/to-buffer set size:16584 disposed:false
2853 silly placeDep ROOT des.js@1.1.0 OK for: browserify-des@1.0.2 want: ^1.0.0
2854 silly fetch manifest minimalistic-assert@^1.0.0
2855 silly packumentCache full:https://registry.npmjs.org/minimalistic-assert cache-miss
2856 http fetch GET 200 https://registry.npmjs.org/minimalistic-assert 39ms (cache miss)
2857 silly packumentCache full:https://registry.npmjs.org/minimalistic-assert set size:undefined disposed:false
2858 silly placeDep ROOT bn.js@5.2.3 OK for: browserify-sign@4.2.5 want: ^5.2.2
2859 silly placeDep ROOT browserify-rsa@4.1.1 OK for: browserify-sign@4.2.5 want: ^4.1.1
2860 silly placeDep ROOT elliptic@6.6.1 OK for: browserify-sign@4.2.5 want: ^6.6.1
2861 silly placeDep ROOT parse-asn1@5.1.9 OK for: browserify-sign@4.2.5 want: ^5.1.9
2862 silly fetch manifest bn.js@^4.11.9
2863 silly packumentCache full:https://registry.npmjs.org/bn.js cache-miss
2864 silly fetch manifest brorand@^1.1.0
2865 silly packumentCache full:https://registry.npmjs.org/brorand cache-miss
2866 silly fetch manifest hash.js@^1.0.0
2867 silly packumentCache full:https://registry.npmjs.org/hash.js cache-miss
2868 silly fetch manifest hmac-drbg@^1.0.1
2869 silly packumentCache full:https://registry.npmjs.org/hmac-drbg cache-miss
2870 silly fetch manifest minimalistic-assert@^1.0.1
2871 silly packumentCache full:https://registry.npmjs.org/minimalistic-assert cache-miss
2872 silly fetch manifest minimalistic-crypto-utils@^1.0.1
2873 silly packumentCache full:https://registry.npmjs.org/minimalistic-crypto-utils cache-miss
2874 silly fetch manifest asn1.js@^4.10.1
2875 silly packumentCache full:https://registry.npmjs.org/asn1.js cache-miss
2876 http fetch GET 200 https://registry.npmjs.org/bn.js 41ms (cache hit)
2877 silly packumentCache full:https://registry.npmjs.org/bn.js set size:188594 disposed:false
2878 http fetch GET 200 https://registry.npmjs.org/minimalistic-assert 51ms (cache hit)
2879 silly packumentCache full:https://registry.npmjs.org/minimalistic-assert set size:3465 disposed:false
2880 http fetch GET 200 https://registry.npmjs.org/hash.js 70ms (cache miss)
2881 silly packumentCache full:https://registry.npmjs.org/hash.js set size:undefined disposed:false
2882 http fetch GET 200 https://registry.npmjs.org/hmac-drbg 72ms (cache miss)
2883 silly packumentCache full:https://registry.npmjs.org/hmac-drbg set size:undefined disposed:false
2884 http fetch GET 200 https://registry.npmjs.org/minimalistic-crypto-utils 72ms (cache miss)
2885 silly packumentCache full:https://registry.npmjs.org/minimalistic-crypto-utils set size:undefined disposed:false
2886 http fetch GET 200 https://registry.npmjs.org/asn1.js 74ms (cache miss)
2887 silly packumentCache full:https://registry.npmjs.org/asn1.js set size:undefined disposed:false
2888 http fetch GET 200 https://registry.npmjs.org/brorand 271ms (cache miss)
2889 silly packumentCache full:https://registry.npmjs.org/brorand set size:undefined disposed:false
2890 silly placeDep ROOT to-buffer@1.2.2 OK for: cipher-base@1.0.7 want: ^1.2.2
2891 silly fetch manifest isarray@^2.0.5
2892 silly packumentCache full:https://registry.npmjs.org/isarray cache-miss
2893 silly fetch manifest typed-array-buffer@^1.0.3
2894 silly packumentCache full:https://registry.npmjs.org/typed-array-buffer cache-miss
2895 http fetch GET 200 https://registry.npmjs.org/isarray 15ms (cache hit)
2896 silly packumentCache full:https://registry.npmjs.org/isarray set size:17392 disposed:false
2897 http fetch GET 200 https://registry.npmjs.org/typed-array-buffer 35ms (cache miss)
2898 silly packumentCache full:https://registry.npmjs.org/typed-array-buffer set size:undefined disposed:false
2899 silly placeDep node_modules/create-ecdh bn.js@4.12.3 OK for: create-ecdh@4.0.4 want: ^4.1.0
2900 silly placeDep ROOT md5.js@1.3.5 OK for: create-hash@1.2.0 want: ^1.3.4
2901 silly placeDep ROOT ripemd160@2.0.3 OK for: create-hash@1.2.0 want: ^2.0.1
2902 silly placeDep ROOT sha.js@2.4.12 OK for: create-hash@1.2.0 want: ^2.4.0
2903 silly fetch manifest hash-base@^3.1.2
2904 silly packumentCache full:https://registry.npmjs.org/hash-base cache-miss
2905 http fetch GET 200 https://registry.npmjs.org/hash-base 11ms (cache hit)
2906 silly packumentCache full:https://registry.npmjs.org/hash-base set size:31183 disposed:false
2907 silly placeDep ROOT minimalistic-assert@1.0.1 OK for: des.js@1.1.0 want: ^1.0.0
2908 silly placeDep node_modules/diffie-hellman bn.js@4.12.3 OK for: diffie-hellman@5.0.3 want: ^4.1.0
2909 silly placeDep ROOT miller-rabin@4.0.1 OK for: diffie-hellman@5.0.3 want: ^4.0.0
2910 silly fetch manifest bn.js@^4.0.0
2911 silly packumentCache full:https://registry.npmjs.org/bn.js cache-hit
2912 silly fetch manifest brorand@^1.0.1
2913 silly packumentCache full:https://registry.npmjs.org/brorand cache-miss
2914 http fetch GET 200 https://registry.npmjs.org/brorand 17ms (cache hit)
2915 silly packumentCache full:https://registry.npmjs.org/brorand set size:15724 disposed:false
2916 silly placeDep node_modules/elliptic bn.js@4.12.3 OK for: elliptic@6.6.1 want: ^4.11.9
2917 silly placeDep ROOT brorand@1.1.0 OK for: elliptic@6.6.1 want: ^1.1.0
2918 silly placeDep ROOT hash.js@1.1.7 OK for: elliptic@6.6.1 want: ^1.0.0
2919 silly placeDep ROOT hmac-drbg@1.0.1 OK for: elliptic@6.6.1 want: ^1.0.1
2920 silly placeDep ROOT minimalistic-crypto-utils@1.0.1 OK for: elliptic@6.6.1 want: ^1.0.1
2921 silly placeDep node_modules/miller-rabin bn.js@4.12.3 OK for: miller-rabin@4.0.1 want: ^4.0.0
2922 silly placeDep ROOT call-bind@1.0.8 OK for: object.assign@4.1.7 want: ^1.0.8
2923 silly placeDep ROOT call-bound@1.0.4 OK for: object.assign@4.1.7 want: ^1.0.3
2924 silly placeDep ROOT define-properties@1.2.1 OK for: object.assign@4.1.7 want: ^1.2.1
2925 silly placeDep ROOT es-object-atoms@1.1.1 OK for: object.assign@4.1.7 want: ^1.0.0
2926 silly placeDep ROOT has-symbols@1.1.0 OK for: object.assign@4.1.7 want: ^1.1.0
2927 silly placeDep ROOT object-keys@1.1.1 OK for: object.assign@4.1.7 want: ^1.1.1
2928 silly fetch manifest call-bind-apply-helpers@^1.0.0
2929 silly packumentCache full:https://registry.npmjs.org/call-bind-apply-helpers cache-miss
2930 silly fetch manifest es-define-property@^1.0.0
2931 silly packumentCache full:https://registry.npmjs.org/es-define-property cache-miss
2932 silly fetch manifest get-intrinsic@^1.2.4
2933 silly packumentCache full:https://registry.npmjs.org/get-intrinsic cache-miss
2934 silly fetch manifest set-function-length@^1.2.2
2935 silly packumentCache full:https://registry.npmjs.org/set-function-length cache-miss
2936 silly fetch manifest call-bind-apply-helpers@^1.0.2
2937 silly packumentCache full:https://registry.npmjs.org/call-bind-apply-helpers cache-miss
2938 silly fetch manifest get-intrinsic@^1.3.0
2939 silly packumentCache full:https://registry.npmjs.org/get-intrinsic cache-miss
2940 silly fetch manifest define-data-property@^1.0.1
2941 silly packumentCache full:https://registry.npmjs.org/define-data-property cache-miss
2942 silly fetch manifest has-property-descriptors@^1.0.0
2943 silly packumentCache full:https://registry.npmjs.org/has-property-descriptors cache-miss
2944 silly fetch manifest es-errors@^1.3.0
2945 silly packumentCache full:https://registry.npmjs.org/es-errors cache-miss
2946 http fetch GET 200 https://registry.npmjs.org/call-bind-apply-helpers 59ms (cache miss)
2947 silly packumentCache full:https://registry.npmjs.org/call-bind-apply-helpers set size:undefined disposed:false
2948 http fetch GET 200 https://registry.npmjs.org/es-define-property 60ms (cache miss)
2949 silly packumentCache full:https://registry.npmjs.org/es-define-property set size:undefined disposed:false
2950 http fetch GET 200 https://registry.npmjs.org/call-bind-apply-helpers 58ms (cache miss)
2951 silly packumentCache full:https://registry.npmjs.org/call-bind-apply-helpers set size:undefined disposed:false
2952 http fetch GET 200 https://registry.npmjs.org/get-intrinsic 58ms (cache miss)
2953 silly packumentCache full:https://registry.npmjs.org/get-intrinsic set size:undefined disposed:false
2954 http fetch GET 200 https://registry.npmjs.org/get-intrinsic 70ms (cache miss)
2955 silly packumentCache full:https://registry.npmjs.org/get-intrinsic set size:undefined disposed:false
2956 http fetch GET 200 https://registry.npmjs.org/set-function-length 267ms (cache miss)
2957 silly packumentCache full:https://registry.npmjs.org/set-function-length set size:undefined disposed:false
2958 http fetch GET 200 https://registry.npmjs.org/es-errors 269ms (cache miss)
2959 silly packumentCache full:https://registry.npmjs.org/es-errors set size:undefined disposed:false
2960 http fetch GET 200 https://registry.npmjs.org/has-property-descriptors 272ms (cache miss)
2961 silly packumentCache full:https://registry.npmjs.org/has-property-descriptors set size:undefined disposed:false
2962 http fetch GET 200 https://registry.npmjs.org/define-data-property 280ms (cache miss)
2963 silly packumentCache full:https://registry.npmjs.org/define-data-property set size:undefined disposed:false
2964 silly placeDep ROOT call-bind-apply-helpers@1.0.2 OK for: call-bind@1.0.8 want: ^1.0.0
2965 silly placeDep ROOT es-define-property@1.0.1 OK for: call-bind@1.0.8 want: ^1.0.0
2966 silly placeDep ROOT get-intrinsic@1.3.0 OK for: call-bind@1.0.8 want: ^1.2.4
2967 silly placeDep ROOT set-function-length@1.2.2 OK for: call-bind@1.0.8 want: ^1.2.2
2968 silly fetch manifest function-bind@^1.1.2
2969 silly packumentCache full:https://registry.npmjs.org/function-bind cache-miss
2970 silly fetch manifest gopd@^1.2.0
2971 silly packumentCache full:https://registry.npmjs.org/gopd cache-miss
2972 silly fetch manifest hasown@^2.0.2
2973 silly packumentCache full:https://registry.npmjs.org/hasown cache-miss
2974 silly fetch manifest get-proto@^1.0.1
2975 silly packumentCache full:https://registry.npmjs.org/get-proto cache-miss
2976 silly fetch manifest function-bind@^1.1.2
2977 silly packumentCache full:https://registry.npmjs.org/function-bind cache-miss
2978 silly fetch manifest math-intrinsics@^1.1.0
2979 silly packumentCache full:https://registry.npmjs.org/math-intrinsics cache-miss
2980 silly fetch manifest define-data-property@^1.1.4
2981 silly packumentCache full:https://registry.npmjs.org/define-data-property cache-miss
2982 silly fetch manifest function-bind@^1.1.2
2983 silly packumentCache full:https://registry.npmjs.org/function-bind cache-miss
2984 silly fetch manifest gopd@^1.0.1
2985 silly packumentCache full:https://registry.npmjs.org/gopd cache-miss
2986 silly fetch manifest has-property-descriptors@^1.0.2
2987 silly packumentCache full:https://registry.npmjs.org/has-property-descriptors cache-miss
2988 http fetch GET 200 https://registry.npmjs.org/has-property-descriptors 62ms (cache hit)
2989 silly packumentCache full:https://registry.npmjs.org/has-property-descriptors set size:12452 disposed:false
2990 http fetch GET 200 https://registry.npmjs.org/define-data-property 68ms (cache hit)
2991 silly packumentCache full:https://registry.npmjs.org/define-data-property set size:28048 disposed:false
2992 http fetch GET 200 https://registry.npmjs.org/function-bind 87ms (cache miss)
2993 silly packumentCache full:https://registry.npmjs.org/function-bind set size:undefined disposed:false
2994 http fetch GET 200 https://registry.npmjs.org/function-bind 79ms (cache miss)
2995 silly packumentCache full:https://registry.npmjs.org/function-bind set size:undefined disposed:false
2996 http fetch GET 200 https://registry.npmjs.org/function-bind 86ms (cache miss)
2997 silly packumentCache full:https://registry.npmjs.org/function-bind set size:undefined disposed:false
2998 http fetch GET 200 https://registry.npmjs.org/hasown 91ms (cache miss)
2999 silly packumentCache full:https://registry.npmjs.org/hasown set size:undefined disposed:false
3000 http fetch GET 200 https://registry.npmjs.org/gopd 94ms (cache miss)
3001 silly packumentCache full:https://registry.npmjs.org/gopd set size:undefined disposed:false
3002 http fetch GET 200 https://registry.npmjs.org/math-intrinsics 92ms (cache miss)
3003 silly packumentCache full:https://registry.npmjs.org/math-intrinsics set size:undefined disposed:false
3004 http fetch GET 200 https://registry.npmjs.org/get-proto 96ms (cache miss)
3005 silly packumentCache full:https://registry.npmjs.org/get-proto set size:undefined disposed:false
3006 http fetch GET 200 https://registry.npmjs.org/gopd 91ms (cache miss)
3007 silly packumentCache full:https://registry.npmjs.org/gopd set size:undefined disposed:false
3008 silly placeDep ROOT es-errors@1.3.0 OK for: call-bind-apply-helpers@1.0.2 want: ^1.3.0
3009 silly placeDep ROOT function-bind@1.1.2 OK for: call-bind-apply-helpers@1.0.2 want: ^1.1.2
3010 silly placeDep ROOT define-data-property@1.1.4 OK for: define-properties@1.2.1 want: ^1.0.1
3011 silly placeDep ROOT has-property-descriptors@1.0.2 OK for: define-properties@1.2.1 want: ^1.0.0
3012 silly placeDep ROOT gopd@1.2.0 OK for: define-data-property@1.1.4 want: ^1.0.1
3013 silly placeDep ROOT get-proto@1.0.1 OK for: get-intrinsic@1.3.0 want: ^1.0.1
3014 silly placeDep ROOT hasown@2.0.2 OK for: get-intrinsic@1.3.0 want: ^2.0.2
3015 silly placeDep ROOT math-intrinsics@1.1.0 OK for: get-intrinsic@1.3.0 want: ^1.1.0
3016 silly fetch manifest dunder-proto@^1.0.1
3017 silly packumentCache full:https://registry.npmjs.org/dunder-proto cache-miss
3018 http fetch GET 200 https://registry.npmjs.org/dunder-proto 35ms (cache miss)
3019 silly packumentCache full:https://registry.npmjs.org/dunder-proto set size:undefined disposed:false
3020 silly placeDep ROOT dunder-proto@1.0.1 OK for: get-proto@1.0.1 want: ^1.0.1
3021 silly placeDep ROOT dot-case@3.0.4 OK for: param-case@3.0.4 want: ^3.0.4
3022 silly placeDep ROOT no-case@3.0.4 OK for: dot-case@3.0.4 want: ^3.0.4
3023 silly fetch manifest lower-case@^2.0.2
3024 silly packumentCache full:https://registry.npmjs.org/lower-case cache-miss
3025 http fetch GET 200 https://registry.npmjs.org/lower-case 35ms (cache miss)
3026 silly packumentCache full:https://registry.npmjs.org/lower-case set size:undefined disposed:false
3027 silly placeDep ROOT lower-case@2.0.2 OK for: no-case@3.0.4 want: ^2.0.2
3028 silly placeDep ROOT asn1.js@4.10.1 OK for: parse-asn1@5.1.9 want: ^4.10.1
3029 silly placeDep node_modules/asn1.js bn.js@4.12.3 OK for: asn1.js@4.10.1 want: ^4.0.0
3030 silly placeDep ROOT find-up@4.1.0 OK for: pkg-dir@4.2.0 want: ^4.0.0
3031 silly fetch manifest locate-path@^5.0.0
3032 silly packumentCache full:https://registry.npmjs.org/locate-path cache-miss
3033 silly fetch manifest path-exists@^4.0.0
3034 silly packumentCache full:https://registry.npmjs.org/path-exists cache-miss
3035 http fetch GET 200 https://registry.npmjs.org/path-exists 46ms (cache miss)
3036 silly packumentCache full:https://registry.npmjs.org/path-exists set size:undefined disposed:false
3037 http fetch GET 200 https://registry.npmjs.org/locate-path 49ms (cache miss)
3038 silly packumentCache full:https://registry.npmjs.org/locate-path set size:undefined disposed:false
3039 silly placeDep ROOT locate-path@5.0.0 OK for: find-up@4.1.0 want: ^5.0.0
3040 silly placeDep ROOT path-exists@4.0.0 OK for: find-up@4.1.0 want: ^4.0.0
3041 silly fetch manifest p-locate@^4.1.0
3042 silly packumentCache full:https://registry.npmjs.org/p-locate cache-miss
3043 http fetch GET 200 https://registry.npmjs.org/p-locate 40ms (cache miss)
3044 silly packumentCache full:https://registry.npmjs.org/p-locate set size:undefined disposed:false
3045 silly placeDep ROOT p-locate@4.1.0 OK for: locate-path@5.0.0 want: ^4.1.0
3046 silly fetch manifest p-limit@^2.2.0
3047 silly packumentCache full:https://registry.npmjs.org/p-limit cache-miss
3048 http fetch GET 200 https://registry.npmjs.org/p-limit 36ms (cache miss)
3049 silly packumentCache full:https://registry.npmjs.org/p-limit set size:undefined disposed:false
3050 silly placeDep ROOT p-limit@2.3.0 OK for: p-locate@4.1.0 want: ^2.2.0
3051 silly fetch manifest p-try@^2.0.0
3052 silly packumentCache full:https://registry.npmjs.org/p-try cache-miss
3053 http fetch GET 200 https://registry.npmjs.org/p-try 35ms (cache miss)
3054 silly packumentCache full:https://registry.npmjs.org/p-try set size:undefined disposed:false
3055 silly placeDep ROOT p-try@2.2.0 OK for: p-limit@2.3.0 want: ^2.0.0
3056 silly placeDep ROOT nanoid@3.3.11 OK for: postcss@8.5.8 want: ^3.3.11
3057 silly placeDep ROOT source-map-js@1.2.1 OK for: postcss@8.5.8 want: ^1.2.1
3058 silly placeDep ROOT postcss-selector-parser@6.1.2 OK for: postcss-calc@8.2.4 want: ^6.0.9
3059 silly fetch manifest cssesc@^3.0.0
3060 silly packumentCache full:https://registry.npmjs.org/cssesc cache-miss
3061 silly fetch manifest util-deprecate@^1.0.2
3062 silly packumentCache full:https://registry.npmjs.org/util-deprecate cache-miss
3063 http fetch GET 200 https://registry.npmjs.org/util-deprecate 12ms (cache hit)
3064 silly packumentCache full:https://registry.npmjs.org/util-deprecate set size:6674 disposed:false
3065 http fetch GET 200 https://registry.npmjs.org/cssesc 38ms (cache miss)
3066 silly packumentCache full:https://registry.npmjs.org/cssesc set size:undefined disposed:false
3067 silly placeDep ROOT caniuse-api@3.0.0 OK for: postcss-colormin@5.3.1 want: ^3.0.0
3068 silly placeDep ROOT colord@2.9.3 OK for: postcss-colormin@5.3.1 want: ^2.9.1
3069 silly fetch manifest lodash.uniq@^4.5.0
3070 silly packumentCache full:https://registry.npmjs.org/lodash.uniq cache-miss
3071 silly fetch manifest lodash.memoize@^4.1.2
3072 silly packumentCache full:https://registry.npmjs.org/lodash.memoize cache-miss
3073 http fetch GET 200 https://registry.npmjs.org/lodash.uniq 43ms (cache miss)
3074 silly packumentCache full:https://registry.npmjs.org/lodash.uniq set size:undefined disposed:false
3075 http fetch GET 200 https://registry.npmjs.org/lodash.memoize 282ms (cache miss)
3076 silly packumentCache full:https://registry.npmjs.org/lodash.memoize set size:undefined disposed:false
3077 silly placeDep ROOT lodash.memoize@4.1.2 OK for: caniuse-api@3.0.0 want: ^4.1.2
3078 silly placeDep ROOT lodash.uniq@4.5.0 OK for: caniuse-api@3.0.0 want: ^4.5.0
3079 silly placeDep ROOT cosmiconfig@7.1.0 OK for: postcss-loader@6.2.1 want: ^7.0.0
3080 silly placeDep ROOT klona@2.0.6 OK for: postcss-loader@6.2.1 want: ^2.0.5
3081 silly fetch manifest parse-json@^5.0.0
3082 silly packumentCache full:https://registry.npmjs.org/parse-json cache-miss
3083 silly fetch manifest import-fresh@^3.2.1
3084 silly packumentCache full:https://registry.npmjs.org/import-fresh cache-miss
3085 silly fetch manifest @types/parse-json@^4.0.0
3086 silly packumentCache full:https://registry.npmjs.org/@types%2fparse-json cache-miss
3087 http fetch GET 200 https://registry.npmjs.org/import-fresh 45ms (cache miss)
3088 silly packumentCache full:https://registry.npmjs.org/import-fresh set size:undefined disposed:false
3089 http fetch GET 200 https://registry.npmjs.org/parse-json 50ms (cache miss)
3090 silly packumentCache full:https://registry.npmjs.org/parse-json set size:undefined disposed:false
3091 http fetch GET 200 https://registry.npmjs.org/@types%2fparse-json 777ms (cache miss)
3092 silly packumentCache full:https://registry.npmjs.org/@types%2fparse-json set size:undefined disposed:false
3093 silly placeDep ROOT @types/parse-json@4.0.2 OK for: cosmiconfig@7.1.0 want: ^4.0.0
3094 silly placeDep ROOT import-fresh@3.3.1 OK for: cosmiconfig@7.1.0 want: ^3.2.1
3095 silly placeDep ROOT parse-json@5.2.0 OK for: cosmiconfig@7.1.0 want: ^5.0.0
3096 silly fetch manifest resolve-from@^4.0.0
3097 silly packumentCache full:https://registry.npmjs.org/resolve-from cache-miss
3098 silly fetch manifest parent-module@^1.0.0
3099 silly packumentCache full:https://registry.npmjs.org/parent-module cache-miss
3100 silly fetch manifest error-ex@^1.3.1
3101 silly packumentCache full:https://registry.npmjs.org/error-ex cache-miss
3102 silly fetch manifest lines-and-columns@^1.1.6
3103 silly packumentCache full:https://registry.npmjs.org/lines-and-columns cache-miss
3104 silly fetch manifest json-parse-even-better-errors@^2.3.0
3105 silly packumentCache full:https://registry.npmjs.org/json-parse-even-better-errors cache-miss
3106 http fetch GET 200 https://registry.npmjs.org/json-parse-even-better-errors 24ms (cache hit)
3107 silly packumentCache full:https://registry.npmjs.org/json-parse-even-better-errors set size:34514 disposed:false
3108 http fetch GET 200 https://registry.npmjs.org/resolve-from 55ms (cache miss)
3109 silly packumentCache full:https://registry.npmjs.org/resolve-from set size:undefined disposed:false
3110 http fetch GET 200 https://registry.npmjs.org/parent-module 54ms (cache miss)
3111 silly packumentCache full:https://registry.npmjs.org/parent-module set size:undefined disposed:false
3112 http fetch GET 200 https://registry.npmjs.org/error-ex 58ms (cache miss)
3113 silly packumentCache full:https://registry.npmjs.org/error-ex set size:undefined disposed:false
3114 http fetch GET 200 https://registry.npmjs.org/lines-and-columns 282ms (cache miss)
3115 silly packumentCache full:https://registry.npmjs.org/lines-and-columns set size:undefined disposed:false
3116 silly placeDep ROOT parent-module@1.0.1 OK for: import-fresh@3.3.1 want: ^1.0.0
3117 silly placeDep ROOT resolve-from@4.0.0 OK for: import-fresh@3.3.1 want: ^4.0.0
3118 silly fetch manifest callsites@^3.0.0
3119 silly packumentCache full:https://registry.npmjs.org/callsites cache-miss
3120 http fetch GET 200 https://registry.npmjs.org/callsites 31ms (cache miss)
3121 silly packumentCache full:https://registry.npmjs.org/callsites set size:undefined disposed:false
3122 silly placeDep ROOT callsites@3.1.0 OK for: parent-module@1.0.1 want: ^3.0.0
3123 silly placeDep ROOT error-ex@1.3.4 OK for: parse-json@5.2.0 want: ^1.3.1
3124 silly placeDep ROOT json-parse-even-better-errors@2.3.1 OK for: parse-json@5.2.0 want: ^2.3.0
3125 silly placeDep ROOT lines-and-columns@1.2.4 OK for: parse-json@5.2.0 want: ^1.1.6
3126 silly fetch manifest is-arrayish@^0.2.1
3127 silly packumentCache full:https://registry.npmjs.org/is-arrayish cache-miss
3128 http fetch GET 200 https://registry.npmjs.org/is-arrayish 40ms (cache miss)
3129 silly packumentCache full:https://registry.npmjs.org/is-arrayish set size:undefined disposed:false
3130 silly placeDep ROOT is-arrayish@0.2.1 OK for: error-ex@1.3.4 want: ^0.2.1
3131 silly placeDep ROOT stylehacks@5.1.1 OK for: postcss-merge-longhand@5.1.7 want: ^5.1.1
3132 silly placeDep node_modules/postcss-modules-local-by-default postcss-selector-parser@7.1.1 OK for: postcss-modules-local-by-default@4.2.0 want: ^7.0.0
3133 silly placeDep node_modules/postcss-modules-scope postcss-selector-parser@7.1.1 OK for: postcss-modules-scope@3.2.1 want: ^7.0.0
3134 silly placeDep ROOT normalize-url@6.1.0 OK for: postcss-normalize-url@5.1.0 want: ^6.0.1
3135 silly placeDep ROOT cssesc@3.0.0 OK for: postcss-selector-parser@6.1.2 want: ^3.0.0
3136 silly placeDep ROOT util-deprecate@1.0.2 OK for: postcss-selector-parser@6.1.2 want: ^1.0.2
3137 silly placeDep ROOT svgo@2.8.2 OK for: postcss-svgo@5.1.0 want: ^2.7.0
3138 silly fetch manifest sax@^1.5.0
3139 silly packumentCache full:https://registry.npmjs.org/sax cache-miss
3140 silly fetch manifest csso@^4.2.0
3141 silly packumentCache full:https://registry.npmjs.org/csso cache-miss
3142 silly fetch manifest stable@^0.1.8
3143 silly packumentCache full:https://registry.npmjs.org/stable cache-miss
3144 silly fetch manifest css-tree@^1.1.3
3145 silly packumentCache full:https://registry.npmjs.org/css-tree cache-miss
3146 silly fetch manifest css-select@^4.1.3
3147 silly packumentCache full:https://registry.npmjs.org/css-select cache-miss
3148 http fetch GET 200 https://registry.npmjs.org/sax 59ms (cache miss)
3149 silly packumentCache full:https://registry.npmjs.org/sax set size:undefined disposed:false
3150 http fetch GET 200 https://registry.npmjs.org/csso 66ms (cache miss)
3151 silly packumentCache full:https://registry.npmjs.org/csso set size:undefined disposed:false
3152 http fetch GET 200 https://registry.npmjs.org/css-select 70ms (cache miss)
3153 silly packumentCache full:https://registry.npmjs.org/css-select set size:undefined disposed:false
3154 http fetch GET 200 https://registry.npmjs.org/css-tree 79ms (cache miss)
3155 silly packumentCache full:https://registry.npmjs.org/css-tree set size:undefined disposed:false
3156 http fetch GET 200 https://registry.npmjs.org/stable 274ms (cache miss)
3157 silly packumentCache full:https://registry.npmjs.org/stable set size:undefined disposed:false
3158 silly placeDep node_modules/public-encrypt bn.js@4.12.3 OK for: public-encrypt@4.0.3 want: ^4.1.0
3159 silly placeDep ROOT core-util-is@1.0.3 OK for: readable-stream@2.3.8 want: ~1.0.0
3160 silly placeDep ROOT process-nextick-args@2.0.1 OK for: readable-stream@2.3.8 want: ~2.0.0
3161 silly placeDep node_modules/readable-stream safe-buffer@5.1.2 OK for: readable-stream@2.3.8 want: ~5.1.1
3162 silly placeDep node_modules/readable-stream string_decoder@1.1.1 OK for: readable-stream@2.3.8 want: ~1.1.1
3163 silly placeDep ROOT regenerate@1.4.2 OK for: regexpu-core@6.4.0 want: ^1.4.2
3164 silly placeDep ROOT regenerate-unicode-properties@10.2.2 OK for: regexpu-core@6.4.0 want: ^10.2.2
3165 silly placeDep ROOT regjsgen@0.8.0 OK for: regexpu-core@6.4.0 want: ^0.8.0
3166 silly placeDep ROOT regjsparser@0.13.0 OK for: regexpu-core@6.4.0 want: ^0.13.0
3167 silly placeDep ROOT unicode-match-property-ecmascript@2.0.0 OK for: regexpu-core@6.4.0 want: ^2.0.0
3168 silly placeDep ROOT unicode-match-property-value-ecmascript@2.2.1 OK for: regexpu-core@6.4.0 want: ^2.2.1
3169 silly fetch manifest unicode-canonical-property-names-ecmascript@^2.0.0
3170 silly packumentCache full:https://registry.npmjs.org/unicode-canonical-property-names-ecmascript cache-miss
3171 silly fetch manifest unicode-property-aliases-ecmascript@^2.0.0
3172 silly packumentCache full:https://registry.npmjs.org/unicode-property-aliases-ecmascript cache-miss
3173 http fetch GET 200 https://registry.npmjs.org/unicode-property-aliases-ecmascript 50ms (cache miss)
3174 silly packumentCache full:https://registry.npmjs.org/unicode-property-aliases-ecmascript set size:undefined disposed:false
3175 http fetch GET 200 https://registry.npmjs.org/unicode-canonical-property-names-ecmascript 58ms (cache miss)
3176 silly packumentCache full:https://registry.npmjs.org/unicode-canonical-property-names-ecmascript set size:undefined disposed:false
3177 silly placeDep ROOT is-core-module@2.16.1 OK for: resolve@1.22.11 want: ^2.16.1
3178 silly placeDep ROOT path-parse@1.0.7 OK for: resolve@1.22.11 want: ^1.0.7
3179 silly placeDep ROOT supports-preserve-symlinks-flag@1.0.0 OK for: resolve@1.22.11 want: ^1.0.0
3180 silly placeDep node_modules/ripemd160 hash-base@3.1.2 OK for: ripemd160@2.0.3 want: ^3.1.2
3181 silly placeDep ROOT queue-microtask@1.2.3 OK for: run-parallel@1.2.0 want: ^1.2.2
3182 silly placeDep ROOT @types/json-schema@7.0.15 OK for: schema-utils@2.7.1 want: ^7.0.5
3183 silly placeDep ROOT ajv@6.14.0 OK for: schema-utils@2.7.1 want: ^6.12.4
3184 silly placeDep ROOT ajv-keywords@3.5.2 OK for: schema-utils@2.7.1 want: ^3.5.2
3185 silly fetch manifest fast-deep-equal@^3.1.1
3186 silly packumentCache full:https://registry.npmjs.org/fast-deep-equal cache-miss
3187 silly fetch manifest fast-json-stable-stringify@^2.0.0
3188 silly packumentCache full:https://registry.npmjs.org/fast-json-stable-stringify cache-miss
3189 silly fetch manifest json-schema-traverse@^0.4.1
3190 silly packumentCache full:https://registry.npmjs.org/json-schema-traverse cache-miss
3191 silly fetch manifest uri-js@^4.2.2
3192 silly packumentCache full:https://registry.npmjs.org/uri-js cache-miss
3193 http fetch GET 200 https://registry.npmjs.org/fast-deep-equal 47ms (cache miss)
3194 silly packumentCache full:https://registry.npmjs.org/fast-deep-equal set size:undefined disposed:false
3195 http fetch GET 200 https://registry.npmjs.org/json-schema-traverse 47ms (cache miss)
3196 silly packumentCache full:https://registry.npmjs.org/json-schema-traverse set size:undefined disposed:false
3197 http fetch GET 200 https://registry.npmjs.org/fast-json-stable-stringify 52ms (cache miss)
3198 silly packumentCache full:https://registry.npmjs.org/fast-json-stable-stringify set size:undefined disposed:false
3199 http fetch GET 200 https://registry.npmjs.org/uri-js 52ms (cache miss)
3200 silly packumentCache full:https://registry.npmjs.org/uri-js set size:undefined disposed:false
3201 silly placeDep ROOT fast-deep-equal@3.1.3 OK for: ajv@6.14.0 want: ^3.1.1
3202 silly placeDep ROOT fast-json-stable-stringify@2.1.0 OK for: ajv@6.14.0 want: ^2.0.0
3203 silly placeDep ROOT json-schema-traverse@0.4.1 OK for: ajv@6.14.0 want: ^0.4.1
3204 silly placeDep ROOT uri-js@4.4.1 OK for: ajv@6.14.0 want: ^4.2.2
3205 silly fetch manifest punycode@^2.1.0
3206 silly packumentCache full:https://registry.npmjs.org/punycode cache-miss
3207 http fetch GET 200 https://registry.npmjs.org/punycode 11ms (cache hit)
3208 silly packumentCache full:https://registry.npmjs.org/punycode set size:61302 disposed:false
3209 silly placeDep ROOT builtin-status-codes@3.0.0 OK for: stream-http@2.8.3 want: ^3.0.0
3210 silly placeDep ROOT to-arraybuffer@1.0.1 OK for: stream-http@2.8.3 want: ^1.0.0
3211 silly placeDep ROOT xtend@4.0.2 OK for: stream-http@2.8.3 want: ^4.0.0
3212 silly placeDep ROOT emoji-regex@8.0.0 OK for: string-width@4.2.3 want: ^8.0.0
3213 silly placeDep ROOT is-fullwidth-code-point@3.0.0 OK for: string-width@4.2.3 want: ^3.0.0
3214 silly placeDep ROOT ansi-regex@5.0.1 OK for: strip-ansi@6.0.1 want: ^5.0.1
3215 silly placeDep node_modules/style-loader schema-utils@3.3.0 OK for: style-loader@2.0.0 want: ^3.0.0
3216 silly placeDep ROOT has-flag@4.0.0 OK for: supports-color@7.2.0 want: ^4.0.0
3217 silly placeDep ROOT css-select@4.3.0 OK for: svgo@2.8.2 want: ^4.1.3
3218 silly placeDep ROOT css-tree@1.1.3 OK for: svgo@2.8.2 want: ^1.1.3
3219 silly placeDep ROOT csso@4.2.0 OK for: svgo@2.8.2 want: ^4.2.0
3220 silly placeDep ROOT sax@1.6.0 OK for: svgo@2.8.2 want: ^1.5.0
3221 silly placeDep ROOT stable@0.1.8 OK for: svgo@2.8.2 want: ^0.1.8
3222 silly fetch manifest boolbase@^1.0.0
3223 silly packumentCache full:https://registry.npmjs.org/boolbase cache-miss
3224 silly fetch manifest css-what@^6.0.1
3225 silly packumentCache full:https://registry.npmjs.org/css-what cache-miss
3226 silly fetch manifest nth-check@^2.0.1
3227 silly packumentCache full:https://registry.npmjs.org/nth-check cache-miss
3228 silly fetch manifest domhandler@^4.3.1
3229 silly packumentCache full:https://registry.npmjs.org/domhandler cache-hit
3230 silly fetch manifest mdn-data@2.0.14
3231 silly packumentCache full:https://registry.npmjs.org/mdn-data cache-miss
3232 http fetch GET 200 https://registry.npmjs.org/css-what 47ms (cache miss)
3233 silly packumentCache full:https://registry.npmjs.org/css-what set size:undefined disposed:false
3234 http fetch GET 200 https://registry.npmjs.org/boolbase 52ms (cache miss)
3235 silly packumentCache full:https://registry.npmjs.org/boolbase set size:undefined disposed:false
3236 http fetch GET 200 https://registry.npmjs.org/nth-check 51ms (cache miss)
3237 silly packumentCache full:https://registry.npmjs.org/nth-check set size:undefined disposed:false
3238 http fetch GET 200 https://registry.npmjs.org/mdn-data 59ms (cache miss)
3239 silly packumentCache full:https://registry.npmjs.org/mdn-data set size:undefined disposed:false
3240 silly placeDep ROOT boolbase@1.0.0 OK for: css-select@4.3.0 want: ^1.0.0
3241 silly placeDep ROOT css-what@6.2.2 OK for: css-select@4.3.0 want: ^6.0.1
3242 silly placeDep node_modules/css-select domhandler@4.3.1 OK for: css-select@4.3.0 want: ^4.3.1
3243 silly placeDep ROOT nth-check@2.1.1 OK for: css-select@4.3.0 want: ^2.0.1
3244 silly placeDep ROOT mdn-data@2.0.14 OK for: css-tree@1.1.3 want: 2.0.14
3245 silly fetch manifest tsx@^4.8.1
3246 silly packumentCache full:https://registry.npmjs.org/tsx cache-miss
3247 http fetch GET 200 https://registry.npmjs.org/tsx 34ms (cache miss)
3248 silly packumentCache full:https://registry.npmjs.org/tsx set size:undefined disposed:false
3249 silly fetch manifest yaml@^2.4.2
3250 silly packumentCache full:https://registry.npmjs.org/yaml cache-miss
3251 http fetch GET 200 https://registry.npmjs.org/yaml 8ms (cache hit)
3252 silly packumentCache full:https://registry.npmjs.org/yaml set size:375230 disposed:false
3253 silly placeDep ROOT @alloc/quick-lru@5.2.0 OK for: tailwindcss@3.4.19 want: ^5.2.0
3254 silly placeDep ROOT arg@5.0.2 OK for: tailwindcss@3.4.19 want: ^5.0.2
3255 silly placeDep ROOT didyoumean@1.2.2 OK for: tailwindcss@3.4.19 want: ^1.2.2
3256 silly placeDep ROOT dlv@1.1.3 OK for: tailwindcss@3.4.19 want: ^1.1.3
3257 silly placeDep node_modules/tailwindcss glob-parent@6.0.2 OK for: tailwindcss@3.4.19 want: ^6.0.2
3258 silly placeDep ROOT jiti@1.21.7 OK for: tailwindcss@3.4.19 want: ^1.21.7
3259 silly placeDep node_modules/tailwindcss lilconfig@3.1.3 OK for: tailwindcss@3.4.19 want: ^3.1.3
3260 silly placeDep ROOT object-hash@3.0.0 OK for: tailwindcss@3.4.19 want: ^3.0.0
3261 silly placeDep ROOT postcss-import@15.1.0 OK for: tailwindcss@3.4.19 want: ^15.1.0
3262 silly placeDep ROOT postcss-js@4.1.0 OK for: tailwindcss@3.4.19 want: ^4.0.1
3263 silly placeDep node_modules/tailwindcss postcss-load-config@6.0.1 OK for: tailwindcss@3.4.19 want: ^4.0.2 || ^5.0 || ^6.0
3264 silly placeDep node_modules/tailwindcss yaml@2.8.3 OK for: postcss-load-config@6.0.1 want: ^2.4.2
3265 silly placeDep ROOT postcss-nested@6.2.0 OK for: tailwindcss@3.4.19 want: ^6.2.0
3266 silly placeDep ROOT sucrase@3.35.1 OK for: tailwindcss@3.4.19 want: ^3.35.0
3267 silly fetch manifest read-cache@^1.0.0
3268 silly packumentCache full:https://registry.npmjs.org/read-cache cache-miss
3269 silly fetch manifest camelcase-css@^2.0.1
3270 silly packumentCache full:https://registry.npmjs.org/camelcase-css cache-miss
3271 silly fetch manifest commander@^4.0.0
3272 silly packumentCache full:https://registry.npmjs.org/commander cache-hit
3273 silly fetch manifest mz@^2.7.0
3274 silly packumentCache full:https://registry.npmjs.org/mz cache-miss
3275 silly fetch manifest pirates@^4.0.1
3276 silly packumentCache full:https://registry.npmjs.org/pirates cache-miss
3277 silly fetch manifest tinyglobby@^0.2.11
3278 silly packumentCache full:https://registry.npmjs.org/tinyglobby cache-miss
3279 silly fetch manifest ts-interface-checker@^0.1.9
3280 silly packumentCache full:https://registry.npmjs.org/ts-interface-checker cache-miss
3281 http fetch GET 200 https://registry.npmjs.org/camelcase-css 65ms (cache miss)
3282 silly packumentCache full:https://registry.npmjs.org/camelcase-css set size:undefined disposed:false
3283 http fetch GET 200 https://registry.npmjs.org/pirates 69ms (cache miss)
3284 silly packumentCache full:https://registry.npmjs.org/pirates set size:undefined disposed:false
3285 http fetch GET 200 https://registry.npmjs.org/mz 79ms (cache miss)
3286 silly packumentCache full:https://registry.npmjs.org/mz set size:undefined disposed:false
3287 http fetch GET 200 https://registry.npmjs.org/ts-interface-checker 82ms (cache miss)
3288 silly packumentCache full:https://registry.npmjs.org/ts-interface-checker set size:undefined disposed:false
3289 http fetch GET 200 https://registry.npmjs.org/tinyglobby 86ms (cache miss)
3290 silly packumentCache full:https://registry.npmjs.org/tinyglobby set size:undefined disposed:false
3291 http fetch GET 200 https://registry.npmjs.org/read-cache 265ms (cache miss)
3292 silly packumentCache full:https://registry.npmjs.org/read-cache set size:undefined disposed:false
3293 silly placeDep ROOT read-cache@1.0.0 OK for: postcss-import@15.1.0 want: ^1.0.0
3294 silly fetch manifest pify@^2.3.0
3295 silly packumentCache full:https://registry.npmjs.org/pify cache-miss
3296 http fetch GET 200 https://registry.npmjs.org/pify 27ms (cache miss)
3297 silly packumentCache full:https://registry.npmjs.org/pify set size:undefined disposed:false
3298 silly placeDep ROOT camelcase-css@2.0.1 OK for: postcss-js@4.1.0 want: ^2.0.1
3299 silly placeDep ROOT pify@2.3.0 OK for: read-cache@1.0.0 want: ^2.3.0
3300 silly placeDep node_modules/sucrase commander@4.1.1 OK for: sucrase@3.35.1 want: ^4.0.0
3301 silly placeDep ROOT mz@2.7.0 OK for: sucrase@3.35.1 want: ^2.7.0
3302 silly placeDep ROOT pirates@4.0.7 OK for: sucrase@3.35.1 want: ^4.0.1
3303 silly placeDep ROOT tinyglobby@0.2.15 OK for: sucrase@3.35.1 want: ^0.2.11
3304 silly placeDep ROOT ts-interface-checker@0.1.13 OK for: sucrase@3.35.1 want: ^0.1.9
3305 silly fetch manifest any-promise@^1.0.0
3306 silly packumentCache full:https://registry.npmjs.org/any-promise cache-miss
3307 silly fetch manifest object-assign@^4.0.1
3308 silly packumentCache full:https://registry.npmjs.org/object-assign cache-miss
3309 silly fetch manifest thenify-all@^1.0.0
3310 silly packumentCache full:https://registry.npmjs.org/thenify-all cache-miss
3311 silly fetch manifest fdir@^6.5.0
3312 silly packumentCache full:https://registry.npmjs.org/fdir cache-miss
3313 silly fetch manifest picomatch@^4.0.3
3314 silly packumentCache full:https://registry.npmjs.org/picomatch cache-miss
3315 http fetch GET 200 https://registry.npmjs.org/picomatch 14ms (cache hit)
3316 silly packumentCache full:https://registry.npmjs.org/picomatch set size:126376 disposed:false
3317 http fetch GET 200 https://registry.npmjs.org/any-promise 37ms (cache miss)
3318 silly packumentCache full:https://registry.npmjs.org/any-promise set size:undefined disposed:false
3319 http fetch GET 200 https://registry.npmjs.org/object-assign 38ms (cache miss)
3320 silly packumentCache full:https://registry.npmjs.org/object-assign set size:undefined disposed:false
3321 http fetch GET 200 https://registry.npmjs.org/thenify-all 39ms (cache miss)
3322 silly packumentCache full:https://registry.npmjs.org/thenify-all set size:undefined disposed:false
3323 http fetch GET 200 https://registry.npmjs.org/fdir 39ms (cache miss)
3324 silly packumentCache full:https://registry.npmjs.org/fdir set size:undefined disposed:false
3325 silly placeDep ROOT any-promise@1.3.0 OK for: mz@2.7.0 want: ^1.0.0
3326 silly placeDep ROOT object-assign@4.1.1 OK for: mz@2.7.0 want: ^4.0.1
3327 silly placeDep ROOT thenify-all@1.6.0 OK for: mz@2.7.0 want: ^1.0.0
3328 silly fetch manifest thenify@>= 3.1.0 < 4
3329 silly packumentCache full:https://registry.npmjs.org/thenify cache-miss
3330 http fetch GET 200 https://registry.npmjs.org/thenify 25ms (cache miss)
3331 silly packumentCache full:https://registry.npmjs.org/thenify set size:undefined disposed:false
3332 silly placeDep ROOT @jridgewell/source-map@0.3.11 OK for: terser@5.46.1 want: ^0.3.3
3333 silly placeDep ROOT acorn@8.16.0 OK for: terser@5.46.1 want: ^8.15.0
3334 silly placeDep node_modules/terser commander@2.20.3 OK for: terser@5.46.1 want: ^2.20.0
3335 silly placeDep ROOT source-map-support@0.5.21 OK for: terser@5.46.1 want: ~0.5.20
3336 silly fetch manifest buffer-from@^1.0.0
3337 silly packumentCache full:https://registry.npmjs.org/buffer-from cache-miss
3338 http fetch GET 200 https://registry.npmjs.org/buffer-from 32ms (cache miss)
3339 silly packumentCache full:https://registry.npmjs.org/buffer-from set size:undefined disposed:false
3340 silly placeDep ROOT buffer-from@1.1.2 OK for: source-map-support@0.5.21 want: ^1.0.0
3341 silly placeDep ROOT jest-worker@27.5.1 OK for: terser-webpack-plugin@5.4.0 want: ^27.4.5
3342 silly placeDep node_modules/terser-webpack-plugin schema-utils@4.3.3 OK for: terser-webpack-plugin@5.4.0 want: ^4.3.0
3343 silly fetch manifest merge-stream@^2.0.0
3344 silly packumentCache full:https://registry.npmjs.org/merge-stream cache-miss
3345 silly fetch manifest supports-color@^8.0.0
3346 silly packumentCache full:https://registry.npmjs.org/supports-color cache-miss
3347 silly fetch manifest ajv@^8.9.0
3348 silly packumentCache full:https://registry.npmjs.org/ajv cache-miss
3349 silly fetch manifest ajv-formats@^2.1.1
3350 silly packumentCache full:https://registry.npmjs.org/ajv-formats cache-miss
3351 silly fetch manifest ajv-keywords@^5.1.0
3352 silly packumentCache full:https://registry.npmjs.org/ajv-keywords cache-miss
3353 http fetch GET 200 https://registry.npmjs.org/supports-color 28ms (cache hit)
3354 silly packumentCache full:https://registry.npmjs.org/supports-color set size:118680 disposed:false
3355 http fetch GET 200 https://registry.npmjs.org/ajv 36ms (cache hit)
3356 silly packumentCache full:https://registry.npmjs.org/ajv set size:1120197 disposed:false
3357 http fetch GET 200 https://registry.npmjs.org/ajv-keywords 65ms (cache hit)
3358 silly packumentCache full:https://registry.npmjs.org/ajv-keywords set size:310004 disposed:false
3359 http fetch GET 200 https://registry.npmjs.org/merge-stream 86ms (cache miss)
3360 silly packumentCache full:https://registry.npmjs.org/merge-stream set size:undefined disposed:false
3361 http fetch GET 200 https://registry.npmjs.org/ajv-formats 88ms (cache miss)
3362 silly packumentCache full:https://registry.npmjs.org/ajv-formats set size:undefined disposed:false
3363 silly placeDep ROOT merge-stream@2.0.0 OK for: jest-worker@27.5.1 want: ^2.0.0
3364 silly placeDep node_modules/jest-worker supports-color@8.1.1 OK for: jest-worker@27.5.1 want: ^8.0.0
3365 silly placeDep ROOT thenify@3.3.1 OK for: thenify-all@1.6.0 want: >= 3.1.0 < 4
3366 silly placeDep ROOT setimmediate@1.0.5 OK for: timers-browserify@2.0.12 want: ^1.0.4
3367 silly placeDep node_modules/tinyglobby fdir@6.5.0 OK for: tinyglobby@0.2.15 want: ^6.5.0
3368 silly placeDep node_modules/tinyglobby picomatch@4.0.4 OK for: fdir@6.5.0 want: ^3 || ^4
3369 silly placeDep node_modules/to-buffer isarray@2.0.5 OK for: to-buffer@1.2.2 want: ^2.0.5
3370 silly placeDep ROOT typed-array-buffer@1.0.3 OK for: to-buffer@1.2.2 want: ^1.0.3
3371 silly fetch manifest is-typed-array@^1.1.14
3372 silly packumentCache full:https://registry.npmjs.org/is-typed-array cache-miss
3373 http fetch GET 200 https://registry.npmjs.org/is-typed-array 32ms (cache miss)
3374 silly packumentCache full:https://registry.npmjs.org/is-typed-array set size:undefined disposed:false
3375 silly placeDep ROOT is-number@7.0.0 OK for: to-regex-range@5.0.1 want: ^7.0.0
3376 silly placeDep ROOT is-typed-array@1.1.15 OK for: typed-array-buffer@1.0.3 want: ^1.1.14
3377 silly fetch manifest which-typed-array@^1.1.16
3378 silly packumentCache full:https://registry.npmjs.org/which-typed-array cache-miss
3379 http fetch GET 200 https://registry.npmjs.org/which-typed-array 38ms (cache miss)
3380 silly packumentCache full:https://registry.npmjs.org/which-typed-array set size:undefined disposed:false
3381 silly placeDep ROOT which-typed-array@1.1.20 OK for: is-typed-array@1.1.15 want: ^1.1.16
3382 silly fetch manifest available-typed-arrays@^1.0.7
3383 silly packumentCache full:https://registry.npmjs.org/available-typed-arrays cache-miss
3384 silly fetch manifest for-each@^0.3.5
3385 silly packumentCache full:https://registry.npmjs.org/for-each cache-miss
3386 silly fetch manifest has-tostringtag@^1.0.2
3387 silly packumentCache full:https://registry.npmjs.org/has-tostringtag cache-miss
3388 http fetch GET 200 https://registry.npmjs.org/has-tostringtag 43ms (cache miss)
3389 silly packumentCache full:https://registry.npmjs.org/has-tostringtag set size:undefined disposed:false
3390 http fetch GET 200 https://registry.npmjs.org/available-typed-arrays 50ms (cache miss)
3391 silly packumentCache full:https://registry.npmjs.org/available-typed-arrays set size:undefined disposed:false
3392 http fetch GET 200 https://registry.npmjs.org/for-each 263ms (cache miss)
3393 silly packumentCache full:https://registry.npmjs.org/for-each set size:undefined disposed:false
3394 silly placeDep ROOT unicode-canonical-property-names-ecmascript@2.0.1 OK for: unicode-match-property-ecmascript@2.0.0 want: ^2.0.0
3395 silly placeDep ROOT unicode-property-aliases-ecmascript@2.2.0 OK for: unicode-match-property-ecmascript@2.0.0 want: ^2.0.0
3396 silly placeDep ROOT escalade@3.2.0 OK for: update-browserslist-db@1.2.3 want: ^3.2.0
3397 silly placeDep node_modules/uri-js punycode@2.3.1 OK for: uri-js@4.4.1 want: ^2.1.0
3398 silly placeDep ROOT qs@6.15.0 OK for: url@0.11.4 want: ^6.12.3
3399 silly fetch manifest side-channel@^1.1.0
3400 silly packumentCache full:https://registry.npmjs.org/side-channel cache-miss
3401 http fetch GET 200 https://registry.npmjs.org/side-channel 37ms (cache miss)
3402 silly packumentCache full:https://registry.npmjs.org/side-channel set size:undefined disposed:false
3403 silly placeDep ROOT side-channel@1.1.0 OK for: qs@6.15.0 want: ^1.1.0
3404 silly fetch manifest object-inspect@^1.13.3
3405 silly packumentCache full:https://registry.npmjs.org/object-inspect cache-miss
3406 silly fetch manifest side-channel-list@^1.0.0
3407 silly packumentCache full:https://registry.npmjs.org/side-channel-list cache-miss
3408 silly fetch manifest side-channel-map@^1.0.1
3409 silly packumentCache full:https://registry.npmjs.org/side-channel-map cache-miss
3410 silly fetch manifest side-channel-weakmap@^1.0.2
3411 silly packumentCache full:https://registry.npmjs.org/side-channel-weakmap cache-miss
3412 http fetch GET 200 https://registry.npmjs.org/side-channel-list 49ms (cache miss)
3413 silly packumentCache full:https://registry.npmjs.org/side-channel-list set size:undefined disposed:false
3414 http fetch GET 200 https://registry.npmjs.org/side-channel-map 50ms (cache miss)
3415 silly packumentCache full:https://registry.npmjs.org/side-channel-map set size:undefined disposed:false
3416 http fetch GET 200 https://registry.npmjs.org/object-inspect 55ms (cache miss)
3417 silly packumentCache full:https://registry.npmjs.org/object-inspect set size:undefined disposed:false
3418 http fetch GET 200 https://registry.npmjs.org/side-channel-weakmap 60ms (cache miss)
3419 silly packumentCache full:https://registry.npmjs.org/side-channel-weakmap set size:undefined disposed:false
3420 silly placeDep ROOT object-inspect@1.13.4 OK for: side-channel@1.1.0 want: ^1.13.3
3421 silly placeDep ROOT side-channel-list@1.0.0 OK for: side-channel@1.1.0 want: ^1.0.0
3422 silly placeDep ROOT side-channel-map@1.0.1 OK for: side-channel@1.1.0 want: ^1.0.1
3423 silly placeDep ROOT side-channel-weakmap@1.0.2 OK for: side-channel@1.1.0 want: ^1.0.2
3424 silly placeDep node_modules/util inherits@2.0.3 OK for: util@0.11.1 want: 2.0.3
3425 silly placeDep ROOT hash-sum@1.0.2 OK for: vue-style-loader@4.1.3 want: ^1.0.2
3426 silly placeDep node_modules/vue-style-loader loader-utils@1.4.2 OK for: vue-style-loader@4.1.3 want: ^1.0.2
3427 silly placeDep ROOT @types/eslint-scope@3.7.7 OK for: webpack@5.105.4 want: ^3.7.7
3428 silly placeDep ROOT @types/estree@1.0.8 OK for: webpack@5.105.4 want: ^1.0.8
3429 silly placeDep ROOT @webassemblyjs/ast@1.14.1 OK for: webpack@5.105.4 want: ^1.14.1
3430 silly placeDep ROOT @webassemblyjs/wasm-edit@1.14.1 OK for: webpack@5.105.4 want: ^1.14.1
3431 silly placeDep ROOT @webassemblyjs/wasm-parser@1.14.1 OK for: webpack@5.105.4 want: ^1.14.1
3432 silly placeDep ROOT acorn-import-phases@1.0.4 OK for: webpack@5.105.4 want: ^1.0.3
3433 silly placeDep ROOT chrome-trace-event@1.0.4 OK for: webpack@5.105.4 want: ^1.0.2
3434 silly placeDep ROOT enhanced-resolve@5.20.1 OK for: webpack@5.105.4 want: ^5.20.0
3435 silly placeDep ROOT es-module-lexer@2.0.0 OK for: webpack@5.105.4 want: ^2.0.0
3436 silly placeDep ROOT eslint-scope@5.1.1 OK for: webpack@5.105.4 want: 5.1.1
3437 silly placeDep ROOT glob-to-regexp@0.4.1 OK for: webpack@5.105.4 want: ^0.4.1
3438 silly placeDep ROOT loader-runner@4.3.1 OK for: webpack@5.105.4 want: ^4.3.1
3439 silly placeDep ROOT mime-types@2.1.35 OK for: webpack@5.105.4 want: ^2.1.27
3440 silly placeDep ROOT neo-async@2.6.2 OK for: webpack@5.105.4 want: ^2.6.2
3441 silly placeDep node_modules/webpack schema-utils@4.3.3 OK for: webpack@5.105.4 want: ^4.3.3
3442 silly placeDep ROOT tapable@2.3.2 OK for: webpack@5.105.4 want: ^2.3.0
3443 silly placeDep ROOT watchpack@2.5.1 OK for: webpack@5.105.4 want: ^2.5.1
3444 silly placeDep node_modules/webpack webpack-sources@3.3.4 OK for: webpack@5.105.4 want: ^3.3.4
3445 silly fetch manifest @types/eslint@*
3446 silly packumentCache full:https://registry.npmjs.org/@types%2feslint cache-miss
3447 silly fetch manifest @types/estree@*
3448 silly packumentCache full:https://registry.npmjs.org/@types%2festree cache-miss
3449 silly fetch manifest @webassemblyjs/helper-numbers@1.13.2
3450 silly packumentCache full:https://registry.npmjs.org/@webassemblyjs%2fhelper-numbers cache-miss
3451 silly fetch manifest @webassemblyjs/helper-wasm-bytecode@1.13.2
3452 silly packumentCache full:https://registry.npmjs.org/@webassemblyjs%2fhelper-wasm-bytecode cache-miss
3453 silly fetch manifest @webassemblyjs/helper-buffer@1.14.1
3454 silly packumentCache full:https://registry.npmjs.org/@webassemblyjs%2fhelper-buffer cache-miss
3455 silly fetch manifest @webassemblyjs/helper-wasm-bytecode@1.13.2
3456 silly packumentCache full:https://registry.npmjs.org/@webassemblyjs%2fhelper-wasm-bytecode cache-miss
3457 silly fetch manifest @webassemblyjs/helper-wasm-section@1.14.1
3458 silly packumentCache full:https://registry.npmjs.org/@webassemblyjs%2fhelper-wasm-section cache-miss
3459 silly fetch manifest @webassemblyjs/wasm-gen@1.14.1
3460 silly packumentCache full:https://registry.npmjs.org/@webassemblyjs%2fwasm-gen cache-miss
3461 silly fetch manifest @webassemblyjs/wasm-opt@1.14.1
3462 silly packumentCache full:https://registry.npmjs.org/@webassemblyjs%2fwasm-opt cache-miss
3463 silly fetch manifest @webassemblyjs/wasm-parser@1.14.1
3464 silly packumentCache full:https://registry.npmjs.org/@webassemblyjs%2fwasm-parser cache-miss
3465 silly fetch manifest @webassemblyjs/wast-printer@1.14.1
3466 silly packumentCache full:https://registry.npmjs.org/@webassemblyjs%2fwast-printer cache-miss
3467 silly fetch manifest @webassemblyjs/helper-api-error@1.13.2
3468 silly packumentCache full:https://registry.npmjs.org/@webassemblyjs%2fhelper-api-error cache-miss
3469 silly fetch manifest @webassemblyjs/helper-wasm-bytecode@1.13.2
3470 silly packumentCache full:https://registry.npmjs.org/@webassemblyjs%2fhelper-wasm-bytecode cache-miss
3471 silly fetch manifest @webassemblyjs/ieee754@1.13.2
3472 silly packumentCache full:https://registry.npmjs.org/@webassemblyjs%2fieee754 cache-miss
3473 silly fetch manifest @webassemblyjs/leb128@1.13.2
3474 silly packumentCache full:https://registry.npmjs.org/@webassemblyjs%2fleb128 cache-miss
3475 silly fetch manifest @webassemblyjs/utf8@1.13.2
3476 silly packumentCache full:https://registry.npmjs.org/@webassemblyjs%2futf8 cache-miss
3477 silly fetch manifest esrecurse@^4.3.0
3478 silly packumentCache full:https://registry.npmjs.org/esrecurse cache-miss
3479 silly fetch manifest estraverse@^4.1.1
3480 silly packumentCache full:https://registry.npmjs.org/estraverse cache-miss
3481 silly fetch manifest mime-db@1.52.0
3482 silly packumentCache full:https://registry.npmjs.org/mime-db cache-miss
3483 http fetch GET 200 https://registry.npmjs.org/@types%2festree 120ms (cache hit)
3484 silly packumentCache full:https://registry.npmjs.org/@types%2festree set size:74091 disposed:false
3485 http fetch GET 200 https://registry.npmjs.org/@webassemblyjs%2fwasm-parser 105ms (cache hit)
3486 silly packumentCache full:https://registry.npmjs.org/@webassemblyjs%2fwasm-parser set size:214115 disposed:false
3487 http fetch GET 200 https://registry.npmjs.org/esrecurse 117ms (cache miss)
3488 silly packumentCache full:https://registry.npmjs.org/esrecurse set size:undefined disposed:false
3489 http fetch GET 200 https://registry.npmjs.org/@types%2feslint 152ms (cache miss)
3490 silly packumentCache full:https://registry.npmjs.org/@types%2feslint set size:undefined disposed:false
3491 http fetch GET 200 https://registry.npmjs.org/estraverse 131ms (cache miss)
3492 silly packumentCache full:https://registry.npmjs.org/estraverse set size:undefined disposed:false
3493 http fetch GET 200 https://registry.npmjs.org/@webassemblyjs%2fhelper-buffer 163ms (cache miss)
3494 silly packumentCache full:https://registry.npmjs.org/@webassemblyjs%2fhelper-buffer set size:undefined disposed:false
3495 http fetch GET 200 https://registry.npmjs.org/@webassemblyjs%2futf8 145ms (cache miss)
3496 silly packumentCache full:https://registry.npmjs.org/@webassemblyjs%2futf8 set size:undefined disposed:false
3497 http fetch GET 200 https://registry.npmjs.org/@webassemblyjs%2fieee754 155ms (cache miss)
3498 silly packumentCache full:https://registry.npmjs.org/@webassemblyjs%2fieee754 set size:undefined disposed:false
3499 http fetch GET 200 https://registry.npmjs.org/@webassemblyjs%2fhelper-api-error 163ms (cache miss)
3500 silly packumentCache full:https://registry.npmjs.org/@webassemblyjs%2fhelper-api-error set size:undefined disposed:false
3501 http fetch GET 200 https://registry.npmjs.org/mime-db 155ms (cache miss)
3502 silly packumentCache full:https://registry.npmjs.org/mime-db set size:undefined disposed:false
3503 http fetch GET 200 https://registry.npmjs.org/@webassemblyjs%2fleb128 170ms (cache miss)
3504 silly packumentCache full:https://registry.npmjs.org/@webassemblyjs%2fleb128 set size:undefined disposed:false
3505 http fetch GET 200 https://registry.npmjs.org/@webassemblyjs%2fhelper-wasm-section 326ms (cache miss)
3506 silly packumentCache full:https://registry.npmjs.org/@webassemblyjs%2fhelper-wasm-section set size:undefined disposed:false
3507 http fetch GET 200 https://registry.npmjs.org/@webassemblyjs%2fwast-printer 525ms (cache miss)
3508 silly packumentCache full:https://registry.npmjs.org/@webassemblyjs%2fwast-printer set size:undefined disposed:false
3509 http fetch GET 200 https://registry.npmjs.org/@webassemblyjs%2fwasm-opt 594ms (cache miss)
3510 silly packumentCache full:https://registry.npmjs.org/@webassemblyjs%2fwasm-opt set size:undefined disposed:false
3511 http fetch GET 200 https://registry.npmjs.org/@webassemblyjs%2fhelper-numbers 730ms (cache miss)
3512 silly packumentCache full:https://registry.npmjs.org/@webassemblyjs%2fhelper-numbers set size:undefined disposed:false
3513 http fetch GET 200 https://registry.npmjs.org/@webassemblyjs%2fwasm-gen 973ms (cache miss)
3514 silly packumentCache full:https://registry.npmjs.org/@webassemblyjs%2fwasm-gen set size:undefined disposed:false
3515 http fetch GET 200 https://registry.npmjs.org/@webassemblyjs%2fhelper-wasm-bytecode 1038ms (cache miss)
3516 silly packumentCache full:https://registry.npmjs.org/@webassemblyjs%2fhelper-wasm-bytecode set size:undefined disposed:false
3517 http fetch GET 200 https://registry.npmjs.org/@webassemblyjs%2fhelper-wasm-bytecode 1038ms (cache miss)
3518 silly packumentCache full:https://registry.npmjs.org/@webassemblyjs%2fhelper-wasm-bytecode set size:undefined disposed:false
3519 http fetch GET 200 https://registry.npmjs.org/@webassemblyjs%2fhelper-wasm-bytecode 1515ms (cache miss)
3520 silly packumentCache full:https://registry.npmjs.org/@webassemblyjs%2fhelper-wasm-bytecode set size:undefined disposed:false
3521 silly placeDep ROOT @types/eslint@9.6.1 OK for: @types/eslint-scope@3.7.7 want: *
3522 silly placeDep ROOT @webassemblyjs/helper-numbers@1.13.2 OK for: @webassemblyjs/ast@1.14.1 want: 1.13.2
3523 silly placeDep ROOT @webassemblyjs/helper-wasm-bytecode@1.13.2 OK for: @webassemblyjs/ast@1.14.1 want: 1.13.2
3524 silly fetch manifest @xtuc/long@4.2.2
3525 silly packumentCache full:https://registry.npmjs.org/@xtuc%2flong cache-miss
3526 silly fetch manifest @webassemblyjs/floating-point-hex-parser@1.13.2
3527 silly packumentCache full:https://registry.npmjs.org/@webassemblyjs%2ffloating-point-hex-parser cache-miss
3528 http fetch GET 200 https://registry.npmjs.org/@webassemblyjs%2ffloating-point-hex-parser 50ms (cache miss)
3529 silly packumentCache full:https://registry.npmjs.org/@webassemblyjs%2ffloating-point-hex-parser set size:undefined disposed:false
3530 http fetch GET 200 https://registry.npmjs.org/@xtuc%2flong 62ms (cache miss)
3531 silly packumentCache full:https://registry.npmjs.org/@xtuc%2flong set size:undefined disposed:false
3532 silly placeDep ROOT @webassemblyjs/floating-point-hex-parser@1.13.2 OK for: @webassemblyjs/helper-numbers@1.13.2 want: 1.13.2
3533 silly placeDep ROOT @webassemblyjs/helper-api-error@1.13.2 OK for: @webassemblyjs/helper-numbers@1.13.2 want: 1.13.2
3534 silly placeDep ROOT @xtuc/long@4.2.2 OK for: @webassemblyjs/helper-numbers@1.13.2 want: 4.2.2
3535 silly placeDep ROOT @webassemblyjs/helper-buffer@1.14.1 OK for: @webassemblyjs/wasm-edit@1.14.1 want: 1.14.1
3536 silly placeDep ROOT @webassemblyjs/helper-wasm-section@1.14.1 OK for: @webassemblyjs/wasm-edit@1.14.1 want: 1.14.1
3537 silly placeDep ROOT @webassemblyjs/wasm-gen@1.14.1 OK for: @webassemblyjs/wasm-edit@1.14.1 want: 1.14.1
3538 silly placeDep ROOT @webassemblyjs/wasm-opt@1.14.1 OK for: @webassemblyjs/wasm-edit@1.14.1 want: 1.14.1
3539 silly placeDep ROOT @webassemblyjs/wast-printer@1.14.1 OK for: @webassemblyjs/wasm-edit@1.14.1 want: 1.14.1
3540 silly placeDep ROOT @webassemblyjs/ieee754@1.13.2 OK for: @webassemblyjs/wasm-gen@1.14.1 want: 1.13.2
3541 silly placeDep ROOT @webassemblyjs/leb128@1.13.2 OK for: @webassemblyjs/wasm-gen@1.14.1 want: 1.13.2
3542 silly placeDep ROOT @webassemblyjs/utf8@1.13.2 OK for: @webassemblyjs/wasm-gen@1.14.1 want: 1.13.2
3543 silly fetch manifest @xtuc/ieee754@^1.2.0
3544 silly packumentCache full:https://registry.npmjs.org/@xtuc%2fieee754 cache-miss
3545 http fetch GET 200 https://registry.npmjs.org/@xtuc%2fieee754 55ms (cache miss)
3546 silly packumentCache full:https://registry.npmjs.org/@xtuc%2fieee754 set size:undefined disposed:false
3547 silly placeDep ROOT @xtuc/ieee754@1.2.0 OK for: @webassemblyjs/ieee754@1.13.2 want: ^1.2.0
3548 silly placeDep ROOT esrecurse@4.3.0 OK for: eslint-scope@5.1.1 want: ^4.3.0
3549 silly placeDep ROOT estraverse@4.3.0 OK for: eslint-scope@5.1.1 want: ^4.1.1
3550 silly fetch manifest estraverse@^5.2.0
3551 silly packumentCache full:https://registry.npmjs.org/estraverse cache-miss
3552 http fetch GET 200 https://registry.npmjs.org/estraverse 17ms (cache hit)
3553 silly packumentCache full:https://registry.npmjs.org/estraverse set size:62412 disposed:false
3554 silly placeDep node_modules/esrecurse estraverse@5.3.0 OK for: esrecurse@4.3.0 want: ^5.2.0
3555 silly placeDep ROOT mime-db@1.52.0 OK for: mime-types@2.1.35 want: 1.52.0
3556 silly fetch manifest webpack-cli@4.x.x
3557 silly packumentCache full:https://registry.npmjs.org/webpack-cli cache-miss
3558 http fetch GET 200 https://registry.npmjs.org/webpack-cli 14ms (cache hit)
3559 silly packumentCache full:https://registry.npmjs.org/webpack-cli set size:549202 disposed:false
3560 silly fetch manifest webpack@4.x.x || 5.x.x
3561 silly packumentCache full:https://registry.npmjs.org/webpack cache-miss
3562 http fetch GET 200 https://registry.npmjs.org/webpack 47ms (cache hit)
3563 silly packumentCache full:https://registry.npmjs.org/webpack set size:4974548 disposed:false
3564 silly placeDep ROOT @discoveryjs/json-ext@0.5.7 OK for: webpack-cli@4.10.0 want: ^0.5.0
3565 silly placeDep ROOT @webpack-cli/configtest@1.2.0 OK for: webpack-cli@4.10.0 want: ^1.2.0
3566 silly placeDep ROOT @webpack-cli/info@1.5.0 OK for: webpack-cli@4.10.0 want: ^1.5.0
3567 silly placeDep ROOT @webpack-cli/serve@1.7.0 OK for: webpack-cli@4.10.0 want: ^1.7.0
3568 silly placeDep ROOT colorette@2.0.20 OK for: webpack-cli@4.10.0 want: ^2.0.14
3569 silly placeDep ROOT cross-spawn@7.0.6 OK for: webpack-cli@4.10.0 want: ^7.0.3
3570 silly placeDep ROOT fastest-levenshtein@1.0.16 OK for: webpack-cli@4.10.0 want: ^1.0.12
3571 silly placeDep ROOT import-local@3.2.0 OK for: webpack-cli@4.10.0 want: ^3.0.2
3572 silly placeDep ROOT interpret@2.2.0 OK for: webpack-cli@4.10.0 want: ^2.2.0
3573 silly placeDep ROOT rechoir@0.7.1 OK for: webpack-cli@4.10.0 want: ^0.7.0
3574 silly fetch manifest envinfo@^7.7.3
3575 silly packumentCache full:https://registry.npmjs.org/envinfo cache-miss
3576 silly fetch manifest which@^2.0.1
3577 silly packumentCache full:https://registry.npmjs.org/which cache-miss
3578 silly fetch manifest path-key@^3.1.0
3579 silly packumentCache full:https://registry.npmjs.org/path-key cache-miss
3580 silly fetch manifest shebang-command@^2.0.0
3581 silly packumentCache full:https://registry.npmjs.org/shebang-command cache-miss
3582 silly fetch manifest resolve-cwd@^3.0.0
3583 silly packumentCache full:https://registry.npmjs.org/resolve-cwd cache-miss
3584 http fetch GET 200 https://registry.npmjs.org/path-key 57ms (cache miss)
3585 silly packumentCache full:https://registry.npmjs.org/path-key set size:undefined disposed:false
3586 http fetch GET 200 https://registry.npmjs.org/resolve-cwd 58ms (cache miss)
3587 silly packumentCache full:https://registry.npmjs.org/resolve-cwd set size:undefined disposed:false
3588 http fetch GET 200 https://registry.npmjs.org/which 73ms (cache miss)
3589 silly packumentCache full:https://registry.npmjs.org/which set size:undefined disposed:false
3590 http fetch GET 200 https://registry.npmjs.org/shebang-command 65ms (cache miss)
3591 silly packumentCache full:https://registry.npmjs.org/shebang-command set size:undefined disposed:false
3592 http fetch GET 200 https://registry.npmjs.org/envinfo 83ms (cache miss)
3593 silly packumentCache full:https://registry.npmjs.org/envinfo set size:undefined disposed:false
3594 silly placeDep ROOT envinfo@7.21.0 OK for: @webpack-cli/info@1.5.0 want: ^7.7.3
3595 silly placeDep ROOT path-key@3.1.1 OK for: cross-spawn@7.0.6 want: ^3.1.0
3596 silly placeDep ROOT shebang-command@2.0.0 OK for: cross-spawn@7.0.6 want: ^2.0.0
3597 silly placeDep ROOT which@2.0.2 OK for: cross-spawn@7.0.6 want: ^2.0.1
3598 silly fetch manifest shebang-regex@^3.0.0
3599 silly packumentCache full:https://registry.npmjs.org/shebang-regex cache-miss
3600 silly fetch manifest isexe@^2.0.0
3601 silly packumentCache full:https://registry.npmjs.org/isexe cache-miss
3602 http fetch GET 200 https://registry.npmjs.org/shebang-regex 43ms (cache miss)
3603 silly packumentCache full:https://registry.npmjs.org/shebang-regex set size:undefined disposed:false
3604 http fetch GET 200 https://registry.npmjs.org/isexe 47ms (cache miss)
3605 silly packumentCache full:https://registry.npmjs.org/isexe set size:undefined disposed:false
3606 silly placeDep ROOT resolve-cwd@3.0.0 OK for: import-local@3.2.0 want: ^3.0.0
3607 silly fetch manifest resolve-from@^5.0.0
3608 silly packumentCache full:https://registry.npmjs.org/resolve-from cache-miss
3609 http fetch GET 200 https://registry.npmjs.org/resolve-from 109ms (cache hit)
3610 silly packumentCache full:https://registry.npmjs.org/resolve-from set size:12911 disposed:false
3611 silly placeDep node_modules/resolve-cwd resolve-from@5.0.0 OK for: resolve-cwd@3.0.0 want: ^5.0.0
3612 silly placeDep ROOT shebang-regex@3.0.0 OK for: shebang-command@2.0.0 want: ^3.0.0
3613 silly fetch manifest bufferutil@^4.0.1
3614 silly packumentCache full:https://registry.npmjs.org/bufferutil cache-miss
3615 http fetch GET 200 https://registry.npmjs.org/bufferutil 38ms (cache miss)
3616 silly packumentCache full:https://registry.npmjs.org/bufferutil set size:undefined disposed:false
3617 silly fetch manifest utf-8-validate@>=5.0.2
3618 silly packumentCache full:https://registry.npmjs.org/utf-8-validate cache-miss
3619 http fetch GET 200 https://registry.npmjs.org/utf-8-validate 37ms (cache miss)
3620 silly packumentCache full:https://registry.npmjs.org/utf-8-validate set size:undefined disposed:false
3621 silly fetch manifest webpack@^4.37.0 || ^5.0.0
3622 silly packumentCache full:https://registry.npmjs.org/webpack cache-miss
3623 http fetch GET 200 https://registry.npmjs.org/webpack 53ms (cache hit)
3624 silly packumentCache full:https://registry.npmjs.org/webpack set size:4974548 disposed:false
3625 silly placeDep ROOT @types/bonjour@3.5.13 OK for: webpack-dev-server@4.15.2 want: ^3.5.9
3626 silly placeDep ROOT @types/connect-history-api-fallback@1.5.4 OK for: webpack-dev-server@4.15.2 want: ^1.3.5
3627 silly placeDep ROOT @types/express@4.17.25 OK for: webpack-dev-server@4.15.2 want: ^4.17.13
3628 silly placeDep ROOT @types/serve-index@1.9.4 OK for: webpack-dev-server@4.15.2 want: ^1.9.1
3629 silly placeDep ROOT @types/serve-static@1.15.10 OK for: webpack-dev-server@4.15.2 want: ^1.13.10
3630 silly placeDep ROOT @types/sockjs@0.3.36 OK for: webpack-dev-server@4.15.2 want: ^0.3.33
3631 silly placeDep ROOT @types/ws@8.18.1 OK for: webpack-dev-server@4.15.2 want: ^8.5.5
3632 silly placeDep ROOT ansi-html-community@0.0.8 OK for: webpack-dev-server@4.15.2 want: ^0.0.8
3633 silly placeDep ROOT bonjour-service@1.3.0 OK for: webpack-dev-server@4.15.2 want: ^1.0.11
3634 silly placeDep ROOT compression@1.8.1 OK for: webpack-dev-server@4.15.2 want: ^1.7.4
3635 silly placeDep ROOT connect-history-api-fallback@2.0.0 OK for: webpack-dev-server@4.15.2 want: ^2.0.0
3636 silly placeDep ROOT default-gateway@6.0.3 OK for: webpack-dev-server@4.15.2 want: ^6.0.3
3637 silly placeDep ROOT express@4.22.1 OK for: webpack-dev-server@4.15.2 want: ^4.17.3
3638 silly placeDep ROOT html-entities@2.6.0 OK for: webpack-dev-server@4.15.2 want: ^2.3.2
3639 silly placeDep ROOT http-proxy-middleware@2.0.9 OK for: webpack-dev-server@4.15.2 want: ^2.0.3
3640 silly placeDep ROOT ipaddr.js@2.3.0 OK for: webpack-dev-server@4.15.2 want: ^2.0.1
3641 silly placeDep ROOT launch-editor@2.13.2 OK for: webpack-dev-server@4.15.2 want: ^2.6.0
3642 silly placeDep ROOT open@8.4.2 OK for: webpack-dev-server@4.15.2 want: ^8.0.9
3643 silly placeDep ROOT p-retry@4.6.2 OK for: webpack-dev-server@4.15.2 want: ^4.5.0
3644 silly placeDep ROOT rimraf@3.0.2 OK for: webpack-dev-server@4.15.2 want: ^3.0.2
3645 silly placeDep node_modules/webpack-dev-server schema-utils@4.3.3 OK for: webpack-dev-server@4.15.2 want: ^4.0.0
3646 silly placeDep ROOT selfsigned@2.4.1 OK for: webpack-dev-server@4.15.2 want: ^2.1.1
3647 silly placeDep ROOT serve-index@1.9.2 OK for: webpack-dev-server@4.15.2 want: ^1.9.1
3648 silly placeDep ROOT sockjs@0.3.24 OK for: webpack-dev-server@4.15.2 want: ^0.3.24
3649 silly placeDep ROOT spdy@4.0.2 OK for: webpack-dev-server@4.15.2 want: ^4.0.2
3650 silly placeDep ROOT webpack-dev-middleware@5.3.4 OK for: webpack-dev-server@4.15.2 want: ^5.3.4
3651 silly placeDep ROOT ws@8.20.0 OK for: webpack-dev-server@4.15.2 want: ^8.13.0
3652 silly fetch manifest @types/express-serve-static-core@*
3653 silly packumentCache full:https://registry.npmjs.org/@types%2fexpress-serve-static-core cache-miss
3654 silly fetch manifest @types/qs@*
3655 silly packumentCache full:https://registry.npmjs.org/@types%2fqs cache-miss
3656 silly fetch manifest @types/body-parser@*
3657 silly packumentCache full:https://registry.npmjs.org/@types%2fbody-parser cache-miss
3658 silly fetch manifest @types/serve-static@^1
3659 silly packumentCache full:https://registry.npmjs.org/@types%2fserve-static cache-miss
3660 silly fetch manifest @types/express-serve-static-core@^4.17.33
3661 silly packumentCache full:https://registry.npmjs.org/@types%2fexpress-serve-static-core cache-miss
3662 silly fetch manifest @types/send@<1
3663 silly packumentCache full:https://registry.npmjs.org/@types%2fsend cache-miss
3664 silly fetch manifest @types/http-errors@*
3665 silly packumentCache full:https://registry.npmjs.org/@types%2fhttp-errors cache-miss
3666 silly fetch manifest multicast-dns@^7.2.5
3667 silly packumentCache full:https://registry.npmjs.org/multicast-dns cache-miss
3668 silly fetch manifest vary@~1.1.2
3669 silly packumentCache full:https://registry.npmjs.org/vary cache-miss
3670 silly fetch manifest bytes@3.1.2
3671 silly packumentCache full:https://registry.npmjs.org/bytes cache-miss
3672 silly fetch manifest debug@2.6.9
3673 silly packumentCache full:https://registry.npmjs.org/debug cache-hit
3674 silly fetch manifest negotiator@~0.6.4
3675 silly packumentCache full:https://registry.npmjs.org/negotiator cache-miss
3676 silly fetch manifest on-headers@~1.1.0
3677 silly packumentCache full:https://registry.npmjs.org/on-headers cache-miss
3678 silly fetch manifest compressible@~2.0.18
3679 silly packumentCache full:https://registry.npmjs.org/compressible cache-miss
3680 silly fetch manifest execa@^5.0.0
3681 silly packumentCache full:https://registry.npmjs.org/execa cache-miss
3682 silly fetch manifest qs@~6.14.0
3683 silly packumentCache full:https://registry.npmjs.org/qs cache-miss
3684 silly fetch manifest depd@2.0.0
3685 silly packumentCache full:https://registry.npmjs.org/depd cache-miss
3686 silly fetch manifest etag@~1.8.1
3687 silly packumentCache full:https://registry.npmjs.org/etag cache-miss
3688 silly fetch manifest send@~0.19.0
3689 silly packumentCache full:https://registry.npmjs.org/send cache-miss
3690 silly fetch manifest vary@~1.1.2
3691 silly packumentCache full:https://registry.npmjs.org/vary cache-miss
3692 silly fetch manifest debug@2.6.9
3693 silly packumentCache full:https://registry.npmjs.org/debug cache-hit
3694 silly fetch manifest fresh@~0.5.2
3695 silly packumentCache full:https://registry.npmjs.org/fresh cache-miss
3696 silly fetch manifest cookie@~0.7.1
3697 silly packumentCache full:https://registry.npmjs.org/cookie cache-miss
3698 http fetch GET 200 https://registry.npmjs.org/@types%2fserve-static 154ms (cache hit)
3699 silly packumentCache full:https://registry.npmjs.org/@types%2fserve-static set size:70859 disposed:false
3700 silly fetch manifest accepts@~1.3.8
3701 silly packumentCache full:https://registry.npmjs.org/accepts cache-miss
3702 http fetch GET 200 https://registry.npmjs.org/qs 146ms (cache hit)
3703 silly packumentCache full:https://registry.npmjs.org/qs set size:350258 disposed:false
3704 silly fetch manifest methods@~1.1.2
3705 silly packumentCache full:https://registry.npmjs.org/methods cache-miss
3706 http fetch GET 200 https://registry.npmjs.org/vary 192ms (cache miss)
3707 silly packumentCache full:https://registry.npmjs.org/vary set size:undefined disposed:false
3708 silly fetch manifest type-is@~1.6.18
3709 silly packumentCache full:https://registry.npmjs.org/type-is cache-miss
3710 http fetch GET 200 https://registry.npmjs.org/on-headers 191ms (cache miss)
3711 silly packumentCache full:https://registry.npmjs.org/on-headers set size:undefined disposed:false
3712 silly fetch manifest parseurl@~1.3.3
3713 silly packumentCache full:https://registry.npmjs.org/parseurl cache-miss
3714 http fetch GET 200 https://registry.npmjs.org/etag 198ms (cache miss)
3715 silly packumentCache full:https://registry.npmjs.org/etag set size:undefined disposed:false
3716 silly fetch manifest statuses@~2.0.1
3717 silly packumentCache full:https://registry.npmjs.org/statuses cache-miss
3718 http fetch GET 200 https://registry.npmjs.org/bytes 213ms (cache miss)
3719 silly packumentCache full:https://registry.npmjs.org/bytes set size:undefined disposed:false
3720 silly fetch manifest encodeurl@~2.0.0
3721 silly packumentCache full:https://registry.npmjs.org/encodeurl cache-miss
3722 http fetch GET 200 https://registry.npmjs.org/@types%2fhttp-errors 221ms (cache miss)
3723 silly packumentCache full:https://registry.npmjs.org/@types%2fhttp-errors set size:undefined disposed:false
3724 silly fetch manifest proxy-addr@~2.0.7
3725 silly packumentCache full:https://registry.npmjs.org/proxy-addr cache-miss
3726 http fetch GET 200 https://registry.npmjs.org/vary 208ms (cache miss)
3727 silly packumentCache full:https://registry.npmjs.org/vary set size:undefined disposed:false
3728 silly fetch manifest body-parser@~1.20.3
3729 silly packumentCache full:https://registry.npmjs.org/body-parser cache-miss
3730 http fetch GET 200 https://registry.npmjs.org/@types%2fsend 232ms (cache miss)
3731 silly packumentCache full:https://registry.npmjs.org/@types%2fsend set size:undefined disposed:false
3732 silly fetch manifest escape-html@~1.0.3
3733 silly packumentCache full:https://registry.npmjs.org/escape-html cache-miss
3734 http fetch GET 200 https://registry.npmjs.org/depd 221ms (cache miss)
3735 silly packumentCache full:https://registry.npmjs.org/depd set size:undefined disposed:false
3736 silly fetch manifest http-errors@~2.0.0
3737 silly packumentCache full:https://registry.npmjs.org/http-errors cache-miss
3738 http fetch GET 200 https://registry.npmjs.org/fresh 217ms (cache miss)
3739 silly packumentCache full:https://registry.npmjs.org/fresh set size:undefined disposed:false
3740 silly fetch manifest on-finished@~2.4.1
3741 silly packumentCache full:https://registry.npmjs.org/on-finished cache-miss
3742 http fetch GET 200 https://registry.npmjs.org/negotiator 242ms (cache miss)
3743 silly packumentCache full:https://registry.npmjs.org/negotiator set size:undefined disposed:false
3744 silly fetch manifest utils-merge@1.0.1
3745 silly packumentCache full:https://registry.npmjs.org/utils-merge cache-miss
3746 http fetch GET 200 https://registry.npmjs.org/compressible 247ms (cache miss)
3747 silly packumentCache full:https://registry.npmjs.org/compressible set size:undefined disposed:false
3748 silly fetch manifest content-type@~1.0.4
3749 silly packumentCache full:https://registry.npmjs.org/content-type cache-miss
3750 http fetch GET 200 https://registry.npmjs.org/@types%2fqs 294ms (cache miss)
3751 silly packumentCache full:https://registry.npmjs.org/@types%2fqs set size:undefined disposed:false
3752 silly fetch manifest finalhandler@~1.3.1
3753 silly packumentCache full:https://registry.npmjs.org/finalhandler cache-miss
3754 http fetch GET 200 https://registry.npmjs.org/multicast-dns 290ms (cache miss)
3755 silly packumentCache full:https://registry.npmjs.org/multicast-dns set size:undefined disposed:false
3756 silly fetch manifest range-parser@~1.2.1
3757 silly packumentCache full:https://registry.npmjs.org/range-parser cache-miss
3758 http fetch GET 200 https://registry.npmjs.org/@types%2fbody-parser 326ms (cache miss)
3759 silly packumentCache full:https://registry.npmjs.org/@types%2fbody-parser set size:undefined disposed:false
3760 silly fetch manifest serve-static@~1.16.2
3761 silly packumentCache full:https://registry.npmjs.org/serve-static cache-miss
3762 http fetch GET 200 https://registry.npmjs.org/cookie 364ms (cache miss)
3763 silly packumentCache full:https://registry.npmjs.org/cookie set size:undefined disposed:false
3764 silly fetch manifest array-flatten@1.1.1
3765 silly packumentCache full:https://registry.npmjs.org/array-flatten cache-miss
3766 http fetch GET 200 https://registry.npmjs.org/send 406ms (cache miss)
3767 silly packumentCache full:https://registry.npmjs.org/send set size:undefined disposed:false
3768 silly fetch manifest path-to-regexp@~0.1.12
3769 silly packumentCache full:https://registry.npmjs.org/path-to-regexp cache-miss
3770 http fetch GET 200 https://registry.npmjs.org/execa 437ms (cache miss)
3771 silly packumentCache full:https://registry.npmjs.org/execa set size:undefined disposed:false
3772 silly fetch manifest setprototypeof@1.2.0
3773 silly packumentCache full:https://registry.npmjs.org/setprototypeof cache-miss
3774 http fetch GET 200 https://registry.npmjs.org/@types%2fexpress-serve-static-core 473ms (cache miss)
3775 silly packumentCache full:https://registry.npmjs.org/@types%2fexpress-serve-static-core set size:undefined disposed:false
3776 silly fetch manifest cookie-signature@~1.0.6
3777 silly packumentCache full:https://registry.npmjs.org/cookie-signature cache-miss
3778 http fetch GET 200 https://registry.npmjs.org/accepts 326ms (cache miss)
3779 silly packumentCache full:https://registry.npmjs.org/accepts set size:undefined disposed:false
3780 silly fetch manifest merge-descriptors@1.0.3
3781 silly packumentCache full:https://registry.npmjs.org/merge-descriptors cache-miss
3782 http fetch GET 200 https://registry.npmjs.org/parseurl 290ms (cache miss)
3783 silly packumentCache full:https://registry.npmjs.org/parseurl set size:undefined disposed:false
3784 silly fetch manifest content-disposition@~0.5.4
3785 silly packumentCache full:https://registry.npmjs.org/content-disposition cache-miss
3786 http fetch GET 200 https://registry.npmjs.org/encodeurl 295ms (cache miss)
3787 silly packumentCache full:https://registry.npmjs.org/encodeurl set size:undefined disposed:false
3788 silly fetch manifest http-proxy@^1.18.1
3789 silly packumentCache full:https://registry.npmjs.org/http-proxy cache-miss
3790 http fetch GET 200 https://registry.npmjs.org/utils-merge 273ms (cache miss)
3791 silly packumentCache full:https://registry.npmjs.org/utils-merge set size:undefined disposed:false
3792 silly fetch manifest is-plain-obj@^3.0.0
3793 silly packumentCache full:https://registry.npmjs.org/is-plain-obj cache-miss
3794 http fetch GET 200 https://registry.npmjs.org/statuses 314ms (cache miss)
3795 silly packumentCache full:https://registry.npmjs.org/statuses set size:undefined disposed:false
3796 silly fetch manifest @types/http-proxy@^1.17.8
3797 silly packumentCache full:https://registry.npmjs.org/@types%2fhttp-proxy cache-miss
3798 http fetch GET 200 https://registry.npmjs.org/escape-html 302ms (cache miss)
3799 silly packumentCache full:https://registry.npmjs.org/escape-html set size:undefined disposed:false
3800 silly fetch manifest shell-quote@^1.8.3
3801 silly packumentCache full:https://registry.npmjs.org/shell-quote cache-miss
3802 http fetch GET 200 https://registry.npmjs.org/proxy-addr 315ms (cache miss)
3803 silly packumentCache full:https://registry.npmjs.org/proxy-addr set size:undefined disposed:false
3804 silly fetch manifest is-wsl@^2.2.0
3805 silly packumentCache full:https://registry.npmjs.org/is-wsl cache-miss
3806 http fetch GET 200 https://registry.npmjs.org/content-type 288ms (cache miss)
3807 silly packumentCache full:https://registry.npmjs.org/content-type set size:undefined disposed:false
3808 silly fetch manifest is-docker@^2.1.1
3809 silly packumentCache full:https://registry.npmjs.org/is-docker cache-miss
3810 http fetch GET 200 https://registry.npmjs.org/on-finished 309ms (cache miss)
3811 silly packumentCache full:https://registry.npmjs.org/on-finished set size:undefined disposed:false
3812 silly fetch manifest define-lazy-prop@^2.0.0
3813 silly packumentCache full:https://registry.npmjs.org/define-lazy-prop cache-miss
3814 http fetch GET 200 https://registry.npmjs.org/type-is 363ms (cache miss)
3815 silly packumentCache full:https://registry.npmjs.org/type-is set size:undefined disposed:false
3816 silly fetch manifest retry@^0.13.1
3817 silly packumentCache full:https://registry.npmjs.org/retry cache-miss
3818 http fetch GET 200 https://registry.npmjs.org/range-parser 284ms (cache miss)
3819 silly packumentCache full:https://registry.npmjs.org/range-parser set size:undefined disposed:false
3820 silly fetch manifest @types/retry@0.12.0
3821 silly packumentCache full:https://registry.npmjs.org/@types%2fretry cache-miss
3822 http fetch GET 200 https://registry.npmjs.org/http-errors 382ms (cache miss)
3823 silly packumentCache full:https://registry.npmjs.org/http-errors set size:undefined disposed:false
3824 silly fetch manifest node-forge@^1
3825 silly packumentCache full:https://registry.npmjs.org/node-forge cache-miss
3826 http fetch GET 200 https://registry.npmjs.org/finalhandler 338ms (cache miss)
3827 silly packumentCache full:https://registry.npmjs.org/finalhandler set size:undefined disposed:false
3828 silly fetch manifest @types/node-forge@^1.3.0
3829 silly packumentCache full:https://registry.npmjs.org/@types%2fnode-forge cache-miss
3830 http fetch GET 200 https://registry.npmjs.org/methods 460ms (cache miss)
3831 silly packumentCache full:https://registry.npmjs.org/methods set size:undefined disposed:false
3832 silly fetch manifest batch@0.6.1
3833 silly packumentCache full:https://registry.npmjs.org/batch cache-miss
3834 http fetch GET 200 https://registry.npmjs.org/array-flatten 247ms (cache miss)
3835 silly packumentCache full:https://registry.npmjs.org/array-flatten set size:undefined disposed:false
3836 silly fetch manifest http-errors@~1.8.0
3837 silly packumentCache full:https://registry.npmjs.org/http-errors cache-miss
3838 http fetch GET 200 https://registry.npmjs.org/serve-static 343ms (cache miss)
3839 silly packumentCache full:https://registry.npmjs.org/serve-static set size:undefined disposed:false
3840 silly fetch manifest faye-websocket@^0.11.3
3841 silly packumentCache full:https://registry.npmjs.org/faye-websocket cache-miss
3842 http fetch GET 200 https://registry.npmjs.org/body-parser 452ms (cache miss)
3843 silly packumentCache full:https://registry.npmjs.org/body-parser set size:undefined disposed:false
3844 silly fetch manifest uuid@^8.3.2
3845 silly packumentCache full:https://registry.npmjs.org/uuid cache-miss
3846 http fetch GET 200 https://registry.npmjs.org/setprototypeof 250ms (cache miss)
3847 silly packumentCache full:https://registry.npmjs.org/setprototypeof set size:undefined disposed:false
3848 silly fetch manifest websocket-driver@^0.7.4
3849 silly packumentCache full:https://registry.npmjs.org/websocket-driver cache-miss
3850 http fetch GET 200 https://registry.npmjs.org/cookie-signature 242ms (cache miss)
3851 silly packumentCache full:https://registry.npmjs.org/cookie-signature set size:undefined disposed:false
3852 silly fetch manifest handle-thing@^2.0.0
3853 silly packumentCache full:https://registry.npmjs.org/handle-thing cache-miss
3854 http fetch GET 200 https://registry.npmjs.org/merge-descriptors 234ms (cache miss)
3855 silly packumentCache full:https://registry.npmjs.org/merge-descriptors set size:undefined disposed:false
3856 silly fetch manifest http-deceiver@^1.2.7
3857 silly packumentCache full:https://registry.npmjs.org/http-deceiver cache-miss
3858 http fetch GET 200 https://registry.npmjs.org/@types%2fexpress-serve-static-core 734ms (cache miss)
3859 silly packumentCache full:https://registry.npmjs.org/@types%2fexpress-serve-static-core set size:undefined disposed:false
3860 silly fetch manifest select-hose@^2.0.0
3861 silly packumentCache full:https://registry.npmjs.org/select-hose cache-miss
3862 http fetch GET 200 https://registry.npmjs.org/is-plain-obj 216ms (cache miss)
3863 silly packumentCache full:https://registry.npmjs.org/is-plain-obj set size:undefined disposed:false
3864 silly fetch manifest spdy-transport@^3.0.0
3865 silly packumentCache full:https://registry.npmjs.org/spdy-transport cache-miss
3866 http fetch GET 200 https://registry.npmjs.org/is-docker 207ms (cache miss)
3867 silly packumentCache full:https://registry.npmjs.org/is-docker set size:undefined disposed:false
3868 silly fetch manifest memfs@^3.4.3
3869 silly packumentCache full:https://registry.npmjs.org/memfs cache-miss
3870 http fetch GET 200 https://registry.npmjs.org/content-disposition 266ms (cache miss)
3871 silly packumentCache full:https://registry.npmjs.org/content-disposition set size:undefined disposed:false
3872 silly fetch manifest range-parser@^1.2.1
3873 silly packumentCache full:https://registry.npmjs.org/range-parser cache-miss
3874 http fetch GET 200 https://registry.npmjs.org/define-lazy-prop 204ms (cache miss)
3875 silly packumentCache full:https://registry.npmjs.org/define-lazy-prop set size:undefined disposed:false
3876 http fetch GET 200 https://registry.npmjs.org/is-wsl 227ms (cache miss)
3877 silly packumentCache full:https://registry.npmjs.org/is-wsl set size:undefined disposed:false
3878 http fetch GET 200 https://registry.npmjs.org/shell-quote 256ms (cache miss)
3879 silly packumentCache full:https://registry.npmjs.org/shell-quote set size:undefined disposed:false
3880 http fetch GET 200 https://registry.npmjs.org/@types%2fretry 214ms (cache miss)
3881 silly packumentCache full:https://registry.npmjs.org/@types%2fretry set size:undefined disposed:false
3882 http fetch GET 200 https://registry.npmjs.org/retry 238ms (cache miss)
3883 silly packumentCache full:https://registry.npmjs.org/retry set size:undefined disposed:false
3884 http fetch GET 200 https://registry.npmjs.org/http-errors 158ms (cache hit)
3885 silly packumentCache full:https://registry.npmjs.org/http-errors set size:71987 disposed:false
3886 http fetch GET 200 https://registry.npmjs.org/http-proxy 298ms (cache miss)
3887 silly packumentCache full:https://registry.npmjs.org/http-proxy set size:undefined disposed:false
3888 http fetch GET 200 https://registry.npmjs.org/batch 193ms (cache miss)
3889 silly packumentCache full:https://registry.npmjs.org/batch set size:undefined disposed:false
3890 http fetch GET 200 https://registry.npmjs.org/faye-websocket 158ms (cache miss)
3891 silly packumentCache full:https://registry.npmjs.org/faye-websocket set size:undefined disposed:false
3892 http fetch GET 200 https://registry.npmjs.org/handle-thing 126ms (cache miss)
3893 silly packumentCache full:https://registry.npmjs.org/handle-thing set size:undefined disposed:false
3894 http fetch GET 200 https://registry.npmjs.org/select-hose 109ms (cache miss)
3895 silly packumentCache full:https://registry.npmjs.org/select-hose set size:undefined disposed:false
3896 http fetch GET 200 https://registry.npmjs.org/range-parser 86ms (cache hit)
3897 silly packumentCache full:https://registry.npmjs.org/range-parser set size:22228 disposed:false
3898 http fetch GET 200 https://registry.npmjs.org/websocket-driver 144ms (cache miss)
3899 silly packumentCache full:https://registry.npmjs.org/websocket-driver set size:undefined disposed:false
3900 http fetch GET 200 https://registry.npmjs.org/http-deceiver 135ms (cache miss)
3901 silly packumentCache full:https://registry.npmjs.org/http-deceiver set size:undefined disposed:false
3902 http fetch GET 200 https://registry.npmjs.org/spdy-transport 112ms (cache miss)
3903 silly packumentCache full:https://registry.npmjs.org/spdy-transport set size:undefined disposed:false
3904 http fetch GET 200 https://registry.npmjs.org/@types%2fhttp-proxy 330ms (cache miss)
3905 silly packumentCache full:https://registry.npmjs.org/@types%2fhttp-proxy set size:undefined disposed:false
3906 http fetch GET 200 https://registry.npmjs.org/uuid 178ms (cache miss)
3907 silly packumentCache full:https://registry.npmjs.org/uuid set size:undefined disposed:false
3908 http fetch GET 200 https://registry.npmjs.org/node-forge 252ms (cache miss)
3909 silly packumentCache full:https://registry.npmjs.org/node-forge set size:undefined disposed:false
3910 http fetch GET 200 https://registry.npmjs.org/@types%2fnode-forge 293ms (cache miss)
3911 silly packumentCache full:https://registry.npmjs.org/@types%2fnode-forge set size:undefined disposed:false
3912 http fetch GET 200 https://registry.npmjs.org/memfs 294ms (cache miss)
3913 silly packumentCache full:https://registry.npmjs.org/memfs set size:undefined disposed:false
3914 http fetch GET 200 https://registry.npmjs.org/path-to-regexp 714ms (cache miss)
3915 silly packumentCache full:https://registry.npmjs.org/path-to-regexp set size:undefined disposed:false
3916 silly placeDep ROOT @types/express-serve-static-core@5.1.1 OK for: @types/connect-history-api-fallback@1.5.4 want: *
3917 silly fetch manifest @types/send@*
3918 silly packumentCache full:https://registry.npmjs.org/@types%2fsend cache-miss
3919 silly fetch manifest @types/range-parser@*
3920 silly packumentCache full:https://registry.npmjs.org/@types%2frange-parser cache-miss
3921 http fetch GET 200 https://registry.npmjs.org/@types%2fsend 142ms (cache hit)
3922 silly packumentCache full:https://registry.npmjs.org/@types%2fsend set size:29985 disposed:false
3923 http fetch GET 200 https://registry.npmjs.org/@types%2frange-parser 193ms (cache miss)
3924 silly packumentCache full:https://registry.npmjs.org/@types%2frange-parser set size:undefined disposed:false
3925 silly placeDep ROOT @types/body-parser@1.19.6 OK for: @types/express@4.17.25 want: *
3926 silly placeDep node_modules/@types/express @types/express-serve-static-core@4.19.8 OK for: @types/express@4.17.25 want: ^4.17.33
3927 silly placeDep ROOT @types/qs@6.15.0 OK for: @types/express@4.17.25 want: *
3928 silly fetch manifest @types/connect@*
3929 silly packumentCache full:https://registry.npmjs.org/@types%2fconnect cache-miss
3930 http fetch GET 200 https://registry.npmjs.org/@types%2fconnect 62ms (cache miss)
3931 silly packumentCache full:https://registry.npmjs.org/@types%2fconnect set size:undefined disposed:false
3932 silly placeDep ROOT @types/connect@3.4.38 OK for: @types/body-parser@1.19.6 want: *
3933 silly placeDep ROOT @types/range-parser@1.2.7 OK for: @types/express-serve-static-core@5.1.1 want: *
3934 silly placeDep ROOT @types/send@1.2.1 OK for: @types/express-serve-static-core@5.1.1 want: *
3935 silly placeDep ROOT @types/http-errors@2.0.5 OK for: @types/serve-static@1.15.10 want: *
3936 silly placeDep node_modules/@types/serve-static @types/send@0.17.6 OK for: @types/serve-static@1.15.10 want: <1
3937 silly fetch manifest @types/mime@^1
3938 silly packumentCache full:https://registry.npmjs.org/@types%2fmime cache-miss
3939 http fetch GET 200 https://registry.npmjs.org/@types%2fmime 55ms (cache miss)
3940 silly packumentCache full:https://registry.npmjs.org/@types%2fmime set size:undefined disposed:false
3941 silly placeDep ROOT multicast-dns@7.2.5 OK for: bonjour-service@1.3.0 want: ^7.2.5
3942 silly fetch manifest thunky@^1.0.2
3943 silly packumentCache full:https://registry.npmjs.org/thunky cache-miss
3944 silly fetch manifest dns-packet@^5.2.2
3945 silly packumentCache full:https://registry.npmjs.org/dns-packet cache-miss
3946 http fetch GET 200 https://registry.npmjs.org/thunky 42ms (cache miss)
3947 silly packumentCache full:https://registry.npmjs.org/thunky set size:undefined disposed:false
3948 http fetch GET 200 https://registry.npmjs.org/dns-packet 44ms (cache miss)
3949 silly packumentCache full:https://registry.npmjs.org/dns-packet set size:undefined disposed:false
3950 silly placeDep ROOT bytes@3.1.2 OK for: compression@1.8.1 want: 3.1.2
3951 silly placeDep ROOT compressible@2.0.18 OK for: compression@1.8.1 want: ~2.0.18
3952 silly placeDep node_modules/compression debug@2.6.9 OK for: compression@1.8.1 want: 2.6.9
3953 silly placeDep ROOT negotiator@0.6.4 OK for: compression@1.8.1 want: ~0.6.4
3954 silly placeDep ROOT on-headers@1.1.0 OK for: compression@1.8.1 want: ~1.1.0
3955 silly placeDep ROOT vary@1.1.2 OK for: compression@1.8.1 want: ~1.1.2
3956 silly fetch manifest ms@2.0.0
3957 silly packumentCache full:https://registry.npmjs.org/ms cache-miss
3958 http fetch GET 200 https://registry.npmjs.org/ms 39ms (cache hit)
3959 silly packumentCache full:https://registry.npmjs.org/ms set size:92208 disposed:false
3960 silly placeDep ROOT execa@5.1.1 OK for: default-gateway@6.0.3 want: ^5.0.0
3961 silly fetch manifest onetime@^5.1.2
3962 silly packumentCache full:https://registry.npmjs.org/onetime cache-miss
3963 silly fetch manifest is-stream@^2.0.0
3964 silly packumentCache full:https://registry.npmjs.org/is-stream cache-miss
3965 silly fetch manifest get-stream@^6.0.0
3966 silly packumentCache full:https://registry.npmjs.org/get-stream cache-miss
3967 silly fetch manifest signal-exit@^3.0.3
3968 silly packumentCache full:https://registry.npmjs.org/signal-exit cache-miss
3969 silly fetch manifest npm-run-path@^4.0.1
3970 silly packumentCache full:https://registry.npmjs.org/npm-run-path cache-miss
3971 silly fetch manifest human-signals@^2.1.0
3972 silly packumentCache full:https://registry.npmjs.org/human-signals cache-miss
3973 silly fetch manifest strip-final-newline@^2.0.0
3974 silly packumentCache full:https://registry.npmjs.org/strip-final-newline cache-miss
3975 http fetch GET 200 https://registry.npmjs.org/is-stream 58ms (cache miss)
3976 silly packumentCache full:https://registry.npmjs.org/is-stream set size:undefined disposed:false
3977 http fetch GET 200 https://registry.npmjs.org/npm-run-path 62ms (cache miss)
3978 silly packumentCache full:https://registry.npmjs.org/npm-run-path set size:undefined disposed:false
3979 http fetch GET 200 https://registry.npmjs.org/get-stream 70ms (cache miss)
3980 silly packumentCache full:https://registry.npmjs.org/get-stream set size:undefined disposed:false
3981 http fetch GET 200 https://registry.npmjs.org/human-signals 68ms (cache miss)
3982 silly packumentCache full:https://registry.npmjs.org/human-signals set size:undefined disposed:false
3983 http fetch GET 200 https://registry.npmjs.org/signal-exit 73ms (cache miss)
3984 silly packumentCache full:https://registry.npmjs.org/signal-exit set size:undefined disposed:false
3985 http fetch GET 200 https://registry.npmjs.org/strip-final-newline 73ms (cache miss)
3986 silly packumentCache full:https://registry.npmjs.org/strip-final-newline set size:undefined disposed:false
3987 http fetch GET 200 https://registry.npmjs.org/onetime 82ms (cache miss)
3988 silly packumentCache full:https://registry.npmjs.org/onetime set size:undefined disposed:false
3989 silly placeDep ROOT get-stream@6.0.1 OK for: execa@5.1.1 want: ^6.0.0
3990 silly placeDep ROOT human-signals@2.1.0 OK for: execa@5.1.1 want: ^2.1.0
3991 silly placeDep ROOT is-stream@2.0.1 OK for: execa@5.1.1 want: ^2.0.0
3992 silly placeDep ROOT npm-run-path@4.0.1 OK for: execa@5.1.1 want: ^4.0.1
3993 silly placeDep ROOT onetime@5.1.2 OK for: execa@5.1.1 want: ^5.1.2
3994 silly placeDep ROOT signal-exit@3.0.7 OK for: execa@5.1.1 want: ^3.0.3
3995 silly placeDep ROOT strip-final-newline@2.0.0 OK for: execa@5.1.1 want: ^2.0.0
3996 silly fetch manifest mimic-fn@^2.1.0
3997 silly packumentCache full:https://registry.npmjs.org/mimic-fn cache-miss
3998 http fetch GET 200 https://registry.npmjs.org/mimic-fn 36ms (cache miss)
3999 silly packumentCache full:https://registry.npmjs.org/mimic-fn set size:undefined disposed:false
4000 silly placeDep ROOT accepts@1.3.8 OK for: express@4.22.1 want: ~1.3.8
4001 silly placeDep ROOT array-flatten@1.1.1 OK for: express@4.22.1 want: 1.1.1
4002 silly placeDep ROOT body-parser@1.20.4 OK for: express@4.22.1 want: ~1.20.3
4003 silly placeDep ROOT content-disposition@0.5.4 OK for: express@4.22.1 want: ~0.5.4
4004 silly placeDep ROOT content-type@1.0.5 OK for: express@4.22.1 want: ~1.0.4
4005 silly placeDep ROOT cookie@0.7.2 OK for: express@4.22.1 want: ~0.7.1
4006 silly placeDep ROOT cookie-signature@1.0.7 OK for: express@4.22.1 want: ~1.0.6
4007 silly placeDep node_modules/express debug@2.6.9 OK for: express@4.22.1 want: 2.6.9
4008 silly placeDep ROOT depd@2.0.0 OK for: express@4.22.1 want: 2.0.0
4009 silly placeDep ROOT encodeurl@2.0.0 OK for: express@4.22.1 want: ~2.0.0
4010 silly placeDep ROOT escape-html@1.0.3 OK for: express@4.22.1 want: ~1.0.3
4011 silly placeDep ROOT etag@1.8.1 OK for: express@4.22.1 want: ~1.8.1
4012 silly placeDep ROOT finalhandler@1.3.2 OK for: express@4.22.1 want: ~1.3.1
4013 silly placeDep ROOT fresh@0.5.2 OK for: express@4.22.1 want: ~0.5.2
4014 silly placeDep ROOT http-errors@2.0.1 OK for: express@4.22.1 want: ~2.0.0
4015 silly placeDep ROOT merge-descriptors@1.0.3 OK for: express@4.22.1 want: 1.0.3
4016 silly placeDep ROOT methods@1.1.2 OK for: express@4.22.1 want: ~1.1.2
4017 silly placeDep ROOT on-finished@2.4.1 OK for: express@4.22.1 want: ~2.4.1
4018 silly placeDep ROOT parseurl@1.3.3 OK for: express@4.22.1 want: ~1.3.3
4019 silly placeDep ROOT path-to-regexp@0.1.13 OK for: express@4.22.1 want: ~0.1.12
4020 silly placeDep ROOT proxy-addr@2.0.7 OK for: express@4.22.1 want: ~2.0.7
4021 silly placeDep node_modules/express qs@6.14.2 OK for: express@4.22.1 want: ~6.14.0
4022 silly placeDep ROOT range-parser@1.2.1 OK for: express@4.22.1 want: ~1.2.1
4023 silly placeDep ROOT send@0.19.2 OK for: express@4.22.1 want: ~0.19.0
4024 silly placeDep ROOT serve-static@1.16.3 OK for: express@4.22.1 want: ~1.16.2
4025 silly placeDep ROOT setprototypeof@1.2.0 OK for: express@4.22.1 want: 1.2.0
4026 silly placeDep ROOT statuses@2.0.2 OK for: express@4.22.1 want: ~2.0.1
4027 silly placeDep ROOT type-is@1.6.18 OK for: express@4.22.1 want: ~1.6.18
4028 silly placeDep ROOT utils-merge@1.0.1 OK for: express@4.22.1 want: 1.0.1
4029 silly fetch manifest negotiator@0.6.3
4030 silly packumentCache full:https://registry.npmjs.org/negotiator cache-miss
4031 silly fetch manifest unpipe@~1.0.0
4032 silly packumentCache full:https://registry.npmjs.org/unpipe cache-miss
4033 silly fetch manifest destroy@~1.2.0
4034 silly packumentCache full:https://registry.npmjs.org/destroy cache-miss
4035 silly fetch manifest raw-body@~2.5.3
4036 silly packumentCache full:https://registry.npmjs.org/raw-body cache-miss
4037 silly fetch manifest iconv-lite@~0.4.24
4038 silly packumentCache full:https://registry.npmjs.org/iconv-lite cache-miss
4039 silly fetch manifest http-errors@~2.0.1
4040 silly packumentCache full:https://registry.npmjs.org/http-errors cache-hit
4041 silly fetch manifest content-type@~1.0.5
4042 silly packumentCache full:https://registry.npmjs.org/content-type cache-miss
4043 silly fetch manifest unpipe@~1.0.0
4044 silly packumentCache full:https://registry.npmjs.org/unpipe cache-miss
4045 silly fetch manifest statuses@~2.0.2
4046 silly packumentCache full:https://registry.npmjs.org/statuses cache-miss
4047 silly fetch manifest setprototypeof@~1.2.0
4048 silly packumentCache full:https://registry.npmjs.org/setprototypeof cache-miss
4049 silly fetch manifest statuses@~2.0.2
4050 silly packumentCache full:https://registry.npmjs.org/statuses cache-miss
4051 silly fetch manifest toidentifier@~1.0.1
4052 silly packumentCache full:https://registry.npmjs.org/toidentifier cache-miss
4053 silly fetch manifest ee-first@1.1.1
4054 silly packumentCache full:https://registry.npmjs.org/ee-first cache-miss
4055 silly fetch manifest forwarded@0.2.0
4056 silly packumentCache full:https://registry.npmjs.org/forwarded cache-miss
4057 silly fetch manifest ipaddr.js@1.9.1
4058 silly packumentCache full:https://registry.npmjs.org/ipaddr.js cache-miss
4059 silly fetch manifest mime@1.6.0
4060 silly packumentCache full:https://registry.npmjs.org/mime cache-miss
4061 silly fetch manifest destroy@1.2.0
4062 silly packumentCache full:https://registry.npmjs.org/destroy cache-miss
4063 silly fetch manifest statuses@~2.0.2
4064 silly packumentCache full:https://registry.npmjs.org/statuses cache-miss
4065 silly fetch manifest media-typer@0.3.0
4066 silly packumentCache full:https://registry.npmjs.org/media-typer cache-miss
4067 http fetch GET 200 https://registry.npmjs.org/unpipe 120ms (cache miss)
4068 silly packumentCache full:https://registry.npmjs.org/unpipe set size:undefined disposed:false
4069 http fetch GET 200 https://registry.npmjs.org/content-type 119ms (cache hit)
4070 silly packumentCache full:https://registry.npmjs.org/content-type set size:17311 disposed:false
4071 http fetch GET 200 https://registry.npmjs.org/statuses 121ms (cache hit)
4072 silly packumentCache full:https://registry.npmjs.org/statuses set size:37117 disposed:false
4073 http fetch GET 200 https://registry.npmjs.org/negotiator 136ms (cache hit)
4074 silly packumentCache full:https://registry.npmjs.org/negotiator set size:48046 disposed:false
4075 http fetch GET 200 https://registry.npmjs.org/setprototypeof 124ms (cache hit)
4076 silly packumentCache full:https://registry.npmjs.org/setprototypeof set size:14532 disposed:false
4077 http fetch GET 200 https://registry.npmjs.org/ipaddr.js 119ms (cache hit)
4078 silly packumentCache full:https://registry.npmjs.org/ipaddr.js set size:67857 disposed:false
4079 http fetch GET 200 https://registry.npmjs.org/statuses 128ms (cache hit)
4080 silly packumentCache full:https://registry.npmjs.org/statuses set size:37117 disposed:false
4081 silly packumentCache full:https://registry.npmjs.org/statuses dispose
4082 http fetch GET 200 https://registry.npmjs.org/statuses 120ms (cache hit)
4083 silly packumentCache full:https://registry.npmjs.org/statuses set size:37117 disposed:true
4084 silly packumentCache full:https://registry.npmjs.org/statuses dispose
4085 http fetch GET 200 https://registry.npmjs.org/toidentifier 142ms (cache miss)
4086 silly packumentCache full:https://registry.npmjs.org/toidentifier set size:undefined disposed:false
4087 http fetch GET 200 https://registry.npmjs.org/unpipe 151ms (cache miss)
4088 silly packumentCache full:https://registry.npmjs.org/unpipe set size:undefined disposed:false
4089 http fetch GET 200 https://registry.npmjs.org/ee-first 144ms (cache miss)
4090 silly packumentCache full:https://registry.npmjs.org/ee-first set size:undefined disposed:false
4091 http fetch GET 200 https://registry.npmjs.org/media-typer 138ms (cache miss)
4092 silly packumentCache full:https://registry.npmjs.org/media-typer set size:undefined disposed:false
4093 http fetch GET 200 https://registry.npmjs.org/raw-body 164ms (cache miss)
4094 silly packumentCache full:https://registry.npmjs.org/raw-body set size:undefined disposed:false
4095 http fetch GET 200 https://registry.npmjs.org/mime 149ms (cache miss)
4096 silly packumentCache full:https://registry.npmjs.org/mime set size:undefined disposed:false
4097 http fetch GET 200 https://registry.npmjs.org/iconv-lite 174ms (cache miss)
4098 silly packumentCache full:https://registry.npmjs.org/iconv-lite set size:undefined disposed:false
4099 http fetch GET 200 https://registry.npmjs.org/destroy 278ms (cache miss)
4100 silly packumentCache full:https://registry.npmjs.org/destroy set size:undefined disposed:false
4101 http fetch GET 200 https://registry.npmjs.org/destroy 260ms (cache miss)
4102 silly packumentCache full:https://registry.npmjs.org/destroy set size:undefined disposed:false
4103 http fetch GET 200 https://registry.npmjs.org/forwarded 285ms (cache miss)
4104 silly packumentCache full:https://registry.npmjs.org/forwarded set size:undefined disposed:false
4105 silly placeDep node_modules/accepts negotiator@0.6.3 OK for: accepts@1.3.8 want: 0.6.3
4106 silly placeDep node_modules/body-parser debug@2.6.9 OK for: body-parser@1.20.4 want: 2.6.9
4107 silly placeDep ROOT destroy@1.2.0 OK for: body-parser@1.20.4 want: ~1.2.0
4108 silly placeDep ROOT iconv-lite@0.4.24 OK for: body-parser@1.20.4 want: ~0.4.24
4109 silly placeDep node_modules/body-parser qs@6.14.2 OK for: body-parser@1.20.4 want: ~6.14.0
4110 silly placeDep ROOT raw-body@2.5.3 OK for: body-parser@1.20.4 want: ~2.5.3
4111 silly placeDep ROOT unpipe@1.0.0 OK for: body-parser@1.20.4 want: ~1.0.0
4112 silly fetch manifest safer-buffer@>= 2.1.2 < 3
4113 silly packumentCache full:https://registry.npmjs.org/safer-buffer cache-miss
4114 http fetch GET 200 https://registry.npmjs.org/safer-buffer 34ms (cache miss)
4115 silly packumentCache full:https://registry.npmjs.org/safer-buffer set size:undefined disposed:false
4116 silly placeDep node_modules/finalhandler debug@2.6.9 OK for: finalhandler@1.3.2 want: 2.6.9
4117 silly placeDep ROOT toidentifier@1.0.1 OK for: http-errors@2.0.1 want: ~1.0.1
4118 silly placeDep ROOT @types/http-proxy@1.17.17 OK for: http-proxy-middleware@2.0.9 want: ^1.17.8
4119 silly placeDep ROOT http-proxy@1.18.1 OK for: http-proxy-middleware@2.0.9 want: ^1.18.1
4120 silly placeDep ROOT is-plain-obj@3.0.0 OK for: http-proxy-middleware@2.0.9 want: ^3.0.0
4121 silly fetch manifest eventemitter3@^4.0.0
4122 silly packumentCache full:https://registry.npmjs.org/eventemitter3 cache-miss
4123 silly fetch manifest requires-port@^1.0.0
4124 silly packumentCache full:https://registry.npmjs.org/requires-port cache-miss
4125 http fetch GET 200 https://registry.npmjs.org/requires-port 37ms (cache miss)
4126 silly packumentCache full:https://registry.npmjs.org/requires-port set size:undefined disposed:false
4127 http fetch GET 200 https://registry.npmjs.org/eventemitter3 40ms (cache miss)
4128 silly packumentCache full:https://registry.npmjs.org/eventemitter3 set size:undefined disposed:false
4129 silly placeDep ROOT eventemitter3@4.0.7 OK for: http-proxy@1.18.1 want: ^4.0.0
4130 silly placeDep ROOT requires-port@1.0.0 OK for: http-proxy@1.18.1 want: ^1.0.0
4131 silly placeDep ROOT safer-buffer@2.1.2 OK for: iconv-lite@0.4.24 want: >= 2.1.2 < 3
4132 silly placeDep ROOT shell-quote@1.8.3 OK for: launch-editor@2.13.2 want: ^1.8.3
4133 silly placeDep ROOT dns-packet@5.6.1 OK for: multicast-dns@7.2.5 want: ^5.2.2
4134 silly placeDep ROOT thunky@1.1.0 OK for: multicast-dns@7.2.5 want: ^1.0.2
4135 silly fetch manifest @leichtgewicht/ip-codec@^2.0.1
4136 silly packumentCache full:https://registry.npmjs.org/@leichtgewicht%2fip-codec cache-miss
4137 http fetch GET 200 https://registry.npmjs.org/@leichtgewicht%2fip-codec 53ms (cache miss)
4138 silly packumentCache full:https://registry.npmjs.org/@leichtgewicht%2fip-codec set size:undefined disposed:false
4139 silly placeDep ROOT @leichtgewicht/ip-codec@2.0.5 OK for: dns-packet@5.6.1 want: ^2.0.1
4140 silly placeDep ROOT ee-first@1.1.1 OK for: on-finished@2.4.1 want: 1.1.1
4141 silly placeDep ROOT mimic-fn@2.1.0 OK for: onetime@5.1.2 want: ^2.1.0
4142 silly placeDep ROOT define-lazy-prop@2.0.0 OK for: open@8.4.2 want: ^2.0.0
4143 silly placeDep ROOT is-docker@2.2.1 OK for: open@8.4.2 want: ^2.1.1
4144 silly placeDep ROOT is-wsl@2.2.0 OK for: open@8.4.2 want: ^2.2.0
4145 silly placeDep ROOT @types/retry@0.12.0 OK for: p-retry@4.6.2 want: 0.12.0
4146 silly placeDep ROOT retry@0.13.1 OK for: p-retry@4.6.2 want: ^0.13.1
4147 silly placeDep ROOT forwarded@0.2.0 OK for: proxy-addr@2.0.7 want: 0.2.0
4148 silly placeDep node_modules/proxy-addr ipaddr.js@1.9.1 OK for: proxy-addr@2.0.7 want: 1.9.1
4149 silly placeDep ROOT @types/node-forge@1.3.14 OK for: selfsigned@2.4.1 want: ^1.3.0
4150 silly placeDep ROOT node-forge@1.4.0 OK for: selfsigned@2.4.1 want: ^1
4151 silly placeDep node_modules/send debug@2.6.9 OK for: send@0.19.2 want: 2.6.9
4152 silly placeDep ROOT mime@1.6.0 OK for: send@0.19.2 want: 1.6.0
4153 silly placeDep ROOT batch@0.6.1 OK for: serve-index@1.9.2 want: 0.6.1
4154 silly placeDep node_modules/serve-index debug@2.6.9 OK for: serve-index@1.9.2 want: 2.6.9
4155 silly placeDep node_modules/serve-index http-errors@1.8.1 OK for: serve-index@1.9.2 want: ~1.8.0
4156 silly fetch manifest depd@~1.1.2
4157 silly packumentCache full:https://registry.npmjs.org/depd cache-miss
4158 silly fetch manifest statuses@>= 1.5.0 < 2
4159 silly packumentCache full:https://registry.npmjs.org/statuses cache-hit
4160 http fetch GET 200 https://registry.npmjs.org/depd 7ms (cache hit)
4161 silly packumentCache full:https://registry.npmjs.org/depd set size:40182 disposed:false
4162 silly placeDep ROOT faye-websocket@0.11.4 OK for: sockjs@0.3.24 want: ^0.11.3
4163 silly placeDep ROOT uuid@8.3.2 OK for: sockjs@0.3.24 want: ^8.3.2
4164 silly placeDep ROOT websocket-driver@0.7.4 OK for: sockjs@0.3.24 want: ^0.7.4
4165 silly fetch manifest websocket-driver@>=0.5.1
4166 silly packumentCache full:https://registry.npmjs.org/websocket-driver cache-miss
4167 silly fetch manifest http-parser-js@>=0.5.1
4168 silly packumentCache full:https://registry.npmjs.org/http-parser-js cache-miss
4169 silly fetch manifest websocket-extensions@>=0.1.1
4170 silly packumentCache full:https://registry.npmjs.org/websocket-extensions cache-miss
4171 http fetch GET 200 https://registry.npmjs.org/websocket-driver 9ms (cache hit)
4172 silly packumentCache full:https://registry.npmjs.org/websocket-driver set size:55869 disposed:false
4173 http fetch GET 200 https://registry.npmjs.org/http-parser-js 36ms (cache miss)
4174 silly packumentCache full:https://registry.npmjs.org/http-parser-js set size:undefined disposed:false
4175 http fetch GET 200 https://registry.npmjs.org/websocket-extensions 37ms (cache miss)
4176 silly packumentCache full:https://registry.npmjs.org/websocket-extensions set size:undefined disposed:false
4177 silly placeDep ROOT handle-thing@2.0.1 OK for: spdy@4.0.2 want: ^2.0.0
4178 silly placeDep ROOT http-deceiver@1.2.7 OK for: spdy@4.0.2 want: ^1.2.7
4179 silly placeDep ROOT select-hose@2.0.0 OK for: spdy@4.0.2 want: ^2.0.0
4180 silly placeDep ROOT spdy-transport@3.0.0 OK for: spdy@4.0.2 want: ^3.0.0
4181 silly fetch manifest detect-node@^2.0.4
4182 silly packumentCache full:https://registry.npmjs.org/detect-node cache-miss
4183 silly fetch manifest hpack.js@^2.1.6
4184 silly packumentCache full:https://registry.npmjs.org/hpack.js cache-miss
4185 silly fetch manifest obuf@^1.1.2
4186 silly packumentCache full:https://registry.npmjs.org/obuf cache-miss
4187 silly fetch manifest readable-stream@^3.0.6
4188 silly packumentCache full:https://registry.npmjs.org/readable-stream cache-miss
4189 silly fetch manifest wbuf@^1.7.3
4190 silly packumentCache full:https://registry.npmjs.org/wbuf cache-miss
4191 http fetch GET 200 https://registry.npmjs.org/readable-stream 15ms (cache hit)
4192 silly packumentCache full:https://registry.npmjs.org/readable-stream set size:261096 disposed:false
4193 http fetch GET 200 https://registry.npmjs.org/detect-node 46ms (cache miss)
4194 silly packumentCache full:https://registry.npmjs.org/detect-node set size:undefined disposed:false
4195 http fetch GET 200 https://registry.npmjs.org/hpack.js 46ms (cache miss)
4196 silly packumentCache full:https://registry.npmjs.org/hpack.js set size:undefined disposed:false
4197 http fetch GET 200 https://registry.npmjs.org/obuf 46ms (cache miss)
4198 silly packumentCache full:https://registry.npmjs.org/obuf set size:undefined disposed:false
4199 http fetch GET 200 https://registry.npmjs.org/wbuf 45ms (cache miss)
4200 silly packumentCache full:https://registry.npmjs.org/wbuf set size:undefined disposed:false
4201 silly placeDep ROOT detect-node@2.1.0 OK for: spdy-transport@3.0.0 want: ^2.0.4
4202 silly placeDep ROOT hpack.js@2.1.6 OK for: spdy-transport@3.0.0 want: ^2.1.6
4203 silly placeDep ROOT obuf@1.1.2 OK for: spdy-transport@3.0.0 want: ^1.1.2
4204 silly placeDep node_modules/spdy-transport readable-stream@3.6.2 OK for: spdy-transport@3.0.0 want: ^3.0.6
4205 silly placeDep ROOT wbuf@1.7.3 OK for: spdy-transport@3.0.0 want: ^1.7.3
4206 silly fetch manifest obuf@^1.0.0
4207 silly packumentCache full:https://registry.npmjs.org/obuf cache-miss
4208 silly fetch manifest wbuf@^1.1.0
4209 silly packumentCache full:https://registry.npmjs.org/wbuf cache-miss
4210 http fetch GET 200 https://registry.npmjs.org/obuf 7ms (cache hit)
4211 silly packumentCache full:https://registry.npmjs.org/obuf set size:14024 disposed:false
4212 http fetch GET 200 https://registry.npmjs.org/wbuf 8ms (cache hit)
4213 silly packumentCache full:https://registry.npmjs.org/wbuf set size:20540 disposed:false
4214 silly placeDep ROOT media-typer@0.3.0 OK for: type-is@1.6.18 want: 0.3.0
4215 silly placeDep ROOT memfs@3.5.3 OK for: webpack-dev-middleware@5.3.4 want: ^3.4.3
4216 silly placeDep node_modules/webpack-dev-middleware schema-utils@4.3.3 OK for: webpack-dev-middleware@5.3.4 want: ^4.0.0
4217 silly fetch manifest fs-monkey@^1.0.4
4218 silly packumentCache full:https://registry.npmjs.org/fs-monkey cache-miss
4219 http fetch GET 200 https://registry.npmjs.org/fs-monkey 43ms (cache miss)
4220 silly packumentCache full:https://registry.npmjs.org/fs-monkey set size:undefined disposed:false
4221 silly placeDep ROOT fs-monkey@1.1.0 OK for: memfs@3.5.3 want: ^1.0.4
4222 silly placeDep ROOT clone-deep@4.0.1 OK for: webpack-merge@5.10.0 want: ^4.0.1
4223 silly placeDep ROOT flat@5.0.2 OK for: webpack-merge@5.10.0 want: ^5.0.2
4224 silly placeDep ROOT wildcard@2.0.1 OK for: webpack-merge@5.10.0 want: ^2.0.0
4225 silly fetch manifest is-plain-object@^2.0.4
4226 silly packumentCache full:https://registry.npmjs.org/is-plain-object cache-miss
4227 silly fetch manifest kind-of@^6.0.2
4228 silly packumentCache full:https://registry.npmjs.org/kind-of cache-miss
4229 silly fetch manifest shallow-clone@^3.0.0
4230 silly packumentCache full:https://registry.npmjs.org/shallow-clone cache-miss
4231 http fetch GET 200 https://registry.npmjs.org/kind-of 32ms (cache miss)
4232 silly packumentCache full:https://registry.npmjs.org/kind-of set size:undefined disposed:false
4233 http fetch GET 200 https://registry.npmjs.org/is-plain-object 35ms (cache miss)
4234 silly packumentCache full:https://registry.npmjs.org/is-plain-object set size:undefined disposed:false
4235 http fetch GET 200 https://registry.npmjs.org/shallow-clone 35ms (cache miss)
4236 silly packumentCache full:https://registry.npmjs.org/shallow-clone set size:undefined disposed:false
4237 silly placeDep ROOT is-plain-object@2.0.4 OK for: clone-deep@4.0.1 want: ^2.0.4
4238 silly placeDep ROOT kind-of@6.0.3 OK for: clone-deep@4.0.1 want: ^6.0.2
4239 silly placeDep ROOT shallow-clone@3.0.1 OK for: clone-deep@4.0.1 want: ^3.0.0
4240 silly fetch manifest isobject@^3.0.1
4241 silly packumentCache full:https://registry.npmjs.org/isobject cache-miss
4242 http fetch GET 200 https://registry.npmjs.org/isobject 27ms (cache miss)
4243 silly packumentCache full:https://registry.npmjs.org/isobject set size:undefined disposed:false
4244 silly placeDep ROOT isobject@3.0.1 OK for: is-plain-object@2.0.4 want: ^3.0.1
4245 silly placeDep ROOT node-notifier@9.0.1 OK for: webpack-notifier@1.15.0 want: ^9.0.0
4246 silly fetch manifest growly@^1.3.0
4247 silly packumentCache full:https://registry.npmjs.org/growly cache-miss
4248 silly fetch manifest shellwords@^0.1.1
4249 silly packumentCache full:https://registry.npmjs.org/shellwords cache-miss
4250 http fetch GET 200 https://registry.npmjs.org/growly 30ms (cache miss)
4251 silly packumentCache full:https://registry.npmjs.org/growly set size:undefined disposed:false
4252 http fetch GET 200 https://registry.npmjs.org/shellwords 31ms (cache miss)
4253 silly packumentCache full:https://registry.npmjs.org/shellwords set size:undefined disposed:false
4254 silly placeDep ROOT growly@1.3.0 OK for: node-notifier@9.0.1 want: ^1.3.0
4255 silly placeDep ROOT shellwords@0.1.1 OK for: node-notifier@9.0.1 want: ^0.1.1
4256 silly placeDep ROOT source-list-map@2.0.1 OK for: webpack-sources@1.4.3 want: ^2.0.0
4257 silly placeDep ROOT consola@2.15.3 OK for: webpackbar@5.0.2 want: ^2.15.3
4258 silly placeDep ROOT pretty-time@1.1.0 OK for: webpackbar@5.0.2 want: ^1.1.0
4259 silly placeDep ROOT std-env@3.10.0 OK for: webpackbar@5.0.2 want: ^3.0.1
4260 silly placeDep ROOT http-parser-js@0.5.10 OK for: websocket-driver@0.7.4 want: >=0.5.1
4261 silly placeDep ROOT websocket-extensions@0.1.4 OK for: websocket-driver@0.7.4 want: >=0.1.1
4262 silly placeDep ROOT isexe@2.0.0 OK for: which@2.0.2 want: ^2.0.0
4263 silly placeDep ROOT available-typed-arrays@1.0.7 OK for: which-typed-array@1.1.20 want: ^1.0.7
4264 silly placeDep ROOT for-each@0.3.5 OK for: which-typed-array@1.1.20 want: ^0.3.5
4265 silly placeDep ROOT has-tostringtag@1.0.2 OK for: which-typed-array@1.1.20 want: ^1.0.2
4266 silly fetch manifest possible-typed-array-names@^1.0.0
4267 silly packumentCache full:https://registry.npmjs.org/possible-typed-array-names cache-miss
4268 silly fetch manifest is-callable@^1.2.7
4269 silly packumentCache full:https://registry.npmjs.org/is-callable cache-miss
4270 http fetch GET 200 https://registry.npmjs.org/possible-typed-array-names 36ms (cache miss)
4271 silly packumentCache full:https://registry.npmjs.org/possible-typed-array-names set size:undefined disposed:false
4272 http fetch GET 200 https://registry.npmjs.org/is-callable 41ms (cache miss)
4273 silly packumentCache full:https://registry.npmjs.org/is-callable set size:undefined disposed:false
4274 silly placeDep ROOT possible-typed-array-names@1.1.0 OK for: available-typed-arrays@1.0.7 want: ^1.0.0
4275 silly placeDep ROOT is-callable@1.2.7 OK for: for-each@0.3.5 want: ^1.2.7
4276 silly placeDep ROOT cliui@8.0.1 OK for: yargs@17.7.2 want: ^8.0.1
4277 silly placeDep ROOT get-caller-file@2.0.5 OK for: yargs@17.7.2 want: ^2.0.5
4278 silly placeDep ROOT require-directory@2.1.1 OK for: yargs@17.7.2 want: ^2.1.1
4279 silly placeDep ROOT y18n@5.0.8 OK for: yargs@17.7.2 want: ^5.0.5
4280 silly placeDep ROOT yargs-parser@21.1.1 OK for: yargs@17.7.2 want: ^21.1.1
4281 silly fetch manifest wrap-ansi@^7.0.0
4282 silly packumentCache full:https://registry.npmjs.org/wrap-ansi cache-miss
4283 http fetch GET 200 https://registry.npmjs.org/wrap-ansi 29ms (cache miss)
4284 silly packumentCache full:https://registry.npmjs.org/wrap-ansi set size:undefined disposed:false
4285 silly placeDep ROOT wrap-ansi@7.0.0 OK for: cliui@8.0.1 want: ^7.0.0
4286 silly placeDep ROOT @types/mime@1.3.5 OK for: @types/send@0.17.6 want: ^1
4287 silly placeDep node_modules/assert inherits@2.0.3 OK for: util@0.10.4 want: 2.0.3
4288 silly placeDep node_modules/body-parser ms@2.0.0 OK for: debug@2.6.9 want: 2.0.0
4289 silly placeDep node_modules/compression ms@2.0.0 OK for: debug@2.6.9 want: 2.0.0
4290 silly placeDep node_modules/express ms@2.0.0 OK for: debug@2.6.9 want: 2.0.0
4291 silly placeDep node_modules/finalhandler ms@2.0.0 OK for: debug@2.6.9 want: 2.0.0
4292 silly placeDep node_modules/html-minifier-terser/node_modules/terser commander@2.20.3 OK for: terser@4.8.1 want: ^2.20.0
4293 silly placeDep node_modules/img-loader json5@1.0.2 OK for: loader-utils@1.4.2 want: ^1.0.1
4294 silly fetch manifest minimist@^1.2.0
4295 silly packumentCache full:https://registry.npmjs.org/minimist cache-miss
4296 http fetch GET 200 https://registry.npmjs.org/minimist 28ms (cache miss)
4297 silly packumentCache full:https://registry.npmjs.org/minimist set size:undefined disposed:false
4298 silly placeDep ROOT minimist@1.2.8 OK for: json5@1.0.2 want: ^1.2.0
4299 silly placeDep node_modules/send/node_modules/debug ms@2.0.0 OK for: debug@2.6.9 want: 2.0.0
4300 silly placeDep node_modules/serve-index ms@2.0.0 OK for: debug@2.6.9 want: 2.0.0
4301 silly placeDep node_modules/serve-index depd@1.1.2 OK for: http-errors@1.8.1 want: ~1.1.2
4302 silly placeDep node_modules/serve-index statuses@1.5.0 OK for: http-errors@1.8.1 want: >= 1.5.0 < 2
4303 silly placeDep node_modules/terser-webpack-plugin ajv@8.18.0 OK for: schema-utils@4.3.3 want: ^8.9.0
4304 silly placeDep ROOT ajv-formats@2.1.1 OK for: schema-utils@4.3.3 want: ^2.1.1
4305 silly placeDep node_modules/terser-webpack-plugin ajv-keywords@5.1.0 OK for: schema-utils@4.3.3 want: ^5.1.0
4306 silly fetch manifest fast-uri@^3.0.1
4307 silly packumentCache full:https://registry.npmjs.org/fast-uri cache-miss
4308 silly fetch manifest require-from-string@^2.0.2
4309 silly packumentCache full:https://registry.npmjs.org/require-from-string cache-miss
4310 silly fetch manifest json-schema-traverse@^1.0.0
4311 silly packumentCache full:https://registry.npmjs.org/json-schema-traverse cache-miss
4312 silly fetch manifest ajv@^8.0.0
4313 silly packumentCache full:https://registry.npmjs.org/ajv cache-miss
4314 http fetch GET 200 https://registry.npmjs.org/json-schema-traverse 14ms (cache hit)
4315 silly packumentCache full:https://registry.npmjs.org/json-schema-traverse set size:23537 disposed:false
4316 http fetch GET 200 https://registry.npmjs.org/ajv 21ms (cache hit)
4317 silly packumentCache full:https://registry.npmjs.org/ajv set size:1120197 disposed:false
4318 http fetch GET 200 https://registry.npmjs.org/require-from-string 60ms (cache miss)
4319 silly packumentCache full:https://registry.npmjs.org/require-from-string set size:undefined disposed:false
4320 http fetch GET 200 https://registry.npmjs.org/fast-uri 63ms (cache miss)
4321 silly packumentCache full:https://registry.npmjs.org/fast-uri set size:undefined disposed:false
4322 silly placeDep node_modules/ajv-formats ajv@8.18.0 OK for: ajv-formats@2.1.1 want: ^8.0.0
4323 silly placeDep ROOT fast-uri@3.1.0 OK for: ajv@8.18.0 want: ^3.0.1
4324 silly placeDep node_modules/ajv-formats json-schema-traverse@1.0.0 OK for: ajv@8.18.0 want: ^1.0.0
4325 silly placeDep ROOT require-from-string@2.0.2 OK for: ajv@8.18.0 want: ^2.0.2
4326 silly placeDep node_modules/terser-webpack-plugin json-schema-traverse@1.0.0 OK for: ajv@8.18.0 want: ^1.0.0
4327 silly placeDep node_modules/vue-style-loader json5@1.0.2 OK for: loader-utils@1.4.2 want: ^1.0.1
4328 silly placeDep node_modules/webpack-dev-middleware ajv@8.18.0 OK for: schema-utils@4.3.3 want: ^8.9.0
4329 silly placeDep node_modules/webpack-dev-middleware ajv-keywords@5.1.0 OK for: schema-utils@4.3.3 want: ^5.1.0
4330 silly placeDep node_modules/webpack-dev-middleware json-schema-traverse@1.0.0 OK for: ajv@8.18.0 want: ^1.0.0
4331 silly placeDep node_modules/webpack-dev-server ajv@8.18.0 OK for: schema-utils@4.3.3 want: ^8.9.0
4332 silly placeDep node_modules/webpack-dev-server ajv-keywords@5.1.0 OK for: schema-utils@4.3.3 want: ^5.1.0
4333 silly placeDep node_modules/webpack-dev-server json-schema-traverse@1.0.0 OK for: ajv@8.18.0 want: ^1.0.0
4334 silly placeDep node_modules/webpack ajv@8.18.0 OK for: schema-utils@4.3.3 want: ^8.9.0
4335 silly placeDep node_modules/webpack ajv-keywords@5.1.0 OK for: schema-utils@4.3.3 want: ^5.1.0
4336 silly placeDep node_modules/webpack json-schema-traverse@1.0.0 OK for: ajv@8.18.0 want: ^1.0.0
4337 silly reify moves {}
4338 verbose reify failed optional dependency D:\bpr\web\dwiarthaprima\node_modules\fsevents
4339 silly reify mark deleted [ 'D:\\bpr\\web\\dwiarthaprima\\node_modules\\fsevents' ]
4340 silly tarball no local data for require-from-string@https://registry.npmjs.org/require-from-string/-/require-from-string-2.0.2.tgz. Extracting by manifest.
4341 silly tarball no local data for fast-uri@https://registry.npmjs.org/fast-uri/-/fast-uri-3.1.0.tgz. Extracting by manifest.
4342 silly tarball no local data for @types/mime@https://registry.npmjs.org/@types/mime/-/mime-1.3.5.tgz. Extracting by manifest.
4343 silly tarball no local data for wrap-ansi@https://registry.npmjs.org/wrap-ansi/-/wrap-ansi-7.0.0.tgz. Extracting by manifest.
4344 silly tarball no local data for ajv-formats@https://registry.npmjs.org/ajv-formats/-/ajv-formats-2.1.1.tgz. Extracting by manifest.
4345 silly tarball no local data for minimist@https://registry.npmjs.org/minimist/-/minimist-1.2.8.tgz. Extracting by manifest.
4346 silly tarball no local data for yargs-parser@https://registry.npmjs.org/yargs-parser/-/yargs-parser-21.1.1.tgz. Extracting by manifest.
4347 silly tarball no local data for y18n@https://registry.npmjs.org/y18n/-/y18n-5.0.8.tgz. Extracting by manifest.
4348 silly tarball no local data for get-caller-file@https://registry.npmjs.org/get-caller-file/-/get-caller-file-2.0.5.tgz. Extracting by manifest.
4349 silly tarball no local data for is-callable@https://registry.npmjs.org/is-callable/-/is-callable-1.2.7.tgz. Extracting by manifest.
4350 silly tarball no local data for require-directory@https://registry.npmjs.org/require-directory/-/require-directory-2.1.1.tgz. Extracting by manifest.
4351 silly tarball no local data for cliui@https://registry.npmjs.org/cliui/-/cliui-8.0.1.tgz. Extracting by manifest.
4352 silly tarball no local data for possible-typed-array-names@https://registry.npmjs.org/possible-typed-array-names/-/possible-typed-array-names-1.1.0.tgz. Extracting by manifest.
4353 silly tarball no local data for has-tostringtag@https://registry.npmjs.org/has-tostringtag/-/has-tostringtag-1.0.2.tgz. Extracting by manifest.
4354 silly tarball no local data for available-typed-arrays@https://registry.npmjs.org/available-typed-arrays/-/available-typed-arrays-1.0.7.tgz. Extracting by manifest.
4355 silly tarball no local data for for-each@https://registry.npmjs.org/for-each/-/for-each-0.3.5.tgz. Extracting by manifest.
4356 silly tarball no local data for isexe@https://registry.npmjs.org/isexe/-/isexe-2.0.0.tgz. Extracting by manifest.
4357 silly tarball no local data for websocket-extensions@https://registry.npmjs.org/websocket-extensions/-/websocket-extensions-0.1.4.tgz. Extracting by manifest.
4358 silly tarball no local data for std-env@https://registry.npmjs.org/std-env/-/std-env-3.10.0.tgz. Extracting by manifest.
4359 silly tarball no local data for pretty-time@https://registry.npmjs.org/pretty-time/-/pretty-time-1.1.0.tgz. Extracting by manifest.
4360 silly tarball no local data for consola@https://registry.npmjs.org/consola/-/consola-2.15.3.tgz. Extracting by manifest.
4361 silly tarball no local data for http-parser-js@https://registry.npmjs.org/http-parser-js/-/http-parser-js-0.5.10.tgz. Extracting by manifest.
4362 silly tarball no local data for source-list-map@https://registry.npmjs.org/source-list-map/-/source-list-map-2.0.1.tgz. Extracting by manifest.
4363 silly tarball no local data for shellwords@https://registry.npmjs.org/shellwords/-/shellwords-0.1.1.tgz. Extracting by manifest.
4364 silly tarball no local data for isobject@https://registry.npmjs.org/isobject/-/isobject-3.0.1.tgz. Extracting by manifest.
4365 silly tarball no local data for growly@https://registry.npmjs.org/growly/-/growly-1.3.0.tgz. Extracting by manifest.
4366 silly tarball no local data for kind-of@https://registry.npmjs.org/kind-of/-/kind-of-6.0.3.tgz. Extracting by manifest.
4367 silly tarball no local data for shallow-clone@https://registry.npmjs.org/shallow-clone/-/shallow-clone-3.0.1.tgz. Extracting by manifest.
4368 silly tarball no local data for node-notifier@https://registry.npmjs.org/node-notifier/-/node-notifier-9.0.1.tgz. Extracting by manifest.
4369 silly tarball no local data for is-plain-object@https://registry.npmjs.org/is-plain-object/-/is-plain-object-2.0.4.tgz. Extracting by manifest.
4370 silly tarball no local data for wildcard@https://registry.npmjs.org/wildcard/-/wildcard-2.0.1.tgz. Extracting by manifest.
4371 silly tarball no local data for flat@https://registry.npmjs.org/flat/-/flat-5.0.2.tgz. Extracting by manifest.
4372 silly tarball no local data for clone-deep@https://registry.npmjs.org/clone-deep/-/clone-deep-4.0.1.tgz. Extracting by manifest.
4373 silly tarball no local data for fs-monkey@https://registry.npmjs.org/fs-monkey/-/fs-monkey-1.1.0.tgz. Extracting by manifest.
4374 silly tarball no local data for memfs@https://registry.npmjs.org/memfs/-/memfs-3.5.3.tgz. Extracting by manifest.
4375 silly tarball no local data for wbuf@https://registry.npmjs.org/wbuf/-/wbuf-1.7.3.tgz. Extracting by manifest.
4376 silly tarball no local data for obuf@https://registry.npmjs.org/obuf/-/obuf-1.1.2.tgz. Extracting by manifest.
4377 silly tarball no local data for media-typer@https://registry.npmjs.org/media-typer/-/media-typer-0.3.0.tgz. Extracting by manifest.
4378 silly tarball no local data for hpack.js@https://registry.npmjs.org/hpack.js/-/hpack.js-2.1.6.tgz. Extracting by manifest.
4379 silly tarball no local data for spdy-transport@https://registry.npmjs.org/spdy-transport/-/spdy-transport-3.0.0.tgz. Extracting by manifest.
4380 silly tarball no local data for detect-node@https://registry.npmjs.org/detect-node/-/detect-node-2.1.0.tgz. Extracting by manifest.
4381 silly tarball no local data for select-hose@https://registry.npmjs.org/select-hose/-/select-hose-2.0.0.tgz. Extracting by manifest.
4382 silly tarball no local data for handle-thing@https://registry.npmjs.org/handle-thing/-/handle-thing-2.0.1.tgz. Extracting by manifest.
4383 silly tarball no local data for http-deceiver@https://registry.npmjs.org/http-deceiver/-/http-deceiver-1.2.7.tgz. Extracting by manifest.
4384 silly tarball no local data for websocket-driver@https://registry.npmjs.org/websocket-driver/-/websocket-driver-0.7.4.tgz. Extracting by manifest.
4385 silly tarball no local data for uuid@https://registry.npmjs.org/uuid/-/uuid-8.3.2.tgz. Extracting by manifest.
4386 silly tarball no local data for @types/node-forge@https://registry.npmjs.org/@types/node-forge/-/node-forge-1.3.14.tgz. Extracting by manifest.
4387 silly tarball no local data for faye-websocket@https://registry.npmjs.org/faye-websocket/-/faye-websocket-0.11.4.tgz. Extracting by manifest.
4388 silly tarball no local data for @types/retry@https://registry.npmjs.org/@types/retry/-/retry-0.12.0.tgz. Extracting by manifest.
4389 silly tarball no local data for mime@https://registry.npmjs.org/mime/-/mime-1.6.0.tgz. Extracting by manifest.
4390 silly tarball no local data for forwarded@https://registry.npmjs.org/forwarded/-/forwarded-0.2.0.tgz. Extracting by manifest.
4391 silly tarball no local data for node-forge@https://registry.npmjs.org/node-forge/-/node-forge-1.4.0.tgz. Extracting by manifest.
4392 silly tarball no local data for is-wsl@https://registry.npmjs.org/is-wsl/-/is-wsl-2.2.0.tgz. Extracting by manifest.
4393 silly tarball no local data for retry@https://registry.npmjs.org/retry/-/retry-0.13.1.tgz. Extracting by manifest.
4394 silly tarball no local data for define-lazy-prop@https://registry.npmjs.org/define-lazy-prop/-/define-lazy-prop-2.0.0.tgz. Extracting by manifest.
4395 silly tarball no local data for is-docker@https://registry.npmjs.org/is-docker/-/is-docker-2.2.1.tgz. Extracting by manifest.
4396 silly tarball no local data for mimic-fn@https://registry.npmjs.org/mimic-fn/-/mimic-fn-2.1.0.tgz. Extracting by manifest.
4397 silly tarball no local data for batch@https://registry.npmjs.org/batch/-/batch-0.6.1.tgz. Extracting by manifest.
4398 silly tarball no local data for @leichtgewicht/ip-codec@https://registry.npmjs.org/@leichtgewicht/ip-codec/-/ip-codec-2.0.5.tgz. Extracting by manifest.
4399 silly tarball no local data for ee-first@https://registry.npmjs.org/ee-first/-/ee-first-1.1.1.tgz. Extracting by manifest.
4400 silly tarball no local data for safer-buffer@https://registry.npmjs.org/safer-buffer/-/safer-buffer-2.1.2.tgz. Extracting by manifest.
4401 silly tarball no local data for shell-quote@https://registry.npmjs.org/shell-quote/-/shell-quote-1.8.3.tgz. Extracting by manifest.
4402 silly tarball no local data for thunky@https://registry.npmjs.org/thunky/-/thunky-1.1.0.tgz. Extracting by manifest.
4403 silly tarball no local data for requires-port@https://registry.npmjs.org/requires-port/-/requires-port-1.0.0.tgz. Extracting by manifest.
4404 silly tarball no local data for @types/http-proxy@https://registry.npmjs.org/@types/http-proxy/-/http-proxy-1.17.17.tgz. Extracting by manifest.
4405 silly tarball no local data for dns-packet@https://registry.npmjs.org/dns-packet/-/dns-packet-5.6.1.tgz. Extracting by manifest.
4406 silly tarball no local data for eventemitter3@https://registry.npmjs.org/eventemitter3/-/eventemitter3-4.0.7.tgz. Extracting by manifest.
4407 silly tarball no local data for is-plain-obj@https://registry.npmjs.org/is-plain-obj/-/is-plain-obj-3.0.0.tgz. Extracting by manifest.
4408 silly tarball no local data for http-proxy@https://registry.npmjs.org/http-proxy/-/http-proxy-1.18.1.tgz. Extracting by manifest.
4409 silly tarball no local data for toidentifier@https://registry.npmjs.org/toidentifier/-/toidentifier-1.0.1.tgz. Extracting by manifest.
4410 silly tarball no local data for unpipe@https://registry.npmjs.org/unpipe/-/unpipe-1.0.0.tgz. Extracting by manifest.
4411 silly tarball no local data for iconv-lite@https://registry.npmjs.org/iconv-lite/-/iconv-lite-0.4.24.tgz. Extracting by manifest.
4412 silly tarball no local data for raw-body@https://registry.npmjs.org/raw-body/-/raw-body-2.5.3.tgz. Extracting by manifest.
4413 silly tarball no local data for destroy@https://registry.npmjs.org/destroy/-/destroy-1.2.0.tgz. Extracting by manifest.
4414 silly tarball no local data for utils-merge@https://registry.npmjs.org/utils-merge/-/utils-merge-1.0.1.tgz. Extracting by manifest.
4415 silly tarball no local data for type-is@https://registry.npmjs.org/type-is/-/type-is-1.6.18.tgz. Extracting by manifest.
4416 silly tarball no local data for statuses@https://registry.npmjs.org/statuses/-/statuses-2.0.2.tgz. Extracting by manifest.
4417 silly tarball no local data for setprototypeof@https://registry.npmjs.org/setprototypeof/-/setprototypeof-1.2.0.tgz. Extracting by manifest.
4418 silly tarball no local data for serve-static@https://registry.npmjs.org/serve-static/-/serve-static-1.16.3.tgz. Extracting by manifest.
4419 silly tarball no local data for range-parser@https://registry.npmjs.org/range-parser/-/range-parser-1.2.1.tgz. Extracting by manifest.
4420 silly tarball no local data for send@https://registry.npmjs.org/send/-/send-0.19.2.tgz. Extracting by manifest.
4421 silly tarball no local data for path-to-regexp@https://registry.npmjs.org/path-to-regexp/-/path-to-regexp-0.1.13.tgz. Extracting by manifest.
4422 silly tarball no local data for parseurl@https://registry.npmjs.org/parseurl/-/parseurl-1.3.3.tgz. Extracting by manifest.
4423 silly tarball no local data for on-finished@https://registry.npmjs.org/on-finished/-/on-finished-2.4.1.tgz. Extracting by manifest.
4424 silly tarball no local data for methods@https://registry.npmjs.org/methods/-/methods-1.1.2.tgz. Extracting by manifest.
4425 silly tarball no local data for merge-descriptors@https://registry.npmjs.org/merge-descriptors/-/merge-descriptors-1.0.3.tgz. Extracting by manifest.
4426 silly tarball no local data for fresh@https://registry.npmjs.org/fresh/-/fresh-0.5.2.tgz. Extracting by manifest.
4427 silly tarball no local data for finalhandler@https://registry.npmjs.org/finalhandler/-/finalhandler-1.3.2.tgz. Extracting by manifest.
4428 silly tarball no local data for http-errors@https://registry.npmjs.org/http-errors/-/http-errors-2.0.1.tgz. Extracting by manifest.
4429 silly tarball no local data for proxy-addr@https://registry.npmjs.org/proxy-addr/-/proxy-addr-2.0.7.tgz. Extracting by manifest.
4430 silly tarball no local data for etag@https://registry.npmjs.org/etag/-/etag-1.8.1.tgz. Extracting by manifest.
4431 silly tarball no local data for escape-html@https://registry.npmjs.org/escape-html/-/escape-html-1.0.3.tgz. Extracting by manifest.
4432 silly tarball no local data for encodeurl@https://registry.npmjs.org/encodeurl/-/encodeurl-2.0.0.tgz. Extracting by manifest.
4433 silly tarball no local data for cookie@https://registry.npmjs.org/cookie/-/cookie-0.7.2.tgz. Extracting by manifest.
4434 silly tarball no local data for content-type@https://registry.npmjs.org/content-type/-/content-type-1.0.5.tgz. Extracting by manifest.
4435 silly tarball no local data for content-disposition@https://registry.npmjs.org/content-disposition/-/content-disposition-0.5.4.tgz. Extracting by manifest.
4436 silly tarball no local data for cookie-signature@https://registry.npmjs.org/cookie-signature/-/cookie-signature-1.0.7.tgz. Extracting by manifest.
4437 silly tarball no local data for body-parser@https://registry.npmjs.org/body-parser/-/body-parser-1.20.4.tgz. Extracting by manifest.
4438 silly tarball no local data for accepts@https://registry.npmjs.org/accepts/-/accepts-1.3.8.tgz. Extracting by manifest.
4439 silly tarball no local data for array-flatten@https://registry.npmjs.org/array-flatten/-/array-flatten-1.1.1.tgz. Extracting by manifest.
4440 silly tarball no local data for strip-final-newline@https://registry.npmjs.org/strip-final-newline/-/strip-final-newline-2.0.0.tgz. Extracting by manifest.
4441 silly tarball no local data for signal-exit@https://registry.npmjs.org/signal-exit/-/signal-exit-3.0.7.tgz. Extracting by manifest.
4442 silly tarball no local data for npm-run-path@https://registry.npmjs.org/npm-run-path/-/npm-run-path-4.0.1.tgz. Extracting by manifest.
4443 silly tarball no local data for onetime@https://registry.npmjs.org/onetime/-/onetime-5.1.2.tgz. Extracting by manifest.
4444 silly tarball no local data for is-stream@https://registry.npmjs.org/is-stream/-/is-stream-2.0.1.tgz. Extracting by manifest.
4445 silly tarball no local data for human-signals@https://registry.npmjs.org/human-signals/-/human-signals-2.1.0.tgz. Extracting by manifest.
4446 silly tarball no local data for get-stream@https://registry.npmjs.org/get-stream/-/get-stream-6.0.1.tgz. Extracting by manifest.
4447 silly tarball no local data for vary@https://registry.npmjs.org/vary/-/vary-1.1.2.tgz. Extracting by manifest.
4448 silly tarball no local data for on-headers@https://registry.npmjs.org/on-headers/-/on-headers-1.1.0.tgz. Extracting by manifest.
4449 silly tarball no local data for execa@https://registry.npmjs.org/execa/-/execa-5.1.1.tgz. Extracting by manifest.
4450 silly tarball no local data for @types/http-errors@https://registry.npmjs.org/@types/http-errors/-/http-errors-2.0.5.tgz. Extracting by manifest.
4451 silly tarball no local data for compressible@https://registry.npmjs.org/compressible/-/compressible-2.0.18.tgz. Extracting by manifest.
4452 silly tarball no local data for @types/send@https://registry.npmjs.org/@types/send/-/send-1.2.1.tgz. Extracting by manifest.
4453 silly tarball no local data for bytes@https://registry.npmjs.org/bytes/-/bytes-3.1.2.tgz. Extracting by manifest.
4454 silly tarball no local data for multicast-dns@https://registry.npmjs.org/multicast-dns/-/multicast-dns-7.2.5.tgz. Extracting by manifest.
4455 silly tarball no local data for @types/range-parser@https://registry.npmjs.org/@types/range-parser/-/range-parser-1.2.7.tgz. Extracting by manifest.
4456 silly tarball no local data for @types/connect@https://registry.npmjs.org/@types/connect/-/connect-3.4.38.tgz. Extracting by manifest.
4457 silly tarball no local data for @types/body-parser@https://registry.npmjs.org/@types/body-parser/-/body-parser-1.19.6.tgz. Extracting by manifest.
4458 silly tarball no local data for ws@https://registry.npmjs.org/ws/-/ws-8.20.0.tgz. Extracting by manifest.
4459 silly tarball no local data for @types/qs@https://registry.npmjs.org/@types/qs/-/qs-6.15.0.tgz. Extracting by manifest.
4460 silly tarball no local data for @types/express-serve-static-core@https://registry.npmjs.org/@types/express-serve-static-core/-/express-serve-static-core-5.1.1.tgz. Extracting by manifest.
4461 silly tarball no local data for spdy@https://registry.npmjs.org/spdy/-/spdy-4.0.2.tgz. Extracting by manifest.
4462 silly tarball no local data for webpack-dev-middleware@https://registry.npmjs.org/webpack-dev-middleware/-/webpack-dev-middleware-5.3.4.tgz. Extracting by manifest.
4463 silly tarball no local data for depd@https://registry.npmjs.org/depd/-/depd-2.0.0.tgz. Extracting by manifest.
4464 silly tarball no local data for selfsigned@https://registry.npmjs.org/selfsigned/-/selfsigned-2.4.1.tgz. Extracting by manifest.
4465 silly tarball no local data for rimraf@https://registry.npmjs.org/rimraf/-/rimraf-3.0.2.tgz. Extracting by manifest.
4466 silly tarball no local data for sockjs@https://registry.npmjs.org/sockjs/-/sockjs-0.3.24.tgz. Extracting by manifest.
4467 silly tarball no local data for open@https://registry.npmjs.org/open/-/open-8.4.2.tgz. Extracting by manifest.
4468 silly tarball no local data for launch-editor@https://registry.npmjs.org/launch-editor/-/launch-editor-2.13.2.tgz. Extracting by manifest.
4469 silly tarball no local data for p-retry@https://registry.npmjs.org/p-retry/-/p-retry-4.6.2.tgz. Extracting by manifest.
4470 silly tarball no local data for ipaddr.js@https://registry.npmjs.org/ipaddr.js/-/ipaddr.js-2.3.0.tgz. Extracting by manifest.
4471 silly tarball no local data for serve-index@https://registry.npmjs.org/serve-index/-/serve-index-1.9.2.tgz. Extracting by manifest.
4472 silly tarball no local data for negotiator@https://registry.npmjs.org/negotiator/-/negotiator-0.6.4.tgz. Extracting by manifest.
4473 silly tarball no local data for express@https://registry.npmjs.org/express/-/express-4.22.1.tgz. Extracting by manifest.
4474 silly tarball no local data for html-entities@https://registry.npmjs.org/html-entities/-/html-entities-2.6.0.tgz. Extracting by manifest.
4475 silly tarball no local data for default-gateway@https://registry.npmjs.org/default-gateway/-/default-gateway-6.0.3.tgz. Extracting by manifest.
4476 silly tarball no local data for connect-history-api-fallback@https://registry.npmjs.org/connect-history-api-fallback/-/connect-history-api-fallback-2.0.0.tgz. Extracting by manifest.
4477 silly tarball no local data for bonjour-service@https://registry.npmjs.org/bonjour-service/-/bonjour-service-1.3.0.tgz. Extracting by manifest.
4478 silly tarball no local data for ansi-html-community@https://registry.npmjs.org/ansi-html-community/-/ansi-html-community-0.0.8.tgz. Extracting by manifest.
4479 silly tarball no local data for compression@https://registry.npmjs.org/compression/-/compression-1.8.1.tgz. Extracting by manifest.
4480 silly tarball no local data for @types/sockjs@https://registry.npmjs.org/@types/sockjs/-/sockjs-0.3.36.tgz. Extracting by manifest.
4481 silly tarball no local data for @types/ws@https://registry.npmjs.org/@types/ws/-/ws-8.18.1.tgz. Extracting by manifest.
4482 silly tarball no local data for @types/serve-static@https://registry.npmjs.org/@types/serve-static/-/serve-static-1.15.10.tgz. Extracting by manifest.
4483 silly tarball no local data for shebang-regex@https://registry.npmjs.org/shebang-regex/-/shebang-regex-3.0.0.tgz. Extracting by manifest.
4484 silly tarball no local data for @types/express@https://registry.npmjs.org/@types/express/-/express-4.17.25.tgz. Extracting by manifest.
4485 silly tarball no local data for @types/serve-index@https://registry.npmjs.org/@types/serve-index/-/serve-index-1.9.4.tgz. Extracting by manifest.
4486 silly tarball no local data for resolve-cwd@https://registry.npmjs.org/resolve-cwd/-/resolve-cwd-3.0.0.tgz. Extracting by manifest.
4487 silly tarball no local data for @types/bonjour@https://registry.npmjs.org/@types/bonjour/-/bonjour-3.5.13.tgz. Extracting by manifest.
4488 silly tarball no local data for which@https://registry.npmjs.org/which/-/which-2.0.2.tgz. Extracting by manifest.
4489 silly tarball no local data for @types/connect-history-api-fallback@https://registry.npmjs.org/@types/connect-history-api-fallback/-/connect-history-api-fallback-1.5.4.tgz. Extracting by manifest.
4490 silly tarball no local data for shebang-command@https://registry.npmjs.org/shebang-command/-/shebang-command-2.0.0.tgz. Extracting by manifest.
4491 silly tarball no local data for envinfo@https://registry.npmjs.org/envinfo/-/envinfo-7.21.0.tgz. Extracting by manifest.
4492 silly tarball no local data for rechoir@https://registry.npmjs.org/rechoir/-/rechoir-0.7.1.tgz. Extracting by manifest.
4493 silly tarball no local data for path-key@https://registry.npmjs.org/path-key/-/path-key-3.1.1.tgz. Extracting by manifest.
4494 silly tarball no local data for interpret@https://registry.npmjs.org/interpret/-/interpret-2.2.0.tgz. Extracting by manifest.
4495 silly tarball no local data for import-local@https://registry.npmjs.org/import-local/-/import-local-3.2.0.tgz. Extracting by manifest.
4496 silly tarball no local data for cross-spawn@https://registry.npmjs.org/cross-spawn/-/cross-spawn-7.0.6.tgz. Extracting by manifest.
4497 silly tarball no local data for http-proxy-middleware@https://registry.npmjs.org/http-proxy-middleware/-/http-proxy-middleware-2.0.9.tgz. Extracting by manifest.
4498 silly tarball no local data for colorette@https://registry.npmjs.org/colorette/-/colorette-2.0.20.tgz. Extracting by manifest.
4499 silly tarball no local data for fastest-levenshtein@https://registry.npmjs.org/fastest-levenshtein/-/fastest-levenshtein-1.0.16.tgz. Extracting by manifest.
4500 silly tarball no local data for @webpack-cli/serve@https://registry.npmjs.org/@webpack-cli/serve/-/serve-1.7.0.tgz. Extracting by manifest.
4501 silly tarball no local data for @webpack-cli/info@https://registry.npmjs.org/@webpack-cli/info/-/info-1.5.0.tgz. Extracting by manifest.
4502 silly tarball no local data for mime-db@https://registry.npmjs.org/mime-db/-/mime-db-1.52.0.tgz. Extracting by manifest.
4503 silly tarball no local data for @webpack-cli/configtest@https://registry.npmjs.org/@webpack-cli/configtest/-/configtest-1.2.0.tgz. Extracting by manifest.
4504 silly tarball no local data for estraverse@https://registry.npmjs.org/estraverse/-/estraverse-4.3.0.tgz. Extracting by manifest.
4505 silly tarball no local data for @xtuc/ieee754@https://registry.npmjs.org/@xtuc/ieee754/-/ieee754-1.2.0.tgz. Extracting by manifest.
4506 silly tarball no local data for @webassemblyjs/wast-printer@https://registry.npmjs.org/@webassemblyjs/wast-printer/-/wast-printer-1.14.1.tgz. Extracting by manifest.
4507 silly tarball no local data for @webassemblyjs/leb128@https://registry.npmjs.org/@webassemblyjs/leb128/-/leb128-1.13.2.tgz. Extracting by manifest.
4508 silly tarball no local data for esrecurse@https://registry.npmjs.org/esrecurse/-/esrecurse-4.3.0.tgz. Extracting by manifest.
4509 silly tarball no local data for @webassemblyjs/utf8@https://registry.npmjs.org/@webassemblyjs/utf8/-/utf8-1.13.2.tgz. Extracting by manifest.
4510 silly tarball no local data for @webassemblyjs/ieee754@https://registry.npmjs.org/@webassemblyjs/ieee754/-/ieee754-1.13.2.tgz. Extracting by manifest.
4511 silly tarball no local data for @webassemblyjs/wasm-gen@https://registry.npmjs.org/@webassemblyjs/wasm-gen/-/wasm-gen-1.14.1.tgz. Extracting by manifest.
4512 silly tarball no local data for @xtuc/long@https://registry.npmjs.org/@xtuc/long/-/long-4.2.2.tgz. Extracting by manifest.
4513 silly tarball no local data for @webassemblyjs/helper-buffer@https://registry.npmjs.org/@webassemblyjs/helper-buffer/-/helper-buffer-1.14.1.tgz. Extracting by manifest.
4514 silly tarball no local data for @webassemblyjs/helper-wasm-section@https://registry.npmjs.org/@webassemblyjs/helper-wasm-section/-/helper-wasm-section-1.14.1.tgz. Extracting by manifest.
4515 silly tarball no local data for watchpack@https://registry.npmjs.org/watchpack/-/watchpack-2.5.1.tgz. Extracting by manifest.
4516 silly tarball no local data for @webassemblyjs/helper-api-error@https://registry.npmjs.org/@webassemblyjs/helper-api-error/-/helper-api-error-1.13.2.tgz. Extracting by manifest.
4517 silly tarball no local data for @webassemblyjs/floating-point-hex-parser@https://registry.npmjs.org/@webassemblyjs/floating-point-hex-parser/-/floating-point-hex-parser-1.13.2.tgz. Extracting by manifest.
4518 silly tarball no local data for @types/eslint@https://registry.npmjs.org/@types/eslint/-/eslint-9.6.1.tgz. Extracting by manifest.
4519 silly tarball no local data for @webassemblyjs/helper-wasm-bytecode@https://registry.npmjs.org/@webassemblyjs/helper-wasm-bytecode/-/helper-wasm-bytecode-1.13.2.tgz. Extracting by manifest.
4520 silly tarball no local data for @webassemblyjs/helper-numbers@https://registry.npmjs.org/@webassemblyjs/helper-numbers/-/helper-numbers-1.13.2.tgz. Extracting by manifest.
4521 silly tarball no local data for mime-types@https://registry.npmjs.org/mime-types/-/mime-types-2.1.35.tgz. Extracting by manifest.
4522 silly tarball no local data for neo-async@https://registry.npmjs.org/neo-async/-/neo-async-2.6.2.tgz. Extracting by manifest.
4523 silly tarball no local data for tapable@https://registry.npmjs.org/tapable/-/tapable-2.3.2.tgz. Extracting by manifest.
4524 silly tarball no local data for glob-to-regexp@https://registry.npmjs.org/glob-to-regexp/-/glob-to-regexp-0.4.1.tgz. Extracting by manifest.
4525 silly tarball no local data for es-module-lexer@https://registry.npmjs.org/es-module-lexer/-/es-module-lexer-2.0.0.tgz. Extracting by manifest.
4526 silly tarball no local data for eslint-scope@https://registry.npmjs.org/eslint-scope/-/eslint-scope-5.1.1.tgz. Extracting by manifest.
4527 silly tarball no local data for @webassemblyjs/wasm-parser@https://registry.npmjs.org/@webassemblyjs/wasm-parser/-/wasm-parser-1.14.1.tgz. Extracting by manifest.
4528 silly tarball no local data for enhanced-resolve@https://registry.npmjs.org/enhanced-resolve/-/enhanced-resolve-5.20.1.tgz. Extracting by manifest.
4529 silly tarball no local data for loader-runner@https://registry.npmjs.org/loader-runner/-/loader-runner-4.3.1.tgz. Extracting by manifest.
4530 silly tarball no local data for @webassemblyjs/wasm-edit@https://registry.npmjs.org/@webassemblyjs/wasm-edit/-/wasm-edit-1.14.1.tgz. Extracting by manifest.
4531 silly tarball no local data for @webassemblyjs/wasm-opt@https://registry.npmjs.org/@webassemblyjs/wasm-opt/-/wasm-opt-1.14.1.tgz. Extracting by manifest.
4532 silly tarball no local data for chrome-trace-event@https://registry.npmjs.org/chrome-trace-event/-/chrome-trace-event-1.0.4.tgz. Extracting by manifest.
4533 silly tarball no local data for @types/estree@https://registry.npmjs.org/@types/estree/-/estree-1.0.8.tgz. Extracting by manifest.
4534 silly tarball no local data for acorn-import-phases@https://registry.npmjs.org/acorn-import-phases/-/acorn-import-phases-1.0.4.tgz. Extracting by manifest.
4535 silly tarball no local data for @webassemblyjs/ast@https://registry.npmjs.org/@webassemblyjs/ast/-/ast-1.14.1.tgz. Extracting by manifest.
4536 silly tarball no local data for hash-sum@https://registry.npmjs.org/hash-sum/-/hash-sum-1.0.2.tgz. Extracting by manifest.
4537 silly tarball no local data for side-channel-map@https://registry.npmjs.org/side-channel-map/-/side-channel-map-1.0.1.tgz. Extracting by manifest.
4538 silly tarball no local data for @types/eslint-scope@https://registry.npmjs.org/@types/eslint-scope/-/eslint-scope-3.7.7.tgz. Extracting by manifest.
4539 silly tarball no local data for side-channel-list@https://registry.npmjs.org/side-channel-list/-/side-channel-list-1.0.0.tgz. Extracting by manifest.
4540 silly tarball no local data for object-inspect@https://registry.npmjs.org/object-inspect/-/object-inspect-1.13.4.tgz. Extracting by manifest.
4541 silly tarball no local data for @discoveryjs/json-ext@https://registry.npmjs.org/@discoveryjs/json-ext/-/json-ext-0.5.7.tgz. Extracting by manifest.
4542 silly tarball no local data for escalade@https://registry.npmjs.org/escalade/-/escalade-3.2.0.tgz. Extracting by manifest.
4543 silly tarball no local data for side-channel@https://registry.npmjs.org/side-channel/-/side-channel-1.1.0.tgz. Extracting by manifest.
4544 silly tarball no local data for qs@https://registry.npmjs.org/qs/-/qs-6.15.0.tgz. Extracting by manifest.
4545 silly tarball no local data for unicode-property-aliases-ecmascript@https://registry.npmjs.org/unicode-property-aliases-ecmascript/-/unicode-property-aliases-ecmascript-2.2.0.tgz. Extracting by manifest.
4546 silly tarball no local data for unicode-canonical-property-names-ecmascript@https://registry.npmjs.org/unicode-canonical-property-names-ecmascript/-/unicode-canonical-property-names-ecmascript-2.0.1.tgz. Extracting by manifest.
4547 silly tarball no local data for is-number@https://registry.npmjs.org/is-number/-/is-number-7.0.0.tgz. Extracting by manifest.
4548 silly tarball no local data for which-typed-array@https://registry.npmjs.org/which-typed-array/-/which-typed-array-1.1.20.tgz. Extracting by manifest.
4549 silly tarball no local data for setimmediate@https://registry.npmjs.org/setimmediate/-/setimmediate-1.0.5.tgz. Extracting by manifest.
4550 silly tarball no local data for typed-array-buffer@https://registry.npmjs.org/typed-array-buffer/-/typed-array-buffer-1.0.3.tgz. Extracting by manifest.
4551 silly tarball no local data for merge-stream@https://registry.npmjs.org/merge-stream/-/merge-stream-2.0.0.tgz. Extracting by manifest.
4552 silly tarball no local data for thenify@https://registry.npmjs.org/thenify/-/thenify-3.3.1.tgz. Extracting by manifest.
4553 silly tarball no local data for jest-worker@https://registry.npmjs.org/jest-worker/-/jest-worker-27.5.1.tgz. Extracting by manifest.
4554 silly tarball no local data for acorn@https://registry.npmjs.org/acorn/-/acorn-8.16.0.tgz. Extracting by manifest.
4555 silly tarball no local data for thenify-all@https://registry.npmjs.org/thenify-all/-/thenify-all-1.6.0.tgz. Extracting by manifest.
4556 silly tarball no local data for object-assign@https://registry.npmjs.org/object-assign/-/object-assign-4.1.1.tgz. Extracting by manifest.
4557 silly tarball no local data for source-map-support@https://registry.npmjs.org/source-map-support/-/source-map-support-0.5.21.tgz. Extracting by manifest.
4558 silly tarball no local data for buffer-from@https://registry.npmjs.org/buffer-from/-/buffer-from-1.1.2.tgz. Extracting by manifest.
4559 silly tarball no local data for ts-interface-checker@https://registry.npmjs.org/ts-interface-checker/-/ts-interface-checker-0.1.13.tgz. Extracting by manifest.
4560 silly tarball no local data for @jridgewell/source-map@https://registry.npmjs.org/@jridgewell/source-map/-/source-map-0.3.11.tgz. Extracting by manifest.
4561 silly tarball no local data for pirates@https://registry.npmjs.org/pirates/-/pirates-4.0.7.tgz. Extracting by manifest.
4562 silly tarball no local data for any-promise@https://registry.npmjs.org/any-promise/-/any-promise-1.3.0.tgz. Extracting by manifest.
4563 silly tarball no local data for pify@https://registry.npmjs.org/pify/-/pify-2.3.0.tgz. Extracting by manifest.
4564 silly tarball no local data for mz@https://registry.npmjs.org/mz/-/mz-2.7.0.tgz. Extracting by manifest.
4565 silly tarball no local data for read-cache@https://registry.npmjs.org/read-cache/-/read-cache-1.0.0.tgz. Extracting by manifest.
4566 silly tarball no local data for tinyglobby@https://registry.npmjs.org/tinyglobby/-/tinyglobby-0.2.15.tgz. Extracting by manifest.
4567 silly tarball no local data for postcss-js@https://registry.npmjs.org/postcss-js/-/postcss-js-4.1.0.tgz. Extracting by manifest.
4568 silly tarball no local data for postcss-import@https://registry.npmjs.org/postcss-import/-/postcss-import-15.1.0.tgz. Extracting by manifest.
4569 silly tarball no local data for is-typed-array@https://registry.npmjs.org/is-typed-array/-/is-typed-array-1.1.15.tgz. Extracting by manifest.
4570 silly tarball no local data for object-hash@https://registry.npmjs.org/object-hash/-/object-hash-3.0.0.tgz. Extracting by manifest.
4571 silly tarball no local data for jiti@https://registry.npmjs.org/jiti/-/jiti-1.21.7.tgz. Extracting by manifest.
4572 silly tarball no local data for sucrase@https://registry.npmjs.org/sucrase/-/sucrase-3.35.1.tgz. Extracting by manifest.
4573 silly tarball no local data for didyoumean@https://registry.npmjs.org/didyoumean/-/didyoumean-1.2.2.tgz. Extracting by manifest.
4574 silly tarball no local data for side-channel-weakmap@https://registry.npmjs.org/side-channel-weakmap/-/side-channel-weakmap-1.0.2.tgz. Extracting by manifest.
4575 silly tarball no local data for dlv@https://registry.npmjs.org/dlv/-/dlv-1.1.3.tgz. Extracting by manifest.
4576 silly tarball no local data for @alloc/quick-lru@https://registry.npmjs.org/@alloc/quick-lru/-/quick-lru-5.2.0.tgz. Extracting by manifest.
4577 silly tarball no local data for camelcase-css@https://registry.npmjs.org/camelcase-css/-/camelcase-css-2.0.1.tgz. Extracting by manifest.
4578 silly tarball no local data for postcss-nested@https://registry.npmjs.org/postcss-nested/-/postcss-nested-6.2.0.tgz. Extracting by manifest.
4579 silly tarball no local data for nth-check@https://registry.npmjs.org/nth-check/-/nth-check-2.1.1.tgz. Extracting by manifest.
4580 silly tarball no local data for mdn-data@https://registry.npmjs.org/mdn-data/-/mdn-data-2.0.14.tgz. Extracting by manifest.
4581 silly tarball no local data for arg@https://registry.npmjs.org/arg/-/arg-5.0.2.tgz. Extracting by manifest.
4582 silly tarball no local data for css-what@https://registry.npmjs.org/css-what/-/css-what-6.2.2.tgz. Extracting by manifest.
4583 silly tarball no local data for boolbase@https://registry.npmjs.org/boolbase/-/boolbase-1.0.0.tgz. Extracting by manifest.
4584 silly tarball no local data for stable@https://registry.npmjs.org/stable/-/stable-0.1.8.tgz. Extracting by manifest.
4585 silly tarball no local data for sax@https://registry.npmjs.org/sax/-/sax-1.6.0.tgz. Extracting by manifest.
4586 silly tarball no local data for csso@https://registry.npmjs.org/csso/-/csso-4.2.0.tgz. Extracting by manifest.
4587 silly tarball no local data for css-tree@https://registry.npmjs.org/css-tree/-/css-tree-1.1.3.tgz. Extracting by manifest.
4588 silly tarball no local data for css-select@https://registry.npmjs.org/css-select/-/css-select-4.3.0.tgz. Extracting by manifest.
4589 silly tarball no local data for has-flag@https://registry.npmjs.org/has-flag/-/has-flag-4.0.0.tgz. Extracting by manifest.
4590 silly tarball no local data for ansi-regex@https://registry.npmjs.org/ansi-regex/-/ansi-regex-5.0.1.tgz. Extracting by manifest.
4591 silly tarball no local data for is-fullwidth-code-point@https://registry.npmjs.org/is-fullwidth-code-point/-/is-fullwidth-code-point-3.0.0.tgz. Extracting by manifest.
4592 silly tarball no local data for emoji-regex@https://registry.npmjs.org/emoji-regex/-/emoji-regex-8.0.0.tgz. Extracting by manifest.
4593 silly tarball no local data for xtend@https://registry.npmjs.org/xtend/-/xtend-4.0.2.tgz. Extracting by manifest.
4594 silly tarball no local data for to-arraybuffer@https://registry.npmjs.org/to-arraybuffer/-/to-arraybuffer-1.0.1.tgz. Extracting by manifest.
4595 silly tarball no local data for builtin-status-codes@https://registry.npmjs.org/builtin-status-codes/-/builtin-status-codes-3.0.0.tgz. Extracting by manifest.
4596 silly tarball no local data for uri-js@https://registry.npmjs.org/uri-js/-/uri-js-4.4.1.tgz. Extracting by manifest.
4597 silly tarball no local data for json-schema-traverse@https://registry.npmjs.org/json-schema-traverse/-/json-schema-traverse-0.4.1.tgz. Extracting by manifest.
4598 silly tarball no local data for fast-json-stable-stringify@https://registry.npmjs.org/fast-json-stable-stringify/-/fast-json-stable-stringify-2.1.0.tgz. Extracting by manifest.
4599 silly tarball no local data for @types/json-schema@https://registry.npmjs.org/@types/json-schema/-/json-schema-7.0.15.tgz. Extracting by manifest.
4600 silly tarball no local data for fast-deep-equal@https://registry.npmjs.org/fast-deep-equal/-/fast-deep-equal-3.1.3.tgz. Extracting by manifest.
4601 silly tarball no local data for ajv@https://registry.npmjs.org/ajv/-/ajv-6.14.0.tgz. Extracting by manifest.
4602 silly tarball no local data for supports-preserve-symlinks-flag@https://registry.npmjs.org/supports-preserve-symlinks-flag/-/supports-preserve-symlinks-flag-1.0.0.tgz. Extracting by manifest.
4603 silly tarball no local data for ajv-keywords@https://registry.npmjs.org/ajv-keywords/-/ajv-keywords-3.5.2.tgz. Extracting by manifest.
4604 silly tarball no local data for path-parse@https://registry.npmjs.org/path-parse/-/path-parse-1.0.7.tgz. Extracting by manifest.
4605 silly tarball no local data for is-core-module@https://registry.npmjs.org/is-core-module/-/is-core-module-2.16.1.tgz. Extracting by manifest.
4606 silly tarball no local data for queue-microtask@https://registry.npmjs.org/queue-microtask/-/queue-microtask-1.2.3.tgz. Extracting by manifest.
4607 silly tarball no local data for unicode-match-property-value-ecmascript@https://registry.npmjs.org/unicode-match-property-value-ecmascript/-/unicode-match-property-value-ecmascript-2.2.1.tgz. Extracting by manifest.
4608 silly tarball no local data for unicode-match-property-ecmascript@https://registry.npmjs.org/unicode-match-property-ecmascript/-/unicode-match-property-ecmascript-2.0.0.tgz. Extracting by manifest.
4609 silly tarball no local data for regjsgen@https://registry.npmjs.org/regjsgen/-/regjsgen-0.8.0.tgz. Extracting by manifest.
4610 silly tarball no local data for regjsparser@https://registry.npmjs.org/regjsparser/-/regjsparser-0.13.0.tgz. Extracting by manifest.
4611 silly tarball no local data for regenerate-unicode-properties@https://registry.npmjs.org/regenerate-unicode-properties/-/regenerate-unicode-properties-10.2.2.tgz. Extracting by manifest.
4612 silly tarball no local data for regenerate@https://registry.npmjs.org/regenerate/-/regenerate-1.4.2.tgz. Extracting by manifest.
4613 silly tarball no local data for process-nextick-args@https://registry.npmjs.org/process-nextick-args/-/process-nextick-args-2.0.1.tgz. Extracting by manifest.
4614 silly tarball no local data for core-util-is@https://registry.npmjs.org/core-util-is/-/core-util-is-1.0.3.tgz. Extracting by manifest.
4615 silly tarball no local data for svgo@https://registry.npmjs.org/svgo/-/svgo-2.8.2.tgz. Extracting by manifest.
4616 silly tarball no local data for util-deprecate@https://registry.npmjs.org/util-deprecate/-/util-deprecate-1.0.2.tgz. Extracting by manifest.
4617 silly tarball no local data for normalize-url@https://registry.npmjs.org/normalize-url/-/normalize-url-6.1.0.tgz. Extracting by manifest.
4618 silly tarball no local data for cssesc@https://registry.npmjs.org/cssesc/-/cssesc-3.0.0.tgz. Extracting by manifest.
4619 silly tarball no local data for stylehacks@https://registry.npmjs.org/stylehacks/-/stylehacks-5.1.1.tgz. Extracting by manifest.
4620 silly tarball no local data for json-parse-even-better-errors@https://registry.npmjs.org/json-parse-even-better-errors/-/json-parse-even-better-errors-2.3.1.tgz. Extracting by manifest.
4621 silly tarball no local data for is-arrayish@https://registry.npmjs.org/is-arrayish/-/is-arrayish-0.2.1.tgz. Extracting by manifest.
4622 silly tarball no local data for callsites@https://registry.npmjs.org/callsites/-/callsites-3.1.0.tgz. Extracting by manifest.
4623 silly tarball no local data for resolve-from@https://registry.npmjs.org/resolve-from/-/resolve-from-4.0.0.tgz. Extracting by manifest.
4624 silly tarball no local data for lines-and-columns@https://registry.npmjs.org/lines-and-columns/-/lines-and-columns-1.2.4.tgz. Extracting by manifest.
4625 silly tarball no local data for error-ex@https://registry.npmjs.org/error-ex/-/error-ex-1.3.4.tgz. Extracting by manifest.
4626 silly tarball no local data for parent-module@https://registry.npmjs.org/parent-module/-/parent-module-1.0.1.tgz. Extracting by manifest.
4627 silly tarball no local data for parse-json@https://registry.npmjs.org/parse-json/-/parse-json-5.2.0.tgz. Extracting by manifest.
4628 silly tarball no local data for import-fresh@https://registry.npmjs.org/import-fresh/-/import-fresh-3.3.1.tgz. Extracting by manifest.
4629 silly tarball no local data for cosmiconfig@https://registry.npmjs.org/cosmiconfig/-/cosmiconfig-7.1.0.tgz. Extracting by manifest.
4630 silly tarball no local data for lodash.uniq@https://registry.npmjs.org/lodash.uniq/-/lodash.uniq-4.5.0.tgz. Extracting by manifest.
4631 silly tarball no local data for lodash.memoize@https://registry.npmjs.org/lodash.memoize/-/lodash.memoize-4.1.2.tgz. Extracting by manifest.
4632 silly tarball no local data for colord@https://registry.npmjs.org/colord/-/colord-2.9.3.tgz. Extracting by manifest.
4633 silly tarball no local data for klona@https://registry.npmjs.org/klona/-/klona-2.0.6.tgz. Extracting by manifest.
4634 silly tarball no local data for caniuse-api@https://registry.npmjs.org/caniuse-api/-/caniuse-api-3.0.0.tgz. Extracting by manifest.
4635 silly tarball no local data for postcss-selector-parser@https://registry.npmjs.org/postcss-selector-parser/-/postcss-selector-parser-6.1.2.tgz. Extracting by manifest.
4636 silly tarball no local data for source-map-js@https://registry.npmjs.org/source-map-js/-/source-map-js-1.2.1.tgz. Extracting by manifest.
4637 silly tarball no local data for nanoid@https://registry.npmjs.org/nanoid/-/nanoid-3.3.11.tgz. Extracting by manifest.
4638 silly tarball no local data for p-try@https://registry.npmjs.org/p-try/-/p-try-2.2.0.tgz. Extracting by manifest.
4639 silly tarball no local data for p-limit@https://registry.npmjs.org/p-limit/-/p-limit-2.3.0.tgz. Extracting by manifest.
4640 silly tarball no local data for p-locate@https://registry.npmjs.org/p-locate/-/p-locate-4.1.0.tgz. Extracting by manifest.
4641 silly tarball no local data for path-exists@https://registry.npmjs.org/path-exists/-/path-exists-4.0.0.tgz. Extracting by manifest.
4642 silly tarball no local data for locate-path@https://registry.npmjs.org/locate-path/-/locate-path-5.0.0.tgz. Extracting by manifest.
4643 silly tarball no local data for find-up@https://registry.npmjs.org/find-up/-/find-up-4.1.0.tgz. Extracting by manifest.
4644 silly tarball no local data for asn1.js@https://registry.npmjs.org/asn1.js/-/asn1.js-4.10.1.tgz. Extracting by manifest.
4645 silly tarball no local data for lower-case@https://registry.npmjs.org/lower-case/-/lower-case-2.0.2.tgz. Extracting by manifest.
4646 silly tarball no local data for no-case@https://registry.npmjs.org/no-case/-/no-case-3.0.4.tgz. Extracting by manifest.
4647 silly tarball no local data for dot-case@https://registry.npmjs.org/dot-case/-/dot-case-3.0.4.tgz. Extracting by manifest.
4648 silly tarball no local data for dunder-proto@https://registry.npmjs.org/dunder-proto/-/dunder-proto-1.0.1.tgz. Extracting by manifest.
4649 silly tarball no local data for hasown@https://registry.npmjs.org/hasown/-/hasown-2.0.2.tgz. Extracting by manifest.
4650 silly tarball no local data for math-intrinsics@https://registry.npmjs.org/math-intrinsics/-/math-intrinsics-1.1.0.tgz. Extracting by manifest.
4651 silly tarball no local data for gopd@https://registry.npmjs.org/gopd/-/gopd-1.2.0.tgz. Extracting by manifest.
4652 silly tarball no local data for get-proto@https://registry.npmjs.org/get-proto/-/get-proto-1.0.1.tgz. Extracting by manifest.
4653 silly tarball no local data for function-bind@https://registry.npmjs.org/function-bind/-/function-bind-1.1.2.tgz. Extracting by manifest.
4654 silly tarball no local data for define-data-property@https://registry.npmjs.org/define-data-property/-/define-data-property-1.1.4.tgz. Extracting by manifest.
4655 silly tarball no local data for es-errors@https://registry.npmjs.org/es-errors/-/es-errors-1.3.0.tgz. Extracting by manifest.
4656 silly tarball no local data for set-function-length@https://registry.npmjs.org/set-function-length/-/set-function-length-1.2.2.tgz. Extracting by manifest.
4657 silly tarball no local data for get-intrinsic@https://registry.npmjs.org/get-intrinsic/-/get-intrinsic-1.3.0.tgz. Extracting by manifest.
4658 silly tarball no local data for es-define-property@https://registry.npmjs.org/es-define-property/-/es-define-property-1.0.1.tgz. Extracting by manifest.
4659 silly tarball no local data for call-bind-apply-helpers@https://registry.npmjs.org/call-bind-apply-helpers/-/call-bind-apply-helpers-1.0.2.tgz. Extracting by manifest.
4660 silly tarball no local data for object-keys@https://registry.npmjs.org/object-keys/-/object-keys-1.1.1.tgz. Extracting by manifest.
4661 silly tarball no local data for has-symbols@https://registry.npmjs.org/has-symbols/-/has-symbols-1.1.0.tgz. Extracting by manifest.
4662 silly tarball no local data for @types/parse-json@https://registry.npmjs.org/@types/parse-json/-/parse-json-4.0.2.tgz. Extracting by manifest.
4663 silly tarball no local data for define-properties@https://registry.npmjs.org/define-properties/-/define-properties-1.2.1.tgz. Extracting by manifest.
4664 silly tarball no local data for es-object-atoms@https://registry.npmjs.org/es-object-atoms/-/es-object-atoms-1.1.1.tgz. Extracting by manifest.
4665 silly tarball no local data for call-bound@https://registry.npmjs.org/call-bound/-/call-bound-1.0.4.tgz. Extracting by manifest.
4666 silly tarball no local data for call-bind@https://registry.npmjs.org/call-bind/-/call-bind-1.0.8.tgz. Extracting by manifest.
4667 silly tarball no local data for minimalistic-crypto-utils@https://registry.npmjs.org/minimalistic-crypto-utils/-/minimalistic-crypto-utils-1.0.1.tgz. Extracting by manifest.
4668 silly tarball no local data for hmac-drbg@https://registry.npmjs.org/hmac-drbg/-/hmac-drbg-1.0.1.tgz. Extracting by manifest.
4669 silly tarball no local data for hash.js@https://registry.npmjs.org/hash.js/-/hash.js-1.1.7.tgz. Extracting by manifest.
4670 silly tarball no local data for brorand@https://registry.npmjs.org/brorand/-/brorand-1.1.0.tgz. Extracting by manifest.
4671 silly tarball no local data for minimalistic-assert@https://registry.npmjs.org/minimalistic-assert/-/minimalistic-assert-1.0.1.tgz. Extracting by manifest.
4672 silly tarball no local data for miller-rabin@https://registry.npmjs.org/miller-rabin/-/miller-rabin-4.0.1.tgz. Extracting by manifest.
4673 silly tarball no local data for ripemd160@https://registry.npmjs.org/ripemd160/-/ripemd160-2.0.3.tgz. Extracting by manifest.
4674 silly tarball no local data for md5.js@https://registry.npmjs.org/md5.js/-/md5.js-1.3.5.tgz. Extracting by manifest.
4675 silly tarball no local data for to-buffer@https://registry.npmjs.org/to-buffer/-/to-buffer-1.2.2.tgz. Extracting by manifest.
4676 silly tarball no local data for sha.js@https://registry.npmjs.org/sha.js/-/sha.js-2.4.12.tgz. Extracting by manifest.
4677 silly tarball no local data for parse-asn1@https://registry.npmjs.org/parse-asn1/-/parse-asn1-5.1.9.tgz. Extracting by manifest.
4678 silly tarball no local data for browserify-rsa@https://registry.npmjs.org/browserify-rsa/-/browserify-rsa-4.1.1.tgz. Extracting by manifest.
4679 silly tarball no local data for elliptic@https://registry.npmjs.org/elliptic/-/elliptic-6.6.1.tgz. Extracting by manifest.
4680 silly tarball no local data for bn.js@https://registry.npmjs.org/bn.js/-/bn.js-5.2.3.tgz. Extracting by manifest.
4681 silly tarball no local data for des.js@https://registry.npmjs.org/des.js/-/des.js-1.1.0.tgz. Extracting by manifest.
4682 silly tarball no local data for cipher-base@https://registry.npmjs.org/cipher-base/-/cipher-base-1.0.7.tgz. Extracting by manifest.
4683 silly tarball no local data for safe-buffer@https://registry.npmjs.org/safe-buffer/-/safe-buffer-5.2.1.tgz. Extracting by manifest.
4684 silly tarball no local data for evp_bytestokey@https://registry.npmjs.org/evp_bytestokey/-/evp_bytestokey-1.0.3.tgz. Extracting by manifest.
4685 silly tarball no local data for buffer-xor@https://registry.npmjs.org/buffer-xor/-/buffer-xor-1.0.3.tgz. Extracting by manifest.
4686 silly tarball no local data for browserify-aes@https://registry.npmjs.org/browserify-aes/-/browserify-aes-1.2.0.tgz. Extracting by manifest.
4687 silly tarball no local data for browserify-des@https://registry.npmjs.org/browserify-des/-/browserify-des-1.0.2.tgz. Extracting by manifest.
4688 silly tarball no local data for randomfill@https://registry.npmjs.org/randomfill/-/randomfill-1.0.4.tgz. Extracting by manifest.
4689 silly tarball no local data for randombytes@https://registry.npmjs.org/randombytes/-/randombytes-2.1.0.tgz. Extracting by manifest.
4690 silly tarball no local data for public-encrypt@https://registry.npmjs.org/public-encrypt/-/public-encrypt-4.0.3.tgz. Extracting by manifest.
4691 silly tarball no local data for pbkdf2@https://registry.npmjs.org/pbkdf2/-/pbkdf2-3.1.5.tgz. Extracting by manifest.
4692 silly tarball no local data for hash-base@https://registry.npmjs.org/hash-base/-/hash-base-3.0.5.tgz. Extracting by manifest.
4693 silly tarball no local data for diffie-hellman@https://registry.npmjs.org/diffie-hellman/-/diffie-hellman-5.0.3.tgz. Extracting by manifest.
4694 silly tarball no local data for create-ecdh@https://registry.npmjs.org/create-ecdh/-/create-ecdh-4.0.4.tgz. Extracting by manifest.
4695 silly tarball no local data for create-hash@https://registry.npmjs.org/create-hash/-/create-hash-1.2.0.tgz. Extracting by manifest.
4696 silly tarball no local data for browserify-cipher@https://registry.npmjs.org/browserify-cipher/-/browserify-cipher-1.0.1.tgz. Extracting by manifest.
4697 silly tarball no local data for browserify-sign@https://registry.npmjs.org/browserify-sign/-/browserify-sign-4.2.5.tgz. Extracting by manifest.
4698 silly tarball no local data for create-hmac@https://registry.npmjs.org/create-hmac/-/create-hmac-1.1.7.tgz. Extracting by manifest.
4699 silly tarball no local data for isarray@https://registry.npmjs.org/isarray/-/isarray-1.0.0.tgz. Extracting by manifest.
4700 silly tarball no local data for ieee754@https://registry.npmjs.org/ieee754/-/ieee754-1.2.1.tgz. Extracting by manifest.
4701 silly tarball no local data for pako@https://registry.npmjs.org/pako/-/pako-1.0.11.tgz. Extracting by manifest.
4702 silly tarball no local data for vm-browserify@https://registry.npmjs.org/vm-browserify/-/vm-browserify-1.1.2.tgz. Extracting by manifest.
4703 silly tarball no local data for object.assign@https://registry.npmjs.org/object.assign/-/object.assign-4.1.7.tgz. Extracting by manifest.
4704 silly tarball no local data for url@https://registry.npmjs.org/url/-/url-0.11.4.tgz. Extracting by manifest.
4705 silly tarball no local data for util@https://registry.npmjs.org/util/-/util-0.11.1.tgz. Extracting by manifest.
4706 silly tarball no local data for timers-browserify@https://registry.npmjs.org/timers-browserify/-/timers-browserify-2.0.12.tgz. Extracting by manifest.
4707 silly tarball no local data for tty-browserify@https://registry.npmjs.org/tty-browserify/-/tty-browserify-0.0.0.tgz. Extracting by manifest.
4708 silly tarball no local data for stream-http@https://registry.npmjs.org/stream-http/-/stream-http-2.8.3.tgz. Extracting by manifest.
4709 silly tarball no local data for string_decoder@https://registry.npmjs.org/string_decoder/-/string_decoder-1.3.0.tgz. Extracting by manifest.
4710 silly tarball no local data for base64-js@https://registry.npmjs.org/base64-js/-/base64-js-1.5.1.tgz. Extracting by manifest.
4711 silly tarball no local data for querystring-es3@https://registry.npmjs.org/querystring-es3/-/querystring-es3-0.2.1.tgz. Extracting by manifest.
4712 silly tarball no local data for stream-browserify@https://registry.npmjs.org/stream-browserify/-/stream-browserify-2.0.2.tgz. Extracting by manifest.
4713 silly tarball no local data for readable-stream@https://registry.npmjs.org/readable-stream/-/readable-stream-2.3.8.tgz. Extracting by manifest.
4714 silly tarball no local data for process@https://registry.npmjs.org/process/-/process-0.11.10.tgz. Extracting by manifest.
4715 silly tarball no local data for path-browserify@https://registry.npmjs.org/path-browserify/-/path-browserify-0.0.1.tgz. Extracting by manifest.
4716 silly tarball no local data for punycode@https://registry.npmjs.org/punycode/-/punycode-1.4.1.tgz. Extracting by manifest.
4717 silly tarball no local data for os-browserify@https://registry.npmjs.org/os-browserify/-/os-browserify-0.3.0.tgz. Extracting by manifest.
4718 silly tarball no local data for https-browserify@https://registry.npmjs.org/https-browserify/-/https-browserify-1.0.0.tgz. Extracting by manifest.
4719 silly tarball no local data for events@https://registry.npmjs.org/events/-/events-3.3.0.tgz. Extracting by manifest.
4720 silly tarball no local data for constants-browserify@https://registry.npmjs.org/constants-browserify/-/constants-browserify-1.0.0.tgz. Extracting by manifest.
4721 silly tarball no local data for domain-browser@https://registry.npmjs.org/domain-browser/-/domain-browser-1.2.0.tgz. Extracting by manifest.
4722 silly tarball no local data for crypto-browserify@https://registry.npmjs.org/crypto-browserify/-/crypto-browserify-3.12.1.tgz. Extracting by manifest.
4723 silly tarball no local data for console-browserify@https://registry.npmjs.org/console-browserify/-/console-browserify-1.2.0.tgz. Extracting by manifest.
4724 silly tarball no local data for browserify-zlib@https://registry.npmjs.org/browserify-zlib/-/browserify-zlib-0.2.0.tgz. Extracting by manifest.
4725 silly tarball no local data for assert@https://registry.npmjs.org/assert/-/assert-1.5.1.tgz. Extracting by manifest.
4726 silly tarball no local data for concat-map@https://registry.npmjs.org/concat-map/-/concat-map-0.0.1.tgz. Extracting by manifest.
4727 silly tarball no local data for brace-expansion@https://registry.npmjs.org/brace-expansion/-/brace-expansion-1.1.13.tgz. Extracting by manifest.
4728 silly tarball no local data for balanced-match@https://registry.npmjs.org/balanced-match/-/balanced-match-1.0.2.tgz. Extracting by manifest.
4729 silly tarball no local data for webpack-sources@https://registry.npmjs.org/webpack-sources/-/webpack-sources-1.4.3.tgz. Extracting by manifest.
4730 silly tarball no local data for is-buffer@https://registry.npmjs.org/is-buffer/-/is-buffer-1.1.6.tgz. Extracting by manifest.
4731 silly tarball no local data for charenc@https://registry.npmjs.org/charenc/-/charenc-0.0.2.tgz. Extracting by manifest.
4732 silly tarball no local data for crypt@https://registry.npmjs.org/crypt/-/crypt-0.0.2.tgz. Extracting by manifest.
4733 silly tarball no local data for yallist@https://registry.npmjs.org/yallist/-/yallist-3.1.1.tgz. Extracting by manifest.
4734 silly tarball no local data for big.js@https://registry.npmjs.org/big.js/-/big.js-5.2.2.tgz. Extracting by manifest.
4735 silly tarball no local data for is-extglob@https://registry.npmjs.org/is-extglob/-/is-extglob-2.1.1.tgz. Extracting by manifest.
4736 silly tarball no local data for emojis-list@https://registry.npmjs.org/emojis-list/-/emojis-list-3.0.0.tgz. Extracting by manifest.
4737 silly tarball no local data for binary-extensions@https://registry.npmjs.org/binary-extensions/-/binary-extensions-2.3.0.tgz. Extracting by manifest.
4738 silly tarball no local data for has-property-descriptors@https://registry.npmjs.org/has-property-descriptors/-/has-property-descriptors-1.0.2.tgz. Extracting by manifest.
4739 silly tarball no local data for wrappy@https://registry.npmjs.org/wrappy/-/wrappy-1.0.2.tgz. Extracting by manifest.
4740 silly tarball no local data for run-parallel@https://registry.npmjs.org/run-parallel/-/run-parallel-1.2.0.tgz. Extracting by manifest.
4741 silly tarball no local data for micromatch@https://registry.npmjs.org/micromatch/-/micromatch-4.0.8.tgz. Extracting by manifest.
4742 silly tarball no local data for @nodelib/fs.scandir@https://registry.npmjs.org/@nodelib/fs.scandir/-/fs.scandir-2.1.5.tgz. Extracting by manifest.
4743 silly tarball no local data for fastq@https://registry.npmjs.org/fastq/-/fastq-1.20.1.tgz. Extracting by manifest.
4744 silly tarball no local data for path-type@https://registry.npmjs.org/path-type/-/path-type-4.0.0.tgz. Extracting by manifest.
4745 silly tarball no local data for reusify@https://registry.npmjs.org/reusify/-/reusify-1.1.0.tgz. Extracting by manifest.
4746 silly tarball no local data for buffer@https://registry.npmjs.org/buffer/-/buffer-4.9.2.tgz. Extracting by manifest.
4747 silly tarball no local data for @nodelib/fs.stat@https://registry.npmjs.org/@nodelib/fs.stat/-/fs.stat-2.0.5.tgz. Extracting by manifest.
4748 silly tarball no local data for @types/minimatch@https://registry.npmjs.org/@types/minimatch/-/minimatch-5.1.2.tgz. Extracting by manifest.
4749 silly tarball no local data for slash@https://registry.npmjs.org/slash/-/slash-3.0.0.tgz. Extracting by manifest.
4750 silly tarball no local data for merge2@https://registry.npmjs.org/merge2/-/merge2-1.4.1.tgz. Extracting by manifest.
4751 silly tarball no local data for ignore@https://registry.npmjs.org/ignore/-/ignore-5.3.2.tgz. Extracting by manifest.
4752 silly tarball no local data for fast-glob@https://registry.npmjs.org/fast-glob/-/fast-glob-3.3.3.tgz. Extracting by manifest.
4753 silly tarball no local data for @types/glob@https://registry.npmjs.org/@types/glob/-/glob-7.2.0.tgz. Extracting by manifest.
4754 silly tarball no local data for dir-glob@https://registry.npmjs.org/dir-glob/-/dir-glob-3.0.1.tgz. Extracting by manifest.
4755 silly tarball no local data for array-union@https://registry.npmjs.org/array-union/-/array-union-2.1.0.tgz. Extracting by manifest.
4756 silly tarball no local data for @nodelib/fs.walk@https://registry.npmjs.org/@nodelib/fs.walk/-/fs.walk-1.2.8.tgz. Extracting by manifest.
4757 silly tarball no local data for p-pipe@https://registry.npmjs.org/p-pipe/-/p-pipe-3.1.0.tgz. Extracting by manifest.
4758 silly tarball no local data for junk@https://registry.npmjs.org/junk/-/junk-3.1.0.tgz. Extracting by manifest.
4759 silly tarball no local data for globby@https://registry.npmjs.org/globby/-/globby-10.0.2.tgz. Extracting by manifest.
4760 silly tarball no local data for entities@https://registry.npmjs.org/entities/-/entities-2.2.0.tgz. Extracting by manifest.
4761 silly tarball no local data for file-type@https://registry.npmjs.org/file-type/-/file-type-12.4.2.tgz. Extracting by manifest.
4762 silly tarball no local data for dom-serializer@https://registry.npmjs.org/dom-serializer/-/dom-serializer-1.4.1.tgz. Extracting by manifest.
4763 silly tarball no local data for domutils@https://registry.npmjs.org/domutils/-/domutils-2.8.0.tgz. Extracting by manifest.
4764 silly tarball no local data for domhandler@https://registry.npmjs.org/domhandler/-/domhandler-3.3.0.tgz. Extracting by manifest.
4765 silly tarball no local data for replace-ext@https://registry.npmjs.org/replace-ext/-/replace-ext-1.0.1.tgz. Extracting by manifest.
4766 silly tarball no local data for domelementtype@https://registry.npmjs.org/domelementtype/-/domelementtype-2.3.0.tgz. Extracting by manifest.
4767 silly tarball no local data for pascal-case@https://registry.npmjs.org/pascal-case/-/pascal-case-3.1.2.tgz. Extracting by manifest.
4768 silly tarball no local data for tslib@https://registry.npmjs.org/tslib/-/tslib-2.8.1.tgz. Extracting by manifest.
4769 silly tarball no local data for relateurl@https://registry.npmjs.org/relateurl/-/relateurl-0.2.7.tgz. Extracting by manifest.
4770 silly tarball no local data for he@https://registry.npmjs.org/he/-/he-1.2.0.tgz. Extracting by manifest.
4771 silly tarball no local data for camel-case@https://registry.npmjs.org/camel-case/-/camel-case-4.1.2.tgz. Extracting by manifest.
4772 silly tarball no local data for param-case@https://registry.npmjs.org/param-case/-/param-case-3.0.4.tgz. Extracting by manifest.
4773 silly tarball no local data for htmlparser2@https://registry.npmjs.org/htmlparser2/-/htmlparser2-4.1.0.tgz. Extracting by manifest.
4774 silly tarball no local data for path-is-absolute@https://registry.npmjs.org/path-is-absolute/-/path-is-absolute-1.0.1.tgz. Extracting by manifest.
4775 silly tarball no local data for html-minifier-terser@https://registry.npmjs.org/html-minifier-terser/-/html-minifier-terser-5.1.1.tgz. Extracting by manifest.
4776 silly tarball no local data for inflight@https://registry.npmjs.org/inflight/-/inflight-1.0.6.tgz. Extracting by manifest.
4777 silly tarball no local data for once@https://registry.npmjs.org/once/-/once-1.4.0.tgz. Extracting by manifest.
4778 silly tarball no local data for fs.realpath@https://registry.npmjs.org/fs.realpath/-/fs.realpath-1.0.0.tgz. Extracting by manifest.
4779 silly tarball no local data for inherits@https://registry.npmjs.org/inherits/-/inherits-2.0.4.tgz. Extracting by manifest.
4780 silly tarball no local data for minimatch@https://registry.npmjs.org/minimatch/-/minimatch-3.1.5.tgz. Extracting by manifest.
4781 silly tarball no local data for universalify@https://registry.npmjs.org/universalify/-/universalify-2.0.1.tgz. Extracting by manifest.
4782 silly tarball no local data for graceful-fs@https://registry.npmjs.org/graceful-fs/-/graceful-fs-4.2.11.tgz. Extracting by manifest.
4783 silly tarball no local data for jsonfile@https://registry.npmjs.org/jsonfile/-/jsonfile-6.2.0.tgz. Extracting by manifest.
4784 silly tarball no local data for pkg-dir@https://registry.npmjs.org/pkg-dir/-/pkg-dir-4.2.0.tgz. Extracting by manifest.
4785 silly tarball no local data for commondir@https://registry.npmjs.org/commondir/-/commondir-1.0.1.tgz. Extracting by manifest.
4786 silly tarball no local data for postcss-svgo@https://registry.npmjs.org/postcss-svgo/-/postcss-svgo-5.1.0.tgz. Extracting by manifest.
4787 silly tarball no local data for to-regex-range@https://registry.npmjs.org/to-regex-range/-/to-regex-range-5.0.1.tgz. Extracting by manifest.
4788 silly tarball no local data for postcss-reduce-initial@https://registry.npmjs.org/postcss-reduce-initial/-/postcss-reduce-initial-5.1.2.tgz. Extracting by manifest.
4789 silly tarball no local data for ms@https://registry.npmjs.org/ms/-/ms-2.1.3.tgz. Extracting by manifest.
4790 silly tarball no local data for postcss-reduce-transforms@https://registry.npmjs.org/postcss-reduce-transforms/-/postcss-reduce-transforms-5.1.0.tgz. Extracting by manifest.
4791 silly tarball no local data for postcss-ordered-values@https://registry.npmjs.org/postcss-ordered-values/-/postcss-ordered-values-5.1.3.tgz. Extracting by manifest.
4792 silly tarball no local data for postcss-normalize-whitespace@https://registry.npmjs.org/postcss-normalize-whitespace/-/postcss-normalize-whitespace-5.1.1.tgz. Extracting by manifest.
4793 silly tarball no local data for postcss-unique-selectors@https://registry.npmjs.org/postcss-unique-selectors/-/postcss-unique-selectors-5.1.1.tgz. Extracting by manifest.
4794 silly tarball no local data for postcss-normalize-url@https://registry.npmjs.org/postcss-normalize-url/-/postcss-normalize-url-5.1.0.tgz. Extracting by manifest.
4795 silly tarball no local data for postcss-normalize-timing-functions@https://registry.npmjs.org/postcss-normalize-timing-functions/-/postcss-normalize-timing-functions-5.1.0.tgz. Extracting by manifest.
4796 silly tarball no local data for postcss-normalize-string@https://registry.npmjs.org/postcss-normalize-string/-/postcss-normalize-string-5.1.0.tgz. Extracting by manifest.
4797 silly tarball no local data for postcss-normalize-repeat-style@https://registry.npmjs.org/postcss-normalize-repeat-style/-/postcss-normalize-repeat-style-5.1.1.tgz. Extracting by manifest.
4798 silly tarball no local data for postcss-normalize-positions@https://registry.npmjs.org/postcss-normalize-positions/-/postcss-normalize-positions-5.1.1.tgz. Extracting by manifest.
4799 silly tarball no local data for postcss-normalize-unicode@https://registry.npmjs.org/postcss-normalize-unicode/-/postcss-normalize-unicode-5.1.1.tgz. Extracting by manifest.
4800 silly tarball no local data for postcss-normalize-display-values@https://registry.npmjs.org/postcss-normalize-display-values/-/postcss-normalize-display-values-5.1.0.tgz. Extracting by manifest.
4801 silly tarball no local data for postcss-minify-selectors@https://registry.npmjs.org/postcss-minify-selectors/-/postcss-minify-selectors-5.2.1.tgz. Extracting by manifest.
4802 silly tarball no local data for postcss-normalize-charset@https://registry.npmjs.org/postcss-normalize-charset/-/postcss-normalize-charset-5.1.0.tgz. Extracting by manifest.
4803 silly tarball no local data for postcss-minify-params@https://registry.npmjs.org/postcss-minify-params/-/postcss-minify-params-5.1.4.tgz. Extracting by manifest.
4804 silly tarball no local data for postcss-minify-font-values@https://registry.npmjs.org/postcss-minify-font-values/-/postcss-minify-font-values-5.1.0.tgz. Extracting by manifest.
4805 silly tarball no local data for postcss-minify-gradients@https://registry.npmjs.org/postcss-minify-gradients/-/postcss-minify-gradients-5.1.1.tgz. Extracting by manifest.
4806 silly tarball no local data for postcss-merge-rules@https://registry.npmjs.org/postcss-merge-rules/-/postcss-merge-rules-5.1.4.tgz. Extracting by manifest.
4807 silly tarball no local data for postcss-merge-longhand@https://registry.npmjs.org/postcss-merge-longhand/-/postcss-merge-longhand-5.1.7.tgz. Extracting by manifest.
4808 silly tarball no local data for postcss-discard-overridden@https://registry.npmjs.org/postcss-discard-overridden/-/postcss-discard-overridden-5.1.0.tgz. Extracting by manifest.
4809 silly tarball no local data for postcss-discard-empty@https://registry.npmjs.org/postcss-discard-empty/-/postcss-discard-empty-5.1.1.tgz. Extracting by manifest.
4810 silly tarball no local data for postcss-discard-duplicates@https://registry.npmjs.org/postcss-discard-duplicates/-/postcss-discard-duplicates-5.1.0.tgz. Extracting by manifest.
4811 silly tarball no local data for postcss-colormin@https://registry.npmjs.org/postcss-colormin/-/postcss-colormin-5.3.1.tgz. Extracting by manifest.
4812 silly tarball no local data for postcss-convert-values@https://registry.npmjs.org/postcss-convert-values/-/postcss-convert-values-5.1.3.tgz. Extracting by manifest.
4813 silly tarball no local data for postcss-discard-comments@https://registry.npmjs.org/postcss-discard-comments/-/postcss-discard-comments-5.1.2.tgz. Extracting by manifest.
4814 silly tarball no local data for postcss-calc@https://registry.npmjs.org/postcss-calc/-/postcss-calc-8.2.4.tgz. Extracting by manifest.
4815 silly tarball no local data for cssnano-utils@https://registry.npmjs.org/cssnano-utils/-/cssnano-utils-3.1.0.tgz. Extracting by manifest.
4816 silly tarball no local data for css-declaration-sorter@https://registry.npmjs.org/css-declaration-sorter/-/css-declaration-sorter-6.4.1.tgz. Extracting by manifest.
4817 silly tarball no local data for yaml@https://registry.npmjs.org/yaml/-/yaml-1.10.3.tgz. Extracting by manifest.
4818 silly tarball no local data for cssnano-preset-default@https://registry.npmjs.org/cssnano-preset-default/-/cssnano-preset-default-5.2.14.tgz. Extracting by manifest.
4819 silly tarball no local data for postcss-modules-values@https://registry.npmjs.org/postcss-modules-values/-/postcss-modules-values-4.0.0.tgz. Extracting by manifest.
4820 silly tarball no local data for postcss-modules-extract-imports@https://registry.npmjs.org/postcss-modules-extract-imports/-/postcss-modules-extract-imports-3.1.0.tgz. Extracting by manifest.
4821 silly tarball no local data for icss-utils@https://registry.npmjs.org/icss-utils/-/icss-utils-5.1.0.tgz. Extracting by manifest.
4822 silly tarball no local data for color-name@https://registry.npmjs.org/color-name/-/color-name-1.1.4.tgz. Extracting by manifest.
4823 silly tarball no local data for @colors/colors@https://registry.npmjs.org/@colors/colors/-/colors-1.5.0.tgz. Extracting by manifest.
4824 silly tarball no local data for lilconfig@https://registry.npmjs.org/lilconfig/-/lilconfig-2.1.0.tgz. Extracting by manifest.
4825 silly tarball no local data for string-width@https://registry.npmjs.org/string-width/-/string-width-4.2.3.tgz. Extracting by manifest.
4826 silly tarball no local data for picomatch@https://registry.npmjs.org/picomatch/-/picomatch-2.3.2.tgz. Extracting by manifest.
4827 silly tarball no local data for fill-range@https://registry.npmjs.org/fill-range/-/fill-range-7.1.1.tgz. Extracting by manifest.
4828 silly tarball no local data for readdirp@https://registry.npmjs.org/readdirp/-/readdirp-3.6.0.tgz. Extracting by manifest.
4829 silly tarball no local data for normalize-path@https://registry.npmjs.org/normalize-path/-/normalize-path-3.0.0.tgz. Extracting by manifest.
4830 silly tarball no local data for is-glob@https://registry.npmjs.org/is-glob/-/is-glob-4.0.3.tgz. Extracting by manifest.
4831 silly tarball no local data for glob-parent@https://registry.npmjs.org/glob-parent/-/glob-parent-5.1.2.tgz. Extracting by manifest.
4832 silly tarball no local data for is-binary-path@https://registry.npmjs.org/is-binary-path/-/is-binary-path-2.1.0.tgz. Extracting by manifest.
4833 silly tarball no local data for braces@https://registry.npmjs.org/braces/-/braces-3.0.3.tgz. Extracting by manifest.
4834 silly tarball no local data for color-convert@https://registry.npmjs.org/color-convert/-/color-convert-2.0.1.tgz. Extracting by manifest.
4835 silly tarball no local data for anymatch@https://registry.npmjs.org/anymatch/-/anymatch-3.1.3.tgz. Extracting by manifest.
4836 silly tarball no local data for supports-color@https://registry.npmjs.org/supports-color/-/supports-color-7.2.0.tgz. Extracting by manifest.
4837 silly tarball no local data for ansi-styles@https://registry.npmjs.org/ansi-styles/-/ansi-styles-4.3.0.tgz. Extracting by manifest.
4838 silly tarball no local data for @babel/helper-define-polyfill-provider@https://registry.npmjs.org/@babel/helper-define-polyfill-provider/-/helper-define-polyfill-provider-0.6.8.tgz. Extracting by manifest.
4839 silly tarball no local data for lodash.debounce@https://registry.npmjs.org/lodash.debounce/-/lodash.debounce-4.0.8.tgz. Extracting by manifest.
4840 silly tarball no local data for resolve@https://registry.npmjs.org/resolve/-/resolve-1.22.11.tgz. Extracting by manifest.
4841 silly tarball no local data for make-dir@https://registry.npmjs.org/make-dir/-/make-dir-3.1.0.tgz. Extracting by manifest.
4842 silly tarball no local data for schema-utils@https://registry.npmjs.org/schema-utils/-/schema-utils-2.7.1.tgz. Extracting by manifest.
4843 silly tarball no local data for loader-utils@https://registry.npmjs.org/loader-utils/-/loader-utils-2.0.4.tgz. Extracting by manifest.
4844 silly tarball no local data for @types/svgo@https://registry.npmjs.org/@types/svgo/-/svgo-1.3.6.tgz. Extracting by manifest.
4845 silly tarball no local data for @types/imagemin@https://registry.npmjs.org/@types/imagemin/-/imagemin-9.0.1.tgz. Extracting by manifest.
4846 silly tarball no local data for @types/node@https://registry.npmjs.org/@types/node/-/node-25.5.0.tgz. Extracting by manifest.
4847 silly tarball no local data for undici-types@https://registry.npmjs.org/undici-types/-/undici-types-7.18.2.tgz. Extracting by manifest.
4848 silly tarball no local data for source-map@https://registry.npmjs.org/source-map/-/source-map-0.6.1.tgz. Extracting by manifest.
4849 silly tarball no local data for find-cache-dir@https://registry.npmjs.org/find-cache-dir/-/find-cache-dir-3.3.2.tgz. Extracting by manifest.
4850 silly tarball no local data for @types/babel__traverse@https://registry.npmjs.org/@types/babel__traverse/-/babel__traverse-7.28.0.tgz. Extracting by manifest.
4851 silly tarball no local data for @types/babel__template@https://registry.npmjs.org/@types/babel__template/-/babel__template-7.4.4.tgz. Extracting by manifest.
4852 silly tarball no local data for @types/babel__generator@https://registry.npmjs.org/@types/babel__generator/-/babel__generator-7.27.0.tgz. Extracting by manifest.
4853 silly tarball no local data for postcss-modules-local-by-default@https://registry.npmjs.org/postcss-modules-local-by-default/-/postcss-modules-local-by-default-4.2.0.tgz. Extracting by manifest.
4854 silly tarball no local data for postcss-modules-scope@https://registry.npmjs.org/postcss-modules-scope/-/postcss-modules-scope-3.2.1.tgz. Extracting by manifest.
4855 silly tarball no local data for @babel/helper-replace-supers@https://registry.npmjs.org/@babel/helper-replace-supers/-/helper-replace-supers-7.28.6.tgz. Extracting by manifest.
4856 silly tarball no local data for @jridgewell/sourcemap-codec@https://registry.npmjs.org/@jridgewell/sourcemap-codec/-/sourcemap-codec-1.5.5.tgz. Extracting by manifest.
4857 silly tarball no local data for @babel/helper-globals@https://registry.npmjs.org/@babel/helper-globals/-/helper-globals-7.28.0.tgz. Extracting by manifest.
4858 silly tarball no local data for @babel/helper-string-parser@https://registry.npmjs.org/@babel/helper-string-parser/-/helper-string-parser-7.27.1.tgz. Extracting by manifest.
4859 silly tarball no local data for regexpu-core@https://registry.npmjs.org/regexpu-core/-/regexpu-core-6.4.0.tgz. Extracting by manifest.
4860 silly tarball no local data for @babel/helper-optimise-call-expression@https://registry.npmjs.org/@babel/helper-optimise-call-expression/-/helper-optimise-call-expression-7.27.1.tgz. Extracting by manifest.
4861 silly tarball no local data for @babel/helper-member-expression-to-functions@https://registry.npmjs.org/@babel/helper-member-expression-to-functions/-/helper-member-expression-to-functions-7.28.5.tgz. Extracting by manifest.
4862 silly tarball no local data for @babel/helper-create-class-features-plugin@https://registry.npmjs.org/@babel/helper-create-class-features-plugin/-/helper-create-class-features-plugin-7.28.6.tgz. Extracting by manifest.
4863 silly tarball no local data for @babel/helper-annotate-as-pure@https://registry.npmjs.org/@babel/helper-annotate-as-pure/-/helper-annotate-as-pure-7.27.3.tgz. Extracting by manifest.
4864 silly tarball no local data for @babel/helper-remap-async-to-generator@https://registry.npmjs.org/@babel/helper-remap-async-to-generator/-/helper-remap-async-to-generator-7.27.1.tgz. Extracting by manifest.
4865 silly tarball no local data for @babel/helper-wrap-function@https://registry.npmjs.org/@babel/helper-wrap-function/-/helper-wrap-function-7.28.6.tgz. Extracting by manifest.
4866 silly tarball no local data for @babel/helper-create-regexp-features-plugin@https://registry.npmjs.org/@babel/helper-create-regexp-features-plugin/-/helper-create-regexp-features-plugin-7.28.5.tgz. Extracting by manifest.
4867 silly tarball no local data for core-js-compat@https://registry.npmjs.org/core-js-compat/-/core-js-compat-3.49.0.tgz. Extracting by manifest.
4868 silly tarball no local data for @babel/helper-skip-transparent-expression-wrappers@https://registry.npmjs.org/@babel/helper-skip-transparent-expression-wrappers/-/helper-skip-transparent-expression-wrappers-7.27.1.tgz. Extracting by manifest.
4869 silly tarball no local data for @babel/preset-modules@https://registry.npmjs.org/@babel/preset-modules/-/preset-modules-0.1.6-no-external-plugins.tgz. Extracting by manifest.
4870 silly tarball no local data for @babel/plugin-transform-unicode-property-regex@https://registry.npmjs.org/@babel/plugin-transform-unicode-property-regex/-/plugin-transform-unicode-property-regex-7.28.6.tgz. Extracting by manifest.
4871 silly tarball no local data for @babel/plugin-transform-unicode-regex@https://registry.npmjs.org/@babel/plugin-transform-unicode-regex/-/plugin-transform-unicode-regex-7.27.1.tgz. Extracting by manifest.
4872 silly tarball no local data for @babel/plugin-transform-unicode-sets-regex@https://registry.npmjs.org/@babel/plugin-transform-unicode-sets-regex/-/plugin-transform-unicode-sets-regex-7.28.6.tgz. Extracting by manifest.
4873 silly tarball no local data for @babel/plugin-transform-unicode-escapes@https://registry.npmjs.org/@babel/plugin-transform-unicode-escapes/-/plugin-transform-unicode-escapes-7.27.1.tgz. Extracting by manifest.
4874 silly tarball no local data for @babel/plugin-transform-template-literals@https://registry.npmjs.org/@babel/plugin-transform-template-literals/-/plugin-transform-template-literals-7.27.1.tgz. Extracting by manifest.
4875 silly tarball no local data for @babel/plugin-transform-typeof-symbol@https://registry.npmjs.org/@babel/plugin-transform-typeof-symbol/-/plugin-transform-typeof-symbol-7.27.1.tgz. Extracting by manifest.
4876 silly tarball no local data for @babel/plugin-transform-spread@https://registry.npmjs.org/@babel/plugin-transform-spread/-/plugin-transform-spread-7.28.6.tgz. Extracting by manifest.
4877 silly tarball no local data for @babel/plugin-transform-sticky-regex@https://registry.npmjs.org/@babel/plugin-transform-sticky-regex/-/plugin-transform-sticky-regex-7.27.1.tgz. Extracting by manifest.
4878 silly tarball no local data for @babel/plugin-transform-shorthand-properties@https://registry.npmjs.org/@babel/plugin-transform-shorthand-properties/-/plugin-transform-shorthand-properties-7.27.1.tgz. Extracting by manifest.
4879 silly tarball no local data for @babel/plugin-transform-regexp-modifiers@https://registry.npmjs.org/@babel/plugin-transform-regexp-modifiers/-/plugin-transform-regexp-modifiers-7.28.6.tgz. Extracting by manifest.
4880 silly tarball no local data for @babel/plugin-transform-regenerator@https://registry.npmjs.org/@babel/plugin-transform-regenerator/-/plugin-transform-regenerator-7.29.0.tgz. Extracting by manifest.
4881 silly tarball no local data for @babel/plugin-transform-reserved-words@https://registry.npmjs.org/@babel/plugin-transform-reserved-words/-/plugin-transform-reserved-words-7.27.1.tgz. Extracting by manifest.
4882 silly tarball no local data for @babel/plugin-transform-property-literals@https://registry.npmjs.org/@babel/plugin-transform-property-literals/-/plugin-transform-property-literals-7.27.1.tgz. Extracting by manifest.
4883 silly tarball no local data for @babel/plugin-transform-private-property-in-object@https://registry.npmjs.org/@babel/plugin-transform-private-property-in-object/-/plugin-transform-private-property-in-object-7.28.6.tgz. Extracting by manifest.
4884 silly tarball no local data for @babel/plugin-transform-optional-catch-binding@https://registry.npmjs.org/@babel/plugin-transform-optional-catch-binding/-/plugin-transform-optional-catch-binding-7.28.6.tgz. Extracting by manifest.
4885 silly tarball no local data for @babel/plugin-transform-optional-chaining@https://registry.npmjs.org/@babel/plugin-transform-optional-chaining/-/plugin-transform-optional-chaining-7.28.6.tgz. Extracting by manifest.
4886 silly tarball no local data for @babel/plugin-transform-object-super@https://registry.npmjs.org/@babel/plugin-transform-object-super/-/plugin-transform-object-super-7.27.1.tgz. Extracting by manifest.
4887 silly tarball no local data for @babel/plugin-transform-object-rest-spread@https://registry.npmjs.org/@babel/plugin-transform-object-rest-spread/-/plugin-transform-object-rest-spread-7.28.6.tgz. Extracting by manifest.
4888 silly tarball no local data for @babel/plugin-transform-numeric-separator@https://registry.npmjs.org/@babel/plugin-transform-numeric-separator/-/plugin-transform-numeric-separator-7.28.6.tgz. Extracting by manifest.
4889 silly tarball no local data for @babel/plugin-transform-nullish-coalescing-operator@https://registry.npmjs.org/@babel/plugin-transform-nullish-coalescing-operator/-/plugin-transform-nullish-coalescing-operator-7.28.6.tgz. Extracting by manifest.
4890 silly tarball no local data for @babel/plugin-transform-private-methods@https://registry.npmjs.org/@babel/plugin-transform-private-methods/-/plugin-transform-private-methods-7.28.6.tgz. Extracting by manifest.
4891 silly tarball no local data for @jridgewell/resolve-uri@https://registry.npmjs.org/@jridgewell/resolve-uri/-/resolve-uri-3.1.2.tgz. Extracting by manifest.
4892 silly tarball no local data for @babel/plugin-transform-new-target@https://registry.npmjs.org/@babel/plugin-transform-new-target/-/plugin-transform-new-target-7.27.1.tgz. Extracting by manifest.
4893 silly tarball no local data for @babel/plugin-transform-named-capturing-groups-regex@https://registry.npmjs.org/@babel/plugin-transform-named-capturing-groups-regex/-/plugin-transform-named-capturing-groups-regex-7.29.0.tgz. Extracting by manifest.
4894 silly tarball no local data for @babel/plugin-transform-modules-systemjs@https://registry.npmjs.org/@babel/plugin-transform-modules-systemjs/-/plugin-transform-modules-systemjs-7.29.0.tgz. Extracting by manifest.
4895 silly tarball no local data for @babel/plugin-transform-modules-umd@https://registry.npmjs.org/@babel/plugin-transform-modules-umd/-/plugin-transform-modules-umd-7.27.1.tgz. Extracting by manifest.
4896 silly tarball no local data for @babel/plugin-transform-modules-commonjs@https://registry.npmjs.org/@babel/plugin-transform-modules-commonjs/-/plugin-transform-modules-commonjs-7.28.6.tgz. Extracting by manifest.
4897 silly tarball no local data for @babel/plugin-transform-modules-amd@https://registry.npmjs.org/@babel/plugin-transform-modules-amd/-/plugin-transform-modules-amd-7.27.1.tgz. Extracting by manifest.
4898 silly tarball no local data for @babel/plugin-transform-member-expression-literals@https://registry.npmjs.org/@babel/plugin-transform-member-expression-literals/-/plugin-transform-member-expression-literals-7.27.1.tgz. Extracting by manifest.
4899 silly tarball no local data for @babel/plugin-transform-logical-assignment-operators@https://registry.npmjs.org/@babel/plugin-transform-logical-assignment-operators/-/plugin-transform-logical-assignment-operators-7.28.6.tgz. Extracting by manifest.
4900 silly tarball no local data for @babel/plugin-transform-json-strings@https://registry.npmjs.org/@babel/plugin-transform-json-strings/-/plugin-transform-json-strings-7.28.6.tgz. Extracting by manifest.
4901 silly tarball no local data for @babel/plugin-transform-literals@https://registry.npmjs.org/@babel/plugin-transform-literals/-/plugin-transform-literals-7.27.1.tgz. Extracting by manifest.
4902 silly tarball no local data for @babel/plugin-transform-function-name@https://registry.npmjs.org/@babel/plugin-transform-function-name/-/plugin-transform-function-name-7.27.1.tgz. Extracting by manifest.
4903 silly tarball no local data for @babel/plugin-transform-for-of@https://registry.npmjs.org/@babel/plugin-transform-for-of/-/plugin-transform-for-of-7.27.1.tgz. Extracting by manifest.
4904 silly tarball no local data for @babel/plugin-transform-exponentiation-operator@https://registry.npmjs.org/@babel/plugin-transform-exponentiation-operator/-/plugin-transform-exponentiation-operator-7.28.6.tgz. Extracting by manifest.
4905 silly tarball no local data for @babel/plugin-transform-export-namespace-from@https://registry.npmjs.org/@babel/plugin-transform-export-namespace-from/-/plugin-transform-export-namespace-from-7.27.1.tgz. Extracting by manifest.
4906 silly tarball no local data for @babel/plugin-transform-explicit-resource-management@https://registry.npmjs.org/@babel/plugin-transform-explicit-resource-management/-/plugin-transform-explicit-resource-management-7.28.6.tgz. Extracting by manifest.
4907 silly tarball no local data for @babel/plugin-transform-dynamic-import@https://registry.npmjs.org/@babel/plugin-transform-dynamic-import/-/plugin-transform-dynamic-import-7.27.1.tgz. Extracting by manifest.
4908 silly tarball no local data for @babel/plugin-transform-duplicate-keys@https://registry.npmjs.org/@babel/plugin-transform-duplicate-keys/-/plugin-transform-duplicate-keys-7.27.1.tgz. Extracting by manifest.
4909 silly tarball no local data for @babel/plugin-transform-destructuring@https://registry.npmjs.org/@babel/plugin-transform-destructuring/-/plugin-transform-destructuring-7.28.5.tgz. Extracting by manifest.
4910 silly tarball no local data for @babel/plugin-transform-dotall-regex@https://registry.npmjs.org/@babel/plugin-transform-dotall-regex/-/plugin-transform-dotall-regex-7.28.6.tgz. Extracting by manifest.
4911 silly tarball no local data for esutils@https://registry.npmjs.org/esutils/-/esutils-2.0.3.tgz. Extracting by manifest.
4912 silly tarball no local data for @babel/plugin-transform-class-static-block@https://registry.npmjs.org/@babel/plugin-transform-class-static-block/-/plugin-transform-class-static-block-7.28.6.tgz. Extracting by manifest.
4913 silly tarball no local data for @babel/plugin-transform-computed-properties@https://registry.npmjs.org/@babel/plugin-transform-computed-properties/-/plugin-transform-computed-properties-7.28.6.tgz. Extracting by manifest.
4914 silly tarball no local data for @babel/plugin-transform-classes@https://registry.npmjs.org/@babel/plugin-transform-classes/-/plugin-transform-classes-7.28.6.tgz. Extracting by manifest.
4915 silly tarball no local data for @babel/plugin-transform-class-properties@https://registry.npmjs.org/@babel/plugin-transform-class-properties/-/plugin-transform-class-properties-7.28.6.tgz. Extracting by manifest.
4916 silly tarball no local data for @babel/plugin-transform-block-scoped-functions@https://registry.npmjs.org/@babel/plugin-transform-block-scoped-functions/-/plugin-transform-block-scoped-functions-7.27.1.tgz. Extracting by manifest.
4917 silly tarball no local data for @babel/plugin-transform-block-scoping@https://registry.npmjs.org/@babel/plugin-transform-block-scoping/-/plugin-transform-block-scoping-7.28.6.tgz. Extracting by manifest.
4918 silly tarball no local data for @babel/plugin-transform-async-to-generator@https://registry.npmjs.org/@babel/plugin-transform-async-to-generator/-/plugin-transform-async-to-generator-7.28.6.tgz. Extracting by manifest.
4919 silly tarball no local data for @babel/plugin-transform-async-generator-functions@https://registry.npmjs.org/@babel/plugin-transform-async-generator-functions/-/plugin-transform-async-generator-functions-7.29.0.tgz. Extracting by manifest.
4920 silly tarball no local data for @babel/plugin-transform-arrow-functions@https://registry.npmjs.org/@babel/plugin-transform-arrow-functions/-/plugin-transform-arrow-functions-7.27.1.tgz. Extracting by manifest.
4921 silly tarball no local data for @babel/plugin-syntax-unicode-sets-regex@https://registry.npmjs.org/@babel/plugin-syntax-unicode-sets-regex/-/plugin-syntax-unicode-sets-regex-7.18.6.tgz. Extracting by manifest.
4922 silly tarball no local data for @babel/plugin-syntax-import-attributes@https://registry.npmjs.org/@babel/plugin-syntax-import-attributes/-/plugin-syntax-import-attributes-7.28.6.tgz. Extracting by manifest.
4923 silly tarball no local data for @babel/plugin-proposal-private-property-in-object@https://registry.npmjs.org/@babel/plugin-proposal-private-property-in-object/-/plugin-proposal-private-property-in-object-7.21.0-placeholder-for-preset-env.2.tgz. Extracting by manifest.
4924 silly tarball no local data for @babel/plugin-syntax-import-assertions@https://registry.npmjs.org/@babel/plugin-syntax-import-assertions/-/plugin-syntax-import-assertions-7.28.6.tgz. Extracting by manifest.
4925 silly tarball no local data for @babel/plugin-bugfix-v8-spread-parameters-in-optional-chaining@https://registry.npmjs.org/@babel/plugin-bugfix-v8-spread-parameters-in-optional-chaining/-/plugin-bugfix-v8-spread-parameters-in-optional-chaining-7.27.1.tgz. Extracting by manifest.
4926 silly tarball no local data for @babel/plugin-bugfix-safari-id-destructuring-collision-in-function-expression@https://registry.npmjs.org/@babel/plugin-bugfix-safari-id-destructuring-collision-in-function-expression/-/plugin-bugfix-safari-id-destructuring-collision-in-function-expression-7.27.1.tgz. Extracting by manifest.
4927 silly tarball no local data for @babel/plugin-bugfix-v8-static-class-fields-redefine-readonly@https://registry.npmjs.org/@babel/plugin-bugfix-v8-static-class-fields-redefine-readonly/-/plugin-bugfix-v8-static-class-fields-redefine-readonly-7.28.6.tgz. Extracting by manifest.
4928 silly tarball no local data for @babel/plugin-bugfix-safari-class-field-initializer-scope@https://registry.npmjs.org/@babel/plugin-bugfix-safari-class-field-initializer-scope/-/plugin-bugfix-safari-class-field-initializer-scope-7.27.1.tgz. Extracting by manifest.
4929 silly tarball no local data for @babel/plugin-transform-duplicate-named-capturing-groups-regex@https://registry.npmjs.org/@babel/plugin-transform-duplicate-named-capturing-groups-regex/-/plugin-transform-duplicate-named-capturing-groups-regex-7.29.0.tgz. Extracting by manifest.
4930 silly tarball no local data for babel-plugin-polyfill-corejs3@https://registry.npmjs.org/babel-plugin-polyfill-corejs3/-/babel-plugin-polyfill-corejs3-0.13.0.tgz. Extracting by manifest.
4931 silly tarball no local data for @babel/plugin-bugfix-firefox-class-in-computed-class-key@https://registry.npmjs.org/@babel/plugin-bugfix-firefox-class-in-computed-class-key/-/plugin-bugfix-firefox-class-in-computed-class-key-7.28.5.tgz. Extracting by manifest.
4932 silly tarball no local data for babel-plugin-polyfill-regenerator@https://registry.npmjs.org/babel-plugin-polyfill-regenerator/-/babel-plugin-polyfill-regenerator-0.6.8.tgz. Extracting by manifest.
4933 silly tarball no local data for @babel/plugin-transform-parameters@https://registry.npmjs.org/@babel/plugin-transform-parameters/-/plugin-transform-parameters-7.27.7.tgz. Extracting by manifest.
4934 silly tarball no local data for lru-cache@https://registry.npmjs.org/lru-cache/-/lru-cache-5.1.1.tgz. Extracting by manifest.
4935 silly tarball no local data for babel-plugin-polyfill-corejs2@https://registry.npmjs.org/babel-plugin-polyfill-corejs2/-/babel-plugin-polyfill-corejs2-0.4.17.tgz. Extracting by manifest.
4936 silly tarball no local data for @babel/plugin-syntax-object-rest-spread@https://registry.npmjs.org/@babel/plugin-syntax-object-rest-spread/-/plugin-syntax-object-rest-spread-7.8.3.tgz. Extracting by manifest.
4937 silly tarball no local data for @babel/helper-plugin-utils@https://registry.npmjs.org/@babel/helper-plugin-utils/-/helper-plugin-utils-7.28.6.tgz. Extracting by manifest.
4938 silly tarball no local data for @babel/helper-module-imports@https://registry.npmjs.org/@babel/helper-module-imports/-/helper-module-imports-7.28.6.tgz. Extracting by manifest.
4939 silly tarball no local data for @babel/helper-validator-option@https://registry.npmjs.org/@babel/helper-validator-option/-/helper-validator-option-7.27.1.tgz. Extracting by manifest.
4940 silly tarball no local data for jsesc@https://registry.npmjs.org/jsesc/-/jsesc-3.1.0.tgz. Extracting by manifest.
4941 silly tarball no local data for @babel/compat-data@https://registry.npmjs.org/@babel/compat-data/-/compat-data-7.29.0.tgz. Extracting by manifest.
4942 silly tarball no local data for @babel/helper-validator-identifier@https://registry.npmjs.org/@babel/helper-validator-identifier/-/helper-validator-identifier-7.28.5.tgz. Extracting by manifest.
4943 silly tarball no local data for @jridgewell/trace-mapping@https://registry.npmjs.org/@jridgewell/trace-mapping/-/trace-mapping-0.3.31.tgz. Extracting by manifest.
4944 silly tarball no local data for js-tokens@https://registry.npmjs.org/js-tokens/-/js-tokens-4.0.0.tgz. Extracting by manifest.
4945 silly tarball no local data for @jridgewell/gen-mapping@https://registry.npmjs.org/@jridgewell/gen-mapping/-/gen-mapping-0.3.13.tgz. Extracting by manifest.
4946 silly tarball no local data for json5@https://registry.npmjs.org/json5/-/json5-2.2.3.tgz. Extracting by manifest.
4947 silly tarball no local data for gensync@https://registry.npmjs.org/gensync/-/gensync-1.0.0-beta.2.tgz. Extracting by manifest.
4948 silly tarball no local data for @jridgewell/remapping@https://registry.npmjs.org/@jridgewell/remapping/-/remapping-2.3.5.tgz. Extracting by manifest.
4949 silly tarball no local data for debug@https://registry.npmjs.org/debug/-/debug-4.4.3.tgz. Extracting by manifest.
4950 silly tarball no local data for @babel/types@https://registry.npmjs.org/@babel/types/-/types-7.29.0.tgz. Extracting by manifest.
4951 silly tarball no local data for convert-source-map@https://registry.npmjs.org/convert-source-map/-/convert-source-map-2.0.0.tgz. Extracting by manifest.
4952 silly tarball no local data for @babel/traverse@https://registry.npmjs.org/@babel/traverse/-/traverse-7.29.0.tgz. Extracting by manifest.
4953 silly tarball no local data for @babel/parser@https://registry.npmjs.org/@babel/parser/-/parser-7.29.2.tgz. Extracting by manifest.
4954 silly tarball no local data for @babel/template@https://registry.npmjs.org/@babel/template/-/template-7.28.6.tgz. Extracting by manifest.
4955 silly tarball no local data for @babel/helpers@https://registry.npmjs.org/@babel/helpers/-/helpers-7.29.2.tgz. Extracting by manifest.
4956 silly tarball no local data for @babel/helper-module-transforms@https://registry.npmjs.org/@babel/helper-module-transforms/-/helper-module-transforms-7.28.6.tgz. Extracting by manifest.
4957 silly tarball no local data for @babel/helper-compilation-targets@https://registry.npmjs.org/@babel/helper-compilation-targets/-/helper-compilation-targets-7.28.6.tgz. Extracting by manifest.
4958 silly tarball no local data for yargs@https://registry.npmjs.org/yargs/-/yargs-17.7.2.tgz. Extracting by manifest.
4959 silly tarball no local data for @babel/code-frame@https://registry.npmjs.org/@babel/code-frame/-/code-frame-7.29.0.tgz. Extracting by manifest.
4960 silly tarball no local data for @babel/generator@https://registry.npmjs.org/@babel/generator/-/generator-7.29.1.tgz. Extracting by manifest.
4961 silly tarball no local data for webpack-notifier@https://registry.npmjs.org/webpack-notifier/-/webpack-notifier-1.15.0.tgz. Extracting by manifest.
4962 silly tarball no local data for webpack-merge@https://registry.npmjs.org/webpack-merge/-/webpack-merge-5.10.0.tgz. Extracting by manifest.
4963 silly tarball no local data for webpackbar@https://registry.npmjs.org/webpackbar/-/webpackbar-5.0.2.tgz. Extracting by manifest.
4964 silly tarball no local data for webpack-dev-server@https://registry.npmjs.org/webpack-dev-server/-/webpack-dev-server-4.15.2.tgz. Extracting by manifest.
4965 silly tarball no local data for webpack-cli@https://registry.npmjs.org/webpack-cli/-/webpack-cli-4.10.0.tgz. Extracting by manifest.
4966 silly tarball no local data for terser-webpack-plugin@https://registry.npmjs.org/terser-webpack-plugin/-/terser-webpack-plugin-5.4.0.tgz. Extracting by manifest.
4967 silly tarball no local data for terser@https://registry.npmjs.org/terser/-/terser-5.46.1.tgz. Extracting by manifest.
4968 silly tarball no local data for vue-style-loader@https://registry.npmjs.org/vue-style-loader/-/vue-style-loader-4.1.3.tgz. Extracting by manifest.
4969 silly tarball no local data for style-loader@https://registry.npmjs.org/style-loader/-/style-loader-2.0.0.tgz. Extracting by manifest.
4970 silly tarball no local data for semver@https://registry.npmjs.org/semver/-/semver-7.7.4.tgz. Extracting by manifest.
4971 silly tarball no local data for postcss-loader@https://registry.npmjs.org/postcss-loader/-/postcss-loader-6.2.1.tgz. Extracting by manifest.
4972 silly tarball no local data for postcss-load-config@https://registry.npmjs.org/postcss-load-config/-/postcss-load-config-3.1.4.tgz. Extracting by manifest.
4973 silly tarball no local data for strip-ansi@https://registry.npmjs.org/strip-ansi/-/strip-ansi-6.0.1.tgz. Extracting by manifest.
4974 silly tarball no local data for node-libs-browser@https://registry.npmjs.org/node-libs-browser/-/node-libs-browser-2.2.1.tgz. Extracting by manifest.
4975 silly tarball no local data for md5@https://registry.npmjs.org/md5/-/md5-2.3.0.tgz. Extracting by manifest.
4976 silly tarball no local data for mini-css-extract-plugin@https://registry.npmjs.org/mini-css-extract-plugin/-/mini-css-extract-plugin-1.6.2.tgz. Extracting by manifest.
4977 silly tarball no local data for img-loader@https://registry.npmjs.org/img-loader/-/img-loader-4.0.0.tgz. Extracting by manifest.
4978 silly tarball no local data for imagemin@https://registry.npmjs.org/imagemin/-/imagemin-7.0.1.tgz. Extracting by manifest.
4979 silly tarball no local data for html-loader@https://registry.npmjs.org/html-loader/-/html-loader-1.3.2.tgz. Extracting by manifest.
4980 silly tarball no local data for fs-extra@https://registry.npmjs.org/fs-extra/-/fs-extra-10.1.0.tgz. Extracting by manifest.
4981 silly tarball no local data for glob@https://registry.npmjs.org/glob/-/glob-7.2.3.tgz. Extracting by manifest.
4982 silly tarball no local data for dotenv@https://registry.npmjs.org/dotenv/-/dotenv-10.0.0.tgz. Extracting by manifest.
4983 silly tarball no local data for dotenv-expand@https://registry.npmjs.org/dotenv-expand/-/dotenv-expand-5.1.0.tgz. Extracting by manifest.
4984 silly tarball no local data for file-loader@https://registry.npmjs.org/file-loader/-/file-loader-6.2.0.tgz. Extracting by manifest.
4985 silly tarball no local data for cssnano@https://registry.npmjs.org/cssnano/-/cssnano-5.1.15.tgz. Extracting by manifest.
4986 silly tarball no local data for css-loader@https://registry.npmjs.org/css-loader/-/css-loader-5.2.7.tgz. Extracting by manifest.
4987 silly tarball no local data for concat@https://registry.npmjs.org/concat/-/concat-1.0.3.tgz. Extracting by manifest.
4988 silly tarball no local data for commander@https://registry.npmjs.org/commander/-/commander-7.2.0.tgz. Extracting by manifest.
4989 silly tarball no local data for collect.js@https://registry.npmjs.org/collect.js/-/collect.js-4.36.1.tgz. Extracting by manifest.
4990 silly tarball no local data for cli-table3@https://registry.npmjs.org/cli-table3/-/cli-table3-0.6.5.tgz. Extracting by manifest.
4991 silly tarball no local data for chalk@https://registry.npmjs.org/chalk/-/chalk-4.1.2.tgz. Extracting by manifest.
4992 silly tarball no local data for chokidar@https://registry.npmjs.org/chokidar/-/chokidar-3.6.0.tgz. Extracting by manifest.
4993 silly tarball no local data for clean-css@https://registry.npmjs.org/clean-css/-/clean-css-5.3.3.tgz. Extracting by manifest.
4994 silly tarball no local data for @types/imagemin-svgo@https://registry.npmjs.org/@types/imagemin-svgo/-/imagemin-svgo-8.0.1.tgz. Extracting by manifest.
4995 silly tarball no local data for babel-loader@https://registry.npmjs.org/babel-loader/-/babel-loader-8.4.1.tgz. Extracting by manifest.
4996 silly tarball no local data for webpack@https://registry.npmjs.org/webpack/-/webpack-5.105.4.tgz. Extracting by manifest.
4997 silly tarball no local data for @types/imagemin-optipng@https://registry.npmjs.org/@types/imagemin-optipng/-/imagemin-optipng-5.2.4.tgz. Extracting by manifest.
4998 silly tarball no local data for @types/imagemin-mozjpeg@https://registry.npmjs.org/@types/imagemin-mozjpeg/-/imagemin-mozjpeg-8.0.4.tgz. Extracting by manifest.
4999 silly tarball no local data for @types/imagemin-gifsicle@https://registry.npmjs.org/@types/imagemin-gifsicle/-/imagemin-gifsicle-7.0.4.tgz. Extracting by manifest.
5000 silly tarball no local data for @babel/runtime@https://registry.npmjs.org/@babel/runtime/-/runtime-7.29.2.tgz. Extracting by manifest.
5001 silly tarball no local data for @types/clean-css@https://registry.npmjs.org/@types/clean-css/-/clean-css-4.2.11.tgz. Extracting by manifest.
5002 silly tarball no local data for @types/babel__core@https://registry.npmjs.org/@types/babel__core/-/babel__core-7.20.5.tgz. Extracting by manifest.
5003 silly tarball no local data for @babel/preset-env@https://registry.npmjs.org/@babel/preset-env/-/preset-env-7.29.2.tgz. Extracting by manifest.
5004 silly tarball no local data for @babel/plugin-syntax-dynamic-import@https://registry.npmjs.org/@babel/plugin-syntax-dynamic-import/-/plugin-syntax-dynamic-import-7.8.3.tgz. Extracting by manifest.
5005 silly tarball no local data for @babel/plugin-transform-runtime@https://registry.npmjs.org/@babel/plugin-transform-runtime/-/plugin-transform-runtime-7.29.0.tgz. Extracting by manifest.
5006 silly tarball no local data for @babel/plugin-proposal-object-rest-spread@https://registry.npmjs.org/@babel/plugin-proposal-object-rest-spread/-/plugin-proposal-object-rest-spread-7.20.7.tgz. Extracting by manifest.
5007 silly tarball no local data for update-browserslist-db@https://registry.npmjs.org/update-browserslist-db/-/update-browserslist-db-1.2.3.tgz. Extracting by manifest.
5008 silly tarball no local data for node-releases@https://registry.npmjs.org/node-releases/-/node-releases-2.0.36.tgz. Extracting by manifest.
5009 silly tarball no local data for @babel/core@https://registry.npmjs.org/@babel/core/-/core-7.29.0.tgz. Extracting by manifest.
5010 silly tarball no local data for electron-to-chromium@https://registry.npmjs.org/electron-to-chromium/-/electron-to-chromium-1.5.328.tgz. Extracting by manifest.
5011 silly tarball no local data for baseline-browser-mapping@https://registry.npmjs.org/baseline-browser-mapping/-/baseline-browser-mapping-2.10.12.tgz. Extracting by manifest.
5012 silly tarball no local data for follow-redirects@https://registry.npmjs.org/follow-redirects/-/follow-redirects-1.15.11.tgz. Extracting by manifest.
5013 silly tarball no local data for picocolors@https://registry.npmjs.org/picocolors/-/picocolors-1.1.1.tgz. Extracting by manifest.
5014 silly tarball no local data for postcss-value-parser@https://registry.npmjs.org/postcss-value-parser/-/postcss-value-parser-4.2.0.tgz. Extracting by manifest.
5015 silly tarball no local data for @vue/shared@https://registry.npmjs.org/@vue/shared/-/shared-3.1.5.tgz. Extracting by manifest.
5016 silly tarball no local data for fraction.js@https://registry.npmjs.org/fraction.js/-/fraction.js-5.3.4.tgz. Extracting by manifest.
5017 silly tarball no local data for caniuse-lite@https://registry.npmjs.org/caniuse-lite/-/caniuse-lite-1.0.30001782.tgz. Extracting by manifest.
5018 silly tarball no local data for @vue/reactivity@https://registry.npmjs.org/@vue/reactivity/-/reactivity-3.1.5.tgz. Extracting by manifest.
5019 silly tarball no local data for browserslist@https://registry.npmjs.org/browserslist/-/browserslist-4.28.1.tgz. Extracting by manifest.
5020 silly tarball no local data for lodash@https://registry.npmjs.org/lodash/-/lodash-4.17.23.tgz. Extracting by manifest.
5021 silly tarball no local data for mini-svg-data-uri@https://registry.npmjs.org/mini-svg-data-uri/-/mini-svg-data-uri-1.4.4.tgz. Extracting by manifest.
5022 silly tarball no local data for laravel-mix@https://registry.npmjs.org/laravel-mix/-/laravel-mix-6.0.49.tgz. Extracting by manifest.
5023 silly tarball no local data for axios@https://registry.npmjs.org/axios/-/axios-0.21.4.tgz. Extracting by manifest.
5024 silly tarball no local data for @tailwindcss/forms@https://registry.npmjs.org/@tailwindcss/forms/-/forms-0.5.11.tgz. Extracting by manifest.
5025 silly tarball no local data for postcss@https://registry.npmjs.org/postcss/-/postcss-8.5.8.tgz. Extracting by manifest.
5026 silly tarball no local data for autoprefixer@https://registry.npmjs.org/autoprefixer/-/autoprefixer-10.4.27.tgz. Extracting by manifest.
5027 silly tarball no local data for alpinejs@https://registry.npmjs.org/alpinejs/-/alpinejs-3.15.9.tgz. Extracting by manifest.
5028 silly tarball no local data for json-schema-traverse@https://registry.npmjs.org/json-schema-traverse/-/json-schema-traverse-1.0.0.tgz. Extracting by manifest.
5029 silly tarball no local data for debug@https://registry.npmjs.org/debug/-/debug-2.6.9.tgz. Extracting by manifest.
5030 silly tarball no local data for ipaddr.js@https://registry.npmjs.org/ipaddr.js/-/ipaddr.js-1.9.1.tgz. Extracting by manifest.
5031 silly tarball no local data for ms@https://registry.npmjs.org/ms/-/ms-2.0.0.tgz. Extracting by manifest.
5032 silly tarball no local data for tailwindcss@https://registry.npmjs.org/tailwindcss/-/tailwindcss-3.4.19.tgz. Extracting by manifest.
5033 silly tarball no local data for readable-stream@https://registry.npmjs.org/readable-stream/-/readable-stream-3.6.2.tgz. Extracting by manifest.
5034 silly tarball no local data for ajv@https://registry.npmjs.org/ajv/-/ajv-8.18.0.tgz. Extracting by manifest.
5035 silly tarball no local data for debug@https://registry.npmjs.org/debug/-/debug-2.6.9.tgz. Extracting by manifest.
5036 silly tarball no local data for negotiator@https://registry.npmjs.org/negotiator/-/negotiator-0.6.3.tgz. Extracting by manifest.
5037 silly tarball no local data for ms@https://registry.npmjs.org/ms/-/ms-2.0.0.tgz. Extracting by manifest.
5038 silly tarball no local data for ms@https://registry.npmjs.org/ms/-/ms-2.0.0.tgz. Extracting by manifest.
5039 silly tarball no local data for json-schema-traverse@https://registry.npmjs.org/json-schema-traverse/-/json-schema-traverse-1.0.0.tgz. Extracting by manifest.
5040 silly tarball no local data for qs@https://registry.npmjs.org/qs/-/qs-6.14.2.tgz. Extracting by manifest.
5041 silly tarball no local data for ajv-keywords@https://registry.npmjs.org/ajv-keywords/-/ajv-keywords-5.1.0.tgz. Extracting by manifest.
5042 silly tarball no local data for debug@https://registry.npmjs.org/debug/-/debug-2.6.9.tgz. Extracting by manifest.
5043 silly tarball no local data for statuses@https://registry.npmjs.org/statuses/-/statuses-1.5.0.tgz. Extracting by manifest.
5044 silly tarball no local data for depd@https://registry.npmjs.org/depd/-/depd-1.1.2.tgz. Extracting by manifest.
5045 silly tarball no local data for ms@https://registry.npmjs.org/ms/-/ms-2.0.0.tgz. Extracting by manifest.
5046 silly tarball no local data for debug@https://registry.npmjs.org/debug/-/debug-2.6.9.tgz. Extracting by manifest.
5047 silly tarball no local data for http-errors@https://registry.npmjs.org/http-errors/-/http-errors-1.8.1.tgz. Extracting by manifest.
5048 silly tarball no local data for qs@https://registry.npmjs.org/qs/-/qs-6.14.2.tgz. Extracting by manifest.
5049 silly tarball no local data for schema-utils@https://registry.npmjs.org/schema-utils/-/schema-utils-4.3.3.tgz. Extracting by manifest.
5050 silly tarball no local data for ajv@https://registry.npmjs.org/ajv/-/ajv-8.18.0.tgz. Extracting by manifest.
5051 silly tarball no local data for ms@https://registry.npmjs.org/ms/-/ms-2.0.0.tgz. Extracting by manifest.
5052 silly tarball no local data for debug@https://registry.npmjs.org/debug/-/debug-2.6.9.tgz. Extracting by manifest.
5053 silly tarball no local data for debug@https://registry.npmjs.org/debug/-/debug-2.6.9.tgz. Extracting by manifest.
5054 silly tarball no local data for resolve-from@https://registry.npmjs.org/resolve-from/-/resolve-from-5.0.0.tgz. Extracting by manifest.
5055 silly tarball no local data for picomatch@https://registry.npmjs.org/picomatch/-/picomatch-4.0.4.tgz. Extracting by manifest.
5056 silly tarball no local data for ms@https://registry.npmjs.org/ms/-/ms-2.0.0.tgz. Extracting by manifest.
5057 silly tarball no local data for supports-color@https://registry.npmjs.org/supports-color/-/supports-color-8.1.1.tgz. Extracting by manifest.
5058 silly tarball no local data for estraverse@https://registry.npmjs.org/estraverse/-/estraverse-5.3.0.tgz. Extracting by manifest.
5059 silly tarball no local data for domhandler@https://registry.npmjs.org/domhandler/-/domhandler-4.3.1.tgz. Extracting by manifest.
5060 silly tarball no local data for @types/express-serve-static-core@https://registry.npmjs.org/@types/express-serve-static-core/-/express-serve-static-core-4.19.8.tgz. Extracting by manifest.
5061 silly tarball no local data for punycode@https://registry.npmjs.org/punycode/-/punycode-2.3.1.tgz. Extracting by manifest.
5062 silly tarball no local data for commander@https://registry.npmjs.org/commander/-/commander-4.1.1.tgz. Extracting by manifest.
5063 silly tarball no local data for bn.js@https://registry.npmjs.org/bn.js/-/bn.js-4.12.3.tgz. Extracting by manifest.
5064 silly tarball no local data for bn.js@https://registry.npmjs.org/bn.js/-/bn.js-4.12.3.tgz. Extracting by manifest.
5065 silly tarball no local data for fdir@https://registry.npmjs.org/fdir/-/fdir-6.5.0.tgz. Extracting by manifest.
5066 silly tarball no local data for hash-base@https://registry.npmjs.org/hash-base/-/hash-base-3.1.2.tgz. Extracting by manifest.
5067 silly tarball no local data for isarray@https://registry.npmjs.org/isarray/-/isarray-2.0.5.tgz. Extracting by manifest.
5068 silly tarball no local data for bn.js@https://registry.npmjs.org/bn.js/-/bn.js-4.12.3.tgz. Extracting by manifest.
5069 silly tarball no local data for bn.js@https://registry.npmjs.org/bn.js/-/bn.js-4.12.3.tgz. Extracting by manifest.
5070 silly tarball no local data for bn.js@https://registry.npmjs.org/bn.js/-/bn.js-4.12.3.tgz. Extracting by manifest.
5071 silly tarball no local data for inherits@https://registry.npmjs.org/inherits/-/inherits-2.0.3.tgz. Extracting by manifest.
5072 silly tarball no local data for bn.js@https://registry.npmjs.org/bn.js/-/bn.js-4.12.3.tgz. Extracting by manifest.
5073 silly tarball no local data for @types/send@https://registry.npmjs.org/@types/send/-/send-0.17.6.tgz. Extracting by manifest.
5074 silly tarball no local data for safe-buffer@https://registry.npmjs.org/safe-buffer/-/safe-buffer-5.1.2.tgz. Extracting by manifest.
5075 silly tarball no local data for domhandler@https://registry.npmjs.org/domhandler/-/domhandler-4.3.1.tgz. Extracting by manifest.
5076 silly tarball no local data for string_decoder@https://registry.npmjs.org/string_decoder/-/string_decoder-1.1.1.tgz. Extracting by manifest.
5077 silly tarball no local data for inherits@https://registry.npmjs.org/inherits/-/inherits-2.0.3.tgz. Extracting by manifest.
5078 silly tarball no local data for domhandler@https://registry.npmjs.org/domhandler/-/domhandler-4.3.1.tgz. Extracting by manifest.
5079 silly tarball no local data for util@https://registry.npmjs.org/util/-/util-0.10.4.tgz. Extracting by manifest.
5080 silly tarball no local data for terser@https://registry.npmjs.org/terser/-/terser-4.8.1.tgz. Extracting by manifest.
5081 silly tarball no local data for commander@https://registry.npmjs.org/commander/-/commander-2.20.3.tgz. Extracting by manifest.
5082 silly tarball no local data for postcss-selector-parser@https://registry.npmjs.org/postcss-selector-parser/-/postcss-selector-parser-7.1.1.tgz. Extracting by manifest.
5083 silly tarball no local data for postcss-selector-parser@https://registry.npmjs.org/postcss-selector-parser/-/postcss-selector-parser-7.1.1.tgz. Extracting by manifest.
5084 silly tarball no local data for clean-css@https://registry.npmjs.org/clean-css/-/clean-css-4.2.4.tgz. Extracting by manifest.
5085 silly tarball no local data for commander@https://registry.npmjs.org/commander/-/commander-4.1.1.tgz. Extracting by manifest.
5086 silly tarball no local data for semver@https://registry.npmjs.org/semver/-/semver-6.3.1.tgz. Extracting by manifest.
5087 silly tarball no local data for semver@https://registry.npmjs.org/semver/-/semver-6.3.1.tgz. Extracting by manifest.
5088 silly tarball no local data for semver@https://registry.npmjs.org/semver/-/semver-6.3.1.tgz. Extracting by manifest.
5089 silly tarball no local data for semver@https://registry.npmjs.org/semver/-/semver-6.3.1.tgz. Extracting by manifest.
5090 silly tarball no local data for ajv@https://registry.npmjs.org/ajv/-/ajv-8.18.0.tgz. Extracting by manifest.
5091 silly tarball no local data for semver@https://registry.npmjs.org/semver/-/semver-6.3.1.tgz. Extracting by manifest.
5092 silly tarball no local data for json-schema-traverse@https://registry.npmjs.org/json-schema-traverse/-/json-schema-traverse-1.0.0.tgz. Extracting by manifest.
5093 silly tarball no local data for ajv-keywords@https://registry.npmjs.org/ajv-keywords/-/ajv-keywords-5.1.0.tgz. Extracting by manifest.
5094 silly tarball no local data for json5@https://registry.npmjs.org/json5/-/json5-1.0.2.tgz. Extracting by manifest.
5095 silly tarball no local data for ajv@https://registry.npmjs.org/ajv/-/ajv-8.18.0.tgz. Extracting by manifest.
5096 silly tarball no local data for loader-utils@https://registry.npmjs.org/loader-utils/-/loader-utils-1.4.2.tgz. Extracting by manifest.
5097 silly tarball no local data for commander@https://registry.npmjs.org/commander/-/commander-2.20.3.tgz. Extracting by manifest.
5098 silly tarball no local data for ajv-keywords@https://registry.npmjs.org/ajv-keywords/-/ajv-keywords-5.1.0.tgz. Extracting by manifest.
5099 silly tarball no local data for schema-utils@https://registry.npmjs.org/schema-utils/-/schema-utils-3.3.0.tgz. Extracting by manifest.
5100 silly tarball no local data for schema-utils@https://registry.npmjs.org/schema-utils/-/schema-utils-4.3.3.tgz. Extracting by manifest.
5101 silly tarball no local data for schema-utils@https://registry.npmjs.org/schema-utils/-/schema-utils-4.3.3.tgz. Extracting by manifest.
5102 silly tarball no local data for schema-utils@https://registry.npmjs.org/schema-utils/-/schema-utils-3.3.0.tgz. Extracting by manifest.
5103 silly tarball no local data for json-schema-traverse@https://registry.npmjs.org/json-schema-traverse/-/json-schema-traverse-1.0.0.tgz. Extracting by manifest.
5104 silly tarball no local data for schema-utils@https://registry.npmjs.org/schema-utils/-/schema-utils-3.3.0.tgz. Extracting by manifest.
5105 silly tarball no local data for schema-utils@https://registry.npmjs.org/schema-utils/-/schema-utils-3.3.0.tgz. Extracting by manifest.
5106 silly tarball no local data for json5@https://registry.npmjs.org/json5/-/json5-1.0.2.tgz. Extracting by manifest.
5107 silly tarball no local data for commander@https://registry.npmjs.org/commander/-/commander-2.20.3.tgz. Extracting by manifest.
5108 silly tarball no local data for ajv-keywords@https://registry.npmjs.org/ajv-keywords/-/ajv-keywords-5.1.0.tgz. Extracting by manifest.
5109 silly tarball no local data for webpack-sources@https://registry.npmjs.org/webpack-sources/-/webpack-sources-3.3.4.tgz. Extracting by manifest.
5110 silly tarball no local data for semver@https://registry.npmjs.org/semver/-/semver-6.3.1.tgz. Extracting by manifest.
5111 silly tarball no local data for schema-utils@https://registry.npmjs.org/schema-utils/-/schema-utils-4.3.3.tgz. Extracting by manifest.
5112 silly tarball no local data for json-schema-traverse@https://registry.npmjs.org/json-schema-traverse/-/json-schema-traverse-1.0.0.tgz. Extracting by manifest.
5113 silly tarball no local data for yaml@https://registry.npmjs.org/yaml/-/yaml-2.8.3.tgz. Extracting by manifest.
5114 silly tarball no local data for lilconfig@https://registry.npmjs.org/lilconfig/-/lilconfig-3.1.3.tgz. Extracting by manifest.
5115 silly tarball no local data for postcss-load-config@https://registry.npmjs.org/postcss-load-config/-/postcss-load-config-6.0.1.tgz. Extracting by manifest.
5116 silly tarball no local data for glob-parent@https://registry.npmjs.org/glob-parent/-/glob-parent-6.0.2.tgz. Extracting by manifest.
5117 silly tarball no local data for ajv@https://registry.npmjs.org/ajv/-/ajv-8.18.0.tgz. Extracting by manifest.
5118 silly tarball no local data for babel-plugin-polyfill-corejs3@https://registry.npmjs.org/babel-plugin-polyfill-corejs3/-/babel-plugin-polyfill-corejs3-0.14.2.tgz. Extracting by manifest.
5119 silly tarball no local data for semver@https://registry.npmjs.org/semver/-/semver-6.3.1.tgz. Extracting by manifest.
5120 silly tarball no local data for schema-utils@https://registry.npmjs.org/schema-utils/-/schema-utils-3.3.0.tgz. Extracting by manifest.
5121 silly tarball no local data for loader-utils@https://registry.npmjs.org/loader-utils/-/loader-utils-1.4.2.tgz. Extracting by manifest.
5122 silly tarball no local data for semver@https://registry.npmjs.org/semver/-/semver-6.3.1.tgz. Extracting by manifest.
5123 http fetch GET 200 https://registry.npmjs.org/require-from-string/-/require-from-string-2.0.2.tgz 3409ms (cache miss)
5124 http fetch GET 200 https://registry.npmjs.org/require-directory/-/require-directory-2.1.1.tgz 3396ms (cache miss)
5125 http fetch GET 200 https://registry.npmjs.org/wrap-ansi/-/wrap-ansi-7.0.0.tgz 3408ms (cache miss)
5126 http fetch GET 200 https://registry.npmjs.org/@types/mime/-/mime-1.3.5.tgz 3413ms (cache miss)
5127 http fetch GET 200 https://registry.npmjs.org/is-callable/-/is-callable-1.2.7.tgz 3404ms (cache miss)
5128 http fetch GET 200 https://registry.npmjs.org/cliui/-/cliui-8.0.1.tgz 3401ms (cache miss)
5129 http fetch GET 200 https://registry.npmjs.org/available-typed-arrays/-/available-typed-arrays-1.0.7.tgz 3399ms (cache miss)
5130 http fetch GET 200 https://registry.npmjs.org/possible-typed-array-names/-/possible-typed-array-names-1.1.0.tgz 3405ms (cache miss)
5131 http fetch GET 200 https://registry.npmjs.org/has-tostringtag/-/has-tostringtag-1.0.2.tgz 3407ms (cache miss)
5132 http fetch GET 200 https://registry.npmjs.org/get-caller-file/-/get-caller-file-2.0.5.tgz 3418ms (cache miss)
5133 http fetch GET 200 https://registry.npmjs.org/for-each/-/for-each-0.3.5.tgz 3545ms (cache miss)
5134 http fetch GET 200 https://registry.npmjs.org/pretty-time/-/pretty-time-1.1.0.tgz 3539ms (cache miss)
5135 http fetch GET 200 https://registry.npmjs.org/http-parser-js/-/http-parser-js-0.5.10.tgz 3536ms (cache miss)
5136 http fetch GET 200 https://registry.npmjs.org/shellwords/-/shellwords-0.1.1.tgz 3534ms (cache miss)
5137 http fetch GET 200 https://registry.npmjs.org/isobject/-/isobject-3.0.1.tgz 3533ms (cache miss)
5138 http fetch GET 200 https://registry.npmjs.org/y18n/-/y18n-5.0.8.tgz 3741ms (cache miss)
5139 http fetch GET 200 https://registry.npmjs.org/kind-of/-/kind-of-6.0.3.tgz 3717ms (cache miss)
5140 http fetch GET 200 https://registry.npmjs.org/is-plain-object/-/is-plain-object-2.0.4.tgz 3707ms (cache miss)
5141 http fetch GET 200 https://registry.npmjs.org/shallow-clone/-/shallow-clone-3.0.1.tgz 3718ms (cache miss)
5142 http fetch GET 200 https://registry.npmjs.org/wildcard/-/wildcard-2.0.1.tgz 3711ms (cache miss)
5143 http fetch GET 200 https://registry.npmjs.org/wbuf/-/wbuf-1.7.3.tgz 3703ms (cache miss)
5144 http fetch GET 200 https://registry.npmjs.org/fs-monkey/-/fs-monkey-1.1.0.tgz 3709ms (cache miss)
5145 http fetch GET 200 https://registry.npmjs.org/isexe/-/isexe-2.0.0.tgz 3841ms (cache miss)
5146 http fetch GET 200 https://registry.npmjs.org/media-typer/-/media-typer-0.3.0.tgz 3803ms (cache miss)
5147 http fetch GET 200 https://registry.npmjs.org/detect-node/-/detect-node-2.1.0.tgz 3800ms (cache miss)
5148 http fetch GET 200 https://registry.npmjs.org/obuf/-/obuf-1.1.2.tgz 3806ms (cache miss)
5149 http fetch GET 200 https://registry.npmjs.org/handle-thing/-/handle-thing-2.0.1.tgz 3798ms (cache miss)
5150 http fetch GET 200 https://registry.npmjs.org/clone-deep/-/clone-deep-4.0.1.tgz 3891ms (cache miss)
5151 http fetch GET 200 https://registry.npmjs.org/mime/-/mime-1.6.0.tgz 3869ms (cache miss)
5152 http fetch GET 200 https://registry.npmjs.org/@types/retry/-/retry-0.12.0.tgz 3874ms (cache miss)
5153 http fetch GET 200 https://registry.npmjs.org/forwarded/-/forwarded-0.2.0.tgz 3872ms (cache miss)
5154 http fetch GET 200 https://registry.npmjs.org/@types/node-forge/-/node-forge-1.3.14.tgz 3878ms (cache miss)
5155 http fetch GET 200 https://registry.npmjs.org/is-wsl/-/is-wsl-2.2.0.tgz 4053ms (cache miss)
5156 http fetch GET 200 https://registry.npmjs.org/batch/-/batch-0.6.1.tgz 4051ms (cache miss)
5157 http fetch GET 200 https://registry.npmjs.org/mimic-fn/-/mimic-fn-2.1.0.tgz 4055ms (cache miss)
5158 http fetch GET 200 https://registry.npmjs.org/is-docker/-/is-docker-2.2.1.tgz 4058ms (cache miss)
5159 http fetch GET 200 https://registry.npmjs.org/retry/-/retry-0.13.1.tgz 4061ms (cache miss)
5160 http fetch GET 200 https://registry.npmjs.org/define-lazy-prop/-/define-lazy-prop-2.0.0.tgz 4061ms (cache miss)
5161 http fetch GET 200 https://registry.npmjs.org/shell-quote/-/shell-quote-1.8.3.tgz 4140ms (cache miss)
5162 http fetch GET 200 https://registry.npmjs.org/@types/http-proxy/-/http-proxy-1.17.17.tgz 4136ms (cache miss)
5163 http fetch GET 200 https://registry.npmjs.org/ee-first/-/ee-first-1.1.1.tgz 4146ms (cache miss)
5164 http fetch GET 200 https://registry.npmjs.org/requires-port/-/requires-port-1.0.0.tgz 4141ms (cache miss)
5165 http fetch GET 200 https://registry.npmjs.org/thunky/-/thunky-1.1.0.tgz 4143ms (cache miss)
5166 http fetch GET 200 https://registry.npmjs.org/is-plain-obj/-/is-plain-obj-3.0.0.tgz 4242ms (cache miss)
5167 http fetch GET 200 https://registry.npmjs.org/toidentifier/-/toidentifier-1.0.1.tgz 4241ms (cache miss)
5168 http fetch GET 200 https://registry.npmjs.org/raw-body/-/raw-body-2.5.3.tgz 4239ms (cache miss)
5169 http fetch GET 200 https://registry.npmjs.org/statuses/-/statuses-2.0.2.tgz 4339ms (cache miss)
5170 http fetch GET 200 https://registry.npmjs.org/setprototypeof/-/setprototypeof-1.2.0.tgz 4338ms (cache miss)
5171 http fetch GET 200 https://registry.npmjs.org/utils-merge/-/utils-merge-1.0.1.tgz 4343ms (cache miss)
5172 http fetch GET 200 https://registry.npmjs.org/on-finished/-/on-finished-2.4.1.tgz 4330ms (cache miss)
5173 http fetch GET 200 https://registry.npmjs.org/path-to-regexp/-/path-to-regexp-0.1.13.tgz 4334ms (cache miss)
5174 http fetch GET 200 https://registry.npmjs.org/destroy/-/destroy-1.2.0.tgz 4346ms (cache miss)
5175 http fetch GET 200 https://registry.npmjs.org/range-parser/-/range-parser-1.2.1.tgz 4338ms (cache miss)
5176 http fetch GET 200 https://registry.npmjs.org/unpipe/-/unpipe-1.0.0.tgz 4487ms (cache miss)
5177 http fetch GET 200 https://registry.npmjs.org/send/-/send-0.19.2.tgz 4476ms (cache miss)
5178 http fetch GET 200 https://registry.npmjs.org/parseurl/-/parseurl-1.3.3.tgz 4477ms (cache miss)
5179 http fetch GET 200 https://registry.npmjs.org/methods/-/methods-1.1.2.tgz 4475ms (cache miss)
5180 http fetch GET 200 https://registry.npmjs.org/merge-descriptors/-/merge-descriptors-1.0.3.tgz 4475ms (cache miss)
5181 http fetch GET 200 https://registry.npmjs.org/fresh/-/fresh-0.5.2.tgz 4477ms (cache miss)
5182 http fetch GET 200 https://registry.npmjs.org/encodeurl/-/encodeurl-2.0.0.tgz 4571ms (cache miss)
5183 http fetch GET 200 https://registry.npmjs.org/escape-html/-/escape-html-1.0.3.tgz 4574ms (cache miss)
5184 http fetch GET 200 https://registry.npmjs.org/cookie/-/cookie-0.7.2.tgz 4569ms (cache miss)
5185 http fetch GET 200 https://registry.npmjs.org/accepts/-/accepts-1.3.8.tgz 4553ms (cache miss)
5186 http fetch GET 200 https://registry.npmjs.org/proxy-addr/-/proxy-addr-2.0.7.tgz 4610ms (cache miss)
5187 http fetch GET 200 https://registry.npmjs.org/array-flatten/-/array-flatten-1.1.1.tgz 4556ms (cache miss)
5188 http fetch GET 200 https://registry.npmjs.org/http-errors/-/http-errors-2.0.1.tgz 4622ms (cache miss)
5189 http fetch GET 200 https://registry.npmjs.org/cookie-signature/-/cookie-signature-1.0.7.tgz 4566ms (cache miss)
5190 http fetch GET 200 https://registry.npmjs.org/body-parser/-/body-parser-1.20.4.tgz 4564ms (cache miss)
5191 http fetch GET 200 https://registry.npmjs.org/finalhandler/-/finalhandler-1.3.2.tgz 4822ms (cache miss)
5192 http fetch GET 200 https://registry.npmjs.org/strip-final-newline/-/strip-final-newline-2.0.0.tgz 4762ms (cache miss)
5193 http fetch GET 200 https://registry.npmjs.org/signal-exit/-/signal-exit-3.0.7.tgz 4769ms (cache miss)
5194 http fetch GET 200 https://registry.npmjs.org/npm-run-path/-/npm-run-path-4.0.1.tgz 4766ms (cache miss)
5195 http fetch GET 200 https://registry.npmjs.org/get-stream/-/get-stream-6.0.1.tgz 4754ms (cache miss)
5196 http fetch GET 200 https://registry.npmjs.org/on-headers/-/on-headers-1.1.0.tgz 4749ms (cache miss)
5197 http fetch GET 200 https://registry.npmjs.org/is-stream/-/is-stream-2.0.1.tgz 4765ms (cache miss)
5198 http fetch GET 200 https://registry.npmjs.org/vary/-/vary-1.1.2.tgz 4754ms (cache miss)
5199 http fetch GET 200 https://registry.npmjs.org/type-is/-/type-is-1.6.18.tgz 5014ms (cache miss)
5200 http fetch GET 200 https://registry.npmjs.org/content-type/-/content-type-1.0.5.tgz 4956ms (cache miss)
5201 http fetch GET 200 https://registry.npmjs.org/human-signals/-/human-signals-2.1.0.tgz 4919ms (cache miss)
5202 http fetch GET 200 https://registry.npmjs.org/content-disposition/-/content-disposition-0.5.4.tgz 4953ms (cache miss)
5203 http fetch GET 200 https://registry.npmjs.org/multicast-dns/-/multicast-dns-7.2.5.tgz 4900ms (cache miss)
5204 http fetch GET 200 https://registry.npmjs.org/@types/range-parser/-/range-parser-1.2.7.tgz 4899ms (cache miss)
5205 http fetch GET 200 https://registry.npmjs.org/compressible/-/compressible-2.0.18.tgz 4908ms (cache miss)
5206 http fetch GET 200 https://registry.npmjs.org/@types/body-parser/-/body-parser-1.19.6.tgz 4896ms (cache miss)
5207 http fetch GET 200 https://registry.npmjs.org/@types/connect/-/connect-3.4.38.tgz 4906ms (cache miss)
5208 http fetch GET 200 https://registry.npmjs.org/onetime/-/onetime-5.1.2.tgz 5057ms (cache miss)
5209 http fetch GET 200 https://registry.npmjs.org/selfsigned/-/selfsigned-2.4.1.tgz 4992ms (cache miss)
5210 http fetch GET 200 https://registry.npmjs.org/@types/qs/-/qs-6.15.0.tgz 5001ms (cache miss)
5211 http fetch GET 200 https://registry.npmjs.org/open/-/open-8.4.2.tgz 4988ms (cache miss)
5212 http fetch GET 200 https://registry.npmjs.org/depd/-/depd-2.0.0.tgz 4997ms (cache miss)
5213 http fetch GET 200 https://registry.npmjs.org/serve-static/-/serve-static-1.16.3.tgz 5272ms (cache miss)
5214 http fetch GET 200 https://registry.npmjs.org/@leichtgewicht/ip-codec/-/ip-codec-2.0.5.tgz 5311ms (cache miss)
5215 http fetch GET 200 https://registry.npmjs.org/etag/-/etag-1.8.1.tgz 5242ms (cache miss)
5216 http fetch GET 200 https://registry.npmjs.org/@types/http-errors/-/http-errors-2.0.5.tgz 5171ms (cache miss)
5217 http fetch GET 200 https://registry.npmjs.org/connect-history-api-fallback/-/connect-history-api-fallback-2.0.0.tgz 5107ms (cache miss)
5218 http fetch GET 200 https://registry.npmjs.org/negotiator/-/negotiator-0.6.4.tgz 5115ms (cache miss)
5219 http fetch GET 200 https://registry.npmjs.org/ansi-html-community/-/ansi-html-community-0.0.8.tgz 5106ms (cache miss)
5220 http fetch GET 200 https://registry.npmjs.org/http-deceiver/-/http-deceiver-1.2.7.tgz 5476ms (cache miss)
5221 http fetch GET 200 https://registry.npmjs.org/@types/sockjs/-/sockjs-0.3.36.tgz 5240ms (cache miss)
5222 http fetch GET 200 https://registry.npmjs.org/@types/ws/-/ws-8.18.1.tgz 5241ms (cache miss)
5223 http fetch GET 200 https://registry.npmjs.org/shebang-regex/-/shebang-regex-3.0.0.tgz 5247ms (cache miss)
5224 http fetch GET 200 https://registry.npmjs.org/@types/express/-/express-4.17.25.tgz 5247ms (cache miss)
5225 http fetch GET 200 https://registry.npmjs.org/resolve-cwd/-/resolve-cwd-3.0.0.tgz 5246ms (cache miss)
5226 http fetch GET 200 https://registry.npmjs.org/@types/bonjour/-/bonjour-3.5.13.tgz 5246ms (cache miss)
5227 http fetch GET 200 https://registry.npmjs.org/@types/express-serve-static-core/-/express-serve-static-core-5.1.1.tgz 5289ms (cache miss)
5228 http fetch GET 200 https://registry.npmjs.org/flat/-/flat-5.0.2.tgz 5658ms (cache miss)
5229 http fetch GET 200 https://registry.npmjs.org/p-retry/-/p-retry-4.6.2.tgz 5422ms (cache miss)
5230 http fetch GET 200 https://registry.npmjs.org/default-gateway/-/default-gateway-6.0.3.tgz 5412ms (cache miss)
5231 http fetch GET 200 https://registry.npmjs.org/ipaddr.js/-/ipaddr.js-2.3.0.tgz 5423ms (cache miss)
5232 http fetch GET 200 https://registry.npmjs.org/which/-/which-2.0.2.tgz 5401ms (cache miss)
5233 http fetch GET 200 https://registry.npmjs.org/path-key/-/path-key-3.1.1.tgz 5387ms (cache miss)
5234 http fetch GET 200 https://registry.npmjs.org/shebang-command/-/shebang-command-2.0.0.tgz 5393ms (cache miss)
5235 http fetch GET 200 https://registry.npmjs.org/rechoir/-/rechoir-0.7.1.tgz 5391ms (cache miss)
5236 http fetch GET 200 https://registry.npmjs.org/cross-spawn/-/cross-spawn-7.0.6.tgz 5385ms (cache miss)
5237 http fetch GET 200 https://registry.npmjs.org/colorette/-/colorette-2.0.20.tgz 5383ms (cache miss)
5238 http fetch GET 200 https://registry.npmjs.org/@types/connect-history-api-fallback/-/connect-history-api-fallback-1.5.4.tgz 5399ms (cache miss)
5239 http fetch GET 200 https://registry.npmjs.org/import-local/-/import-local-3.2.0.tgz 5390ms (cache miss)
5240 http fetch GET 200 https://registry.npmjs.org/fastest-levenshtein/-/fastest-levenshtein-1.0.16.tgz 5387ms (cache miss)
5241 http fetch GET 200 https://registry.npmjs.org/bytes/-/bytes-3.1.2.tgz 5630ms (cache miss)
5242 http fetch GET 200 https://registry.npmjs.org/@types/serve-index/-/serve-index-1.9.4.tgz 5559ms (cache miss)
5243 http fetch GET 200 https://registry.npmjs.org/@webpack-cli/configtest/-/configtest-1.2.0.tgz 5527ms (cache miss)
5244 http fetch GET 200 https://registry.npmjs.org/@types/send/-/send-1.2.1.tgz 5639ms (cache miss)
5245 http fetch GET 200 https://registry.npmjs.org/@xtuc/ieee754/-/ieee754-1.2.0.tgz 5526ms (cache miss)
5246 http fetch GET 200 https://registry.npmjs.org/estraverse/-/estraverse-4.3.0.tgz 5528ms (cache miss)
5247 http fetch GET 200 https://registry.npmjs.org/@webassemblyjs/leb128/-/leb128-1.13.2.tgz 5526ms (cache miss)
5248 http fetch GET 200 https://registry.npmjs.org/@webassemblyjs/utf8/-/utf8-1.13.2.tgz 5524ms (cache miss)
5249 http fetch GET 200 https://registry.npmjs.org/std-env/-/std-env-3.10.0.tgz 6013ms (cache miss)
5250 http fetch GET 200 https://registry.npmjs.org/@webpack-cli/serve/-/serve-1.7.0.tgz 5738ms (cache miss)
5251 http fetch GET 200 https://registry.npmjs.org/@webassemblyjs/wasm-gen/-/wasm-gen-1.14.1.tgz 5726ms (cache miss)
5252 http fetch GET 200 https://registry.npmjs.org/@webassemblyjs/helper-wasm-section/-/helper-wasm-section-1.14.1.tgz 5723ms (cache miss)
5253 http fetch GET 200 https://registry.npmjs.org/@webassemblyjs/helper-api-error/-/helper-api-error-1.13.2.tgz 5721ms (cache miss)
5254 http fetch GET 200 https://registry.npmjs.org/glob-to-regexp/-/glob-to-regexp-0.4.1.tgz 6049ms (cache miss)
5255 http fetch GET 200 https://registry.npmjs.org/@webassemblyjs/floating-point-hex-parser/-/floating-point-hex-parser-1.13.2.tgz 6063ms (cache miss)
5256 http fetch GET 200 https://registry.npmjs.org/mime-types/-/mime-types-2.1.35.tgz 6053ms (cache miss)
5257 http fetch GET 200 https://registry.npmjs.org/@webassemblyjs/helper-numbers/-/helper-numbers-1.13.2.tgz 6058ms (cache miss)
5258 http fetch GET 200 https://registry.npmjs.org/safer-buffer/-/safer-buffer-2.1.2.tgz 6561ms (cache miss)
5259 http fetch GET 200 https://registry.npmjs.org/@webassemblyjs/ieee754/-/ieee754-1.13.2.tgz 6305ms (cache miss)
5260 http fetch GET 200 https://registry.npmjs.org/@webassemblyjs/helper-buffer/-/helper-buffer-1.14.1.tgz 6325ms (cache miss)
5261 http fetch GET 200 https://registry.npmjs.org/acorn-import-phases/-/acorn-import-phases-1.0.4.tgz 6289ms (cache miss)
5262 http fetch GET 200 https://registry.npmjs.org/loader-runner/-/loader-runner-4.3.1.tgz 6298ms (cache miss)
5263 http fetch GET 200 https://registry.npmjs.org/@types/serve-static/-/serve-static-1.15.10.tgz 6379ms (cache miss)
5264 http fetch GET 200 https://registry.npmjs.org/@webassemblyjs/wasm-edit/-/wasm-edit-1.14.1.tgz 6297ms (cache miss)
5265 http fetch GET 200 https://registry.npmjs.org/@webassemblyjs/wasm-opt/-/wasm-opt-1.14.1.tgz 6295ms (cache miss)
5266 http fetch GET 200 https://registry.npmjs.org/hash-sum/-/hash-sum-1.0.2.tgz 6289ms (cache miss)
5267 http fetch GET 200 https://registry.npmjs.org/@types/estree/-/estree-1.0.8.tgz 6297ms (cache miss)
5268 http fetch GET 200 https://registry.npmjs.org/rimraf/-/rimraf-3.0.2.tgz 6615ms (cache miss)
5269 http fetch GET 200 https://registry.npmjs.org/compression/-/compression-1.8.1.tgz 6595ms (cache miss)
5270 http fetch GET 200 https://registry.npmjs.org/@webpack-cli/info/-/info-1.5.0.tgz 6559ms (cache miss)
5271 http fetch GET 200 https://registry.npmjs.org/side-channel-map/-/side-channel-map-1.0.1.tgz 6505ms (cache miss)
5272 http fetch GET 200 https://registry.npmjs.org/@types/eslint-scope/-/eslint-scope-3.7.7.tgz 6517ms (cache miss)
5273 http fetch GET 200 https://registry.npmjs.org/side-channel-list/-/side-channel-list-1.0.0.tgz 6518ms (cache miss)
5274 http fetch GET 200 https://registry.npmjs.org/escalade/-/escalade-3.2.0.tgz 6515ms (cache miss)
5275 http fetch GET 200 https://registry.npmjs.org/esrecurse/-/esrecurse-4.3.0.tgz 6702ms (cache miss)
5276 http fetch GET 200 https://registry.npmjs.org/chrome-trace-event/-/chrome-trace-event-1.0.4.tgz 6665ms (cache miss)
5277 http fetch GET 200 https://registry.npmjs.org/is-number/-/is-number-7.0.0.tgz 6644ms (cache miss)
5278 http fetch GET 200 https://registry.npmjs.org/thenify/-/thenify-3.3.1.tgz 6635ms (cache miss)
5279 http fetch GET 200 https://registry.npmjs.org/thenify-all/-/thenify-all-1.6.0.tgz 6631ms (cache miss)
5280 http fetch GET 200 https://registry.npmjs.org/typed-array-buffer/-/typed-array-buffer-1.0.3.tgz 6639ms (cache miss)
5281 http fetch GET 200 https://registry.npmjs.org/merge-stream/-/merge-stream-2.0.0.tgz 6640ms (cache miss)
5282 http fetch GET 200 https://registry.npmjs.org/setimmediate/-/setimmediate-1.0.5.tgz 6650ms (cache miss)
5283 http fetch GET 200 https://registry.npmjs.org/unicode-canonical-property-names-ecmascript/-/unicode-canonical-property-names-ecmascript-2.0.1.tgz 6814ms (cache miss)
5284 http fetch GET 200 https://registry.npmjs.org/object-assign/-/object-assign-4.1.1.tgz 6794ms (cache miss)
5285 http fetch GET 200 https://registry.npmjs.org/buffer-from/-/buffer-from-1.1.2.tgz 6792ms (cache miss)
5286 http fetch GET 200 https://registry.npmjs.org/pify/-/pify-2.3.0.tgz 6787ms (cache miss)
5287 http fetch GET 200 https://registry.npmjs.org/pirates/-/pirates-4.0.7.tgz 6789ms (cache miss)
5288 http fetch GET 200 https://registry.npmjs.org/ts-interface-checker/-/ts-interface-checker-0.1.13.tgz 6792ms (cache miss)
5289 http fetch GET 200 https://registry.npmjs.org/@jridgewell/source-map/-/source-map-0.3.11.tgz 6792ms (cache miss)
5290 http fetch GET 200 https://registry.npmjs.org/any-promise/-/any-promise-1.3.0.tgz 6789ms (cache miss)
5291 http fetch GET 200 https://registry.npmjs.org/mz/-/mz-2.7.0.tgz 6786ms (cache miss)
5292 http fetch GET 200 https://registry.npmjs.org/postcss-js/-/postcss-js-4.1.0.tgz 6781ms (cache miss)
5293 http fetch GET 200 https://registry.npmjs.org/tinyglobby/-/tinyglobby-0.2.15.tgz 6784ms (cache miss)
5294 http fetch GET 200 https://registry.npmjs.org/read-cache/-/read-cache-1.0.0.tgz 6786ms (cache miss)
5295 http fetch GET 200 https://registry.npmjs.org/select-hose/-/select-hose-2.0.0.tgz 7280ms (cache miss)
5296 warn deprecated rimraf@3.0.2: Rimraf versions prior to v4 are no longer supported
5297 http fetch GET 200 https://registry.npmjs.org/unicode-property-aliases-ecmascript/-/unicode-property-aliases-ecmascript-2.2.0.tgz 6942ms (cache miss)
5298 http fetch GET 200 https://registry.npmjs.org/side-channel-weakmap/-/side-channel-weakmap-1.0.2.tgz 6897ms (cache miss)
5299 http fetch GET 200 https://registry.npmjs.org/didyoumean/-/didyoumean-1.2.2.tgz 6899ms (cache miss)
5300 http fetch GET 200 https://registry.npmjs.org/camelcase-css/-/camelcase-css-2.0.1.tgz 6894ms (cache miss)
5301 http fetch GET 200 https://registry.npmjs.org/is-typed-array/-/is-typed-array-1.1.15.tgz 6905ms (cache miss)
5302 http fetch GET 200 https://registry.npmjs.org/postcss-nested/-/postcss-nested-6.2.0.tgz 6893ms (cache miss)
5303 http fetch GET 200 https://registry.npmjs.org/dlv/-/dlv-1.1.3.tgz 6903ms (cache miss)
5304 http fetch GET 200 https://registry.npmjs.org/@alloc/quick-lru/-/quick-lru-5.2.0.tgz 6903ms (cache miss)
5305 http fetch GET 200 https://registry.npmjs.org/interpret/-/interpret-2.2.0.tgz 7131ms (cache miss)
5306 http fetch GET 200 https://registry.npmjs.org/@webassemblyjs/wast-printer/-/wast-printer-1.14.1.tgz 7117ms (cache miss)
5307 http fetch GET 200 https://registry.npmjs.org/boolbase/-/boolbase-1.0.0.tgz 7000ms (cache miss)
5308 http fetch GET 200 https://registry.npmjs.org/arg/-/arg-5.0.2.tgz 7010ms (cache miss)
5309 http fetch GET 200 https://registry.npmjs.org/stable/-/stable-0.1.8.tgz 7012ms (cache miss)
5310 http fetch GET 200 https://registry.npmjs.org/eventemitter3/-/eventemitter3-4.0.7.tgz 7516ms (cache miss)
5311 http fetch GET 200 https://registry.npmjs.org/has-flag/-/has-flag-4.0.0.tgz 7143ms (cache miss)
5312 http fetch GET 200 https://registry.npmjs.org/is-fullwidth-code-point/-/is-fullwidth-code-point-3.0.0.tgz 7140ms (cache miss)
5313 http fetch GET 200 https://registry.npmjs.org/xtend/-/xtend-4.0.2.tgz 7139ms (cache miss)
5314 http fetch GET 200 https://registry.npmjs.org/builtin-status-codes/-/builtin-status-codes-3.0.0.tgz 7137ms (cache miss)
5315 http fetch GET 200 https://registry.npmjs.org/@types/json-schema/-/json-schema-7.0.15.tgz 7133ms (cache miss)
5316 http fetch GET 200 https://registry.npmjs.org/fast-deep-equal/-/fast-deep-equal-3.1.3.tgz 7137ms (cache miss)
5317 http fetch GET 200 https://registry.npmjs.org/json-schema-traverse/-/json-schema-traverse-0.4.1.tgz 7142ms (cache miss)
5318 http fetch GET 200 https://registry.npmjs.org/to-arraybuffer/-/to-arraybuffer-1.0.1.tgz 7148ms (cache miss)
5319 http fetch GET 200 https://registry.npmjs.org/ansi-regex/-/ansi-regex-5.0.1.tgz 7155ms (cache miss)
5320 http fetch GET 200 https://registry.npmjs.org/emoji-regex/-/emoji-regex-8.0.0.tgz 7153ms (cache miss)
5321 http fetch GET 200 https://registry.npmjs.org/growly/-/growly-1.3.0.tgz 7709ms (cache miss)
5322 http fetch GET 200 https://registry.npmjs.org/supports-preserve-symlinks-flag/-/supports-preserve-symlinks-flag-1.0.0.tgz 7246ms (cache miss)
5323 http fetch GET 200 https://registry.npmjs.org/queue-microtask/-/queue-microtask-1.2.3.tgz 7241ms (cache miss)
5324 http fetch GET 200 https://registry.npmjs.org/path-parse/-/path-parse-1.0.7.tgz 7248ms (cache miss)
5325 http fetch GET 200 https://registry.npmjs.org/regjsgen/-/regjsgen-0.8.0.tgz 7245ms (cache miss)
5326 http fetch GET 200 https://registry.npmjs.org/dns-packet/-/dns-packet-5.6.1.tgz 7775ms (cache miss)
5327 http fetch GET 200 https://registry.npmjs.org/unicode-match-property-ecmascript/-/unicode-match-property-ecmascript-2.0.0.tgz 7370ms (cache miss)
5328 http fetch GET 200 https://registry.npmjs.org/process-nextick-args/-/process-nextick-args-2.0.1.tgz 7356ms (cache miss)
5329 http fetch GET 200 https://registry.npmjs.org/regenerate/-/regenerate-1.4.2.tgz 7361ms (cache miss)
5330 http fetch GET 200 https://registry.npmjs.org/util-deprecate/-/util-deprecate-1.0.2.tgz 7356ms (cache miss)
5331 http fetch GET 200 https://registry.npmjs.org/cssesc/-/cssesc-3.0.0.tgz 7354ms (cache miss)
5332 http fetch GET 200 https://registry.npmjs.org/json-parse-even-better-errors/-/json-parse-even-better-errors-2.3.1.tgz 7352ms (cache miss)
5333 http fetch GET 200 https://registry.npmjs.org/is-arrayish/-/is-arrayish-0.2.1.tgz 7350ms (cache miss)
5334 http fetch GET 200 https://registry.npmjs.org/core-util-is/-/core-util-is-1.0.3.tgz 7362ms (cache miss)
5335 http fetch GET 200 https://registry.npmjs.org/is-core-module/-/is-core-module-2.16.1.tgz 7503ms (cache miss)
5336 http fetch GET 200 https://registry.npmjs.org/callsites/-/callsites-3.1.0.tgz 7473ms (cache miss)
5337 http fetch GET 200 https://registry.npmjs.org/resolve-from/-/resolve-from-4.0.0.tgz 7472ms (cache miss)
5338 http fetch GET 200 https://registry.npmjs.org/lines-and-columns/-/lines-and-columns-1.2.4.tgz 7472ms (cache miss)
5339 http fetch GET 200 https://registry.npmjs.org/import-fresh/-/import-fresh-3.3.1.tgz 7466ms (cache miss)
5340 http fetch GET 200 https://registry.npmjs.org/parse-json/-/parse-json-5.2.0.tgz 7470ms (cache miss)
5341 http fetch GET 200 https://registry.npmjs.org/lodash.uniq/-/lodash.uniq-4.5.0.tgz 7470ms (cache miss)
5342 http fetch GET 200 https://registry.npmjs.org/parent-module/-/parent-module-1.0.1.tgz 7479ms (cache miss)
5343 http fetch GET 200 https://registry.npmjs.org/error-ex/-/error-ex-1.3.4.tgz 7484ms (cache miss)
5344 http fetch GET 200 https://registry.npmjs.org/@webassemblyjs/helper-wasm-bytecode/-/helper-wasm-bytecode-1.13.2.tgz 7784ms (cache miss)
5345 http fetch GET 200 https://registry.npmjs.org/sax/-/sax-1.6.0.tgz 7679ms (cache miss)
5346 http fetch GET 200 https://registry.npmjs.org/klona/-/klona-2.0.6.tgz 7597ms (cache miss)
5347 http fetch GET 200 https://registry.npmjs.org/lodash.memoize/-/lodash.memoize-4.1.2.tgz 7601ms (cache miss)
5348 http fetch GET 200 https://registry.npmjs.org/caniuse-api/-/caniuse-api-3.0.0.tgz 7596ms (cache miss)
5349 http fetch GET 200 https://registry.npmjs.org/p-locate/-/p-locate-4.1.0.tgz 7587ms (cache miss)
5350 http fetch GET 200 https://registry.npmjs.org/p-try/-/p-try-2.2.0.tgz 7591ms (cache miss)
5351 http fetch GET 200 https://registry.npmjs.org/nanoid/-/nanoid-3.3.11.tgz 7592ms (cache miss)
5352 http fetch GET 200 https://registry.npmjs.org/p-limit/-/p-limit-2.3.0.tgz 7590ms (cache miss)
5353 http fetch GET 200 https://registry.npmjs.org/path-exists/-/path-exists-4.0.0.tgz 7582ms (cache miss)
5354 http fetch GET 200 https://registry.npmjs.org/envinfo/-/envinfo-7.21.0.tgz 7948ms (cache miss)
5355 warn deprecated stable@0.1.8: Modern JS already guarantees Array#sort() is a stable sort, so this library is deprecated. See the compatibility table on MDN: https://developer.mozilla.org/en-US/docs/Web/JavaScript/Reference/Global_Objects/Array/sort#browser_compatibility
5356 http fetch GET 200 https://registry.npmjs.org/lower-case/-/lower-case-2.0.2.tgz 7701ms (cache miss)
5357 http fetch GET 200 https://registry.npmjs.org/asn1.js/-/asn1.js-4.10.1.tgz 7704ms (cache miss)
5358 http fetch GET 200 https://registry.npmjs.org/dot-case/-/dot-case-3.0.4.tgz 7700ms (cache miss)
5359 http fetch GET 200 https://registry.npmjs.org/hasown/-/hasown-2.0.2.tgz 7699ms (cache miss)
5360 http fetch GET 200 https://registry.npmjs.org/dunder-proto/-/dunder-proto-1.0.1.tgz 7701ms (cache miss)
5361 http fetch GET 200 https://registry.npmjs.org/find-up/-/find-up-4.1.0.tgz 7708ms (cache miss)
5362 http fetch GET 200 https://registry.npmjs.org/get-proto/-/get-proto-1.0.1.tgz 7696ms (cache miss)
5363 http fetch GET 200 https://registry.npmjs.org/math-intrinsics/-/math-intrinsics-1.1.0.tgz 7700ms (cache miss)
5364 http fetch GET 200 https://registry.npmjs.org/gopd/-/gopd-1.2.0.tgz 7699ms (cache miss)
5365 http fetch GET 200 https://registry.npmjs.org/locate-path/-/locate-path-5.0.0.tgz 7711ms (cache miss)
5366 http fetch GET 200 https://registry.npmjs.org/define-data-property/-/define-data-property-1.1.4.tgz 7700ms (cache miss)
5367 http fetch GET 200 https://registry.npmjs.org/es-errors/-/es-errors-1.3.0.tgz 7702ms (cache miss)
5368 http fetch GET 200 https://registry.npmjs.org/unicode-match-property-value-ecmascript/-/unicode-match-property-value-ecmascript-2.2.1.tgz 7897ms (cache miss)
5369 http fetch GET 200 https://registry.npmjs.org/normalize-url/-/normalize-url-6.1.0.tgz 7880ms (cache miss)
5370 http fetch GET 200 https://registry.npmjs.org/get-intrinsic/-/get-intrinsic-1.3.0.tgz 7826ms (cache miss)
5371 http fetch GET 200 https://registry.npmjs.org/es-define-property/-/es-define-property-1.0.1.tgz 7826ms (cache miss)
5372 http fetch GET 200 https://registry.npmjs.org/object-keys/-/object-keys-1.1.1.tgz 7823ms (cache miss)
5373 http fetch GET 200 https://registry.npmjs.org/set-function-length/-/set-function-length-1.2.2.tgz 7829ms (cache miss)
5374 http fetch GET 200 https://registry.npmjs.org/has-symbols/-/has-symbols-1.1.0.tgz 7830ms (cache miss)
5375 http fetch GET 200 https://registry.npmjs.org/@types/parse-json/-/parse-json-4.0.2.tgz 7829ms (cache miss)
5376 http fetch GET 200 https://registry.npmjs.org/minimalistic-crypto-utils/-/minimalistic-crypto-utils-1.0.1.tgz 7824ms (cache miss)
5377 http fetch GET 200 https://registry.npmjs.org/es-object-atoms/-/es-object-atoms-1.1.1.tgz 7831ms (cache miss)
5378 http fetch GET 200 https://registry.npmjs.org/define-properties/-/define-properties-1.2.1.tgz 7843ms (cache miss)
5379 http fetch GET 200 https://registry.npmjs.org/object-hash/-/object-hash-3.0.0.tgz 8251ms (cache miss)
5380 http fetch GET 200 https://registry.npmjs.org/hmac-drbg/-/hmac-drbg-1.0.1.tgz 8091ms (cache miss)
5381 http fetch GET 200 https://registry.npmjs.org/call-bound/-/call-bound-1.0.4.tgz 8096ms (cache miss)
5382 http fetch GET 200 https://registry.npmjs.org/minimalistic-assert/-/minimalistic-assert-1.0.1.tgz 8080ms (cache miss)
5383 http fetch GET 200 https://registry.npmjs.org/brorand/-/brorand-1.1.0.tgz 8090ms (cache miss)
5384 http fetch GET 200 https://registry.npmjs.org/miller-rabin/-/miller-rabin-4.0.1.tgz 8079ms (cache miss)
5385 http fetch GET 200 https://registry.npmjs.org/to-buffer/-/to-buffer-1.2.2.tgz 8076ms (cache miss)
5386 http fetch GET 200 https://registry.npmjs.org/md5.js/-/md5.js-1.3.5.tgz 8078ms (cache miss)
5387 http fetch GET 200 https://registry.npmjs.org/browserify-rsa/-/browserify-rsa-4.1.1.tgz 8073ms (cache miss)
5388 http fetch GET 200 https://registry.npmjs.org/source-list-map/-/source-list-map-2.0.1.tgz 8833ms (cache miss)
5389 http fetch GET 200 https://registry.npmjs.org/launch-editor/-/launch-editor-2.13.2.tgz 8575ms (cache miss)
5390 http fetch GET 200 https://registry.npmjs.org/call-bind-apply-helpers/-/call-bind-apply-helpers-1.0.2.tgz 8276ms (cache miss)
5391 http fetch GET 200 https://registry.npmjs.org/des.js/-/des.js-1.1.0.tgz 8237ms (cache miss)
5392 http fetch GET 200 https://registry.npmjs.org/buffer-xor/-/buffer-xor-1.0.3.tgz 8228ms (cache miss)
5393 http fetch GET 200 https://registry.npmjs.org/safe-buffer/-/safe-buffer-5.2.1.tgz 8236ms (cache miss)
5394 http fetch GET 200 https://registry.npmjs.org/randomfill/-/randomfill-1.0.4.tgz 8225ms (cache miss)
5395 http fetch GET 200 https://registry.npmjs.org/evp_bytestokey/-/evp_bytestokey-1.0.3.tgz 8232ms (cache miss)
5396 http fetch GET 200 https://registry.npmjs.org/pbkdf2/-/pbkdf2-3.1.5.tgz 8222ms (cache miss)
5397 http fetch GET 200 https://registry.npmjs.org/browserify-des/-/browserify-des-1.0.2.tgz 8231ms (cache miss)
5398 http fetch GET 200 https://registry.npmjs.org/public-encrypt/-/public-encrypt-4.0.3.tgz 8227ms (cache miss)
5399 http fetch GET 200 https://registry.npmjs.org/randombytes/-/randombytes-2.1.0.tgz 8230ms (cache miss)
5400 http fetch GET 200 https://registry.npmjs.org/browserify-aes/-/browserify-aes-1.2.0.tgz 8241ms (cache miss)
5401 http fetch GET 200 https://registry.npmjs.org/yargs-parser/-/yargs-parser-21.1.1.tgz 9010ms (cache miss)
5402 http fetch GET 200 https://registry.npmjs.org/hash-base/-/hash-base-3.0.5.tgz 8359ms (cache miss)
5403 http fetch GET 200 https://registry.npmjs.org/diffie-hellman/-/diffie-hellman-5.0.3.tgz 8358ms (cache miss)
5404 http fetch GET 200 https://registry.npmjs.org/create-hash/-/create-hash-1.2.0.tgz 8356ms (cache miss)
5405 http fetch GET 200 https://registry.npmjs.org/create-ecdh/-/create-ecdh-4.0.4.tgz 8358ms (cache miss)
5406 http fetch GET 200 https://registry.npmjs.org/create-hmac/-/create-hmac-1.1.7.tgz 8353ms (cache miss)
5407 http fetch GET 200 https://registry.npmjs.org/browserify-cipher/-/browserify-cipher-1.0.1.tgz 8357ms (cache miss)
5408 http fetch GET 200 https://registry.npmjs.org/ieee754/-/ieee754-1.2.1.tgz 8352ms (cache miss)
5409 http fetch GET 200 https://registry.npmjs.org/isarray/-/isarray-1.0.0.tgz 8355ms (cache miss)
5410 http fetch GET 200 https://registry.npmjs.org/util/-/util-0.11.1.tgz 8339ms (cache miss)
5411 http fetch GET 200 https://registry.npmjs.org/cipher-base/-/cipher-base-1.0.7.tgz 8486ms (cache miss)
5412 http fetch GET 200 https://registry.npmjs.org/tty-browserify/-/tty-browserify-0.0.0.tgz 8443ms (cache miss)
5413 http fetch GET 200 https://registry.npmjs.org/timers-browserify/-/timers-browserify-2.0.12.tgz 8445ms (cache miss)
5414 http fetch GET 200 https://registry.npmjs.org/string_decoder/-/string_decoder-1.3.0.tgz 8443ms (cache miss)
5415 http fetch GET 200 https://registry.npmjs.org/base64-js/-/base64-js-1.5.1.tgz 8446ms (cache miss)
5416 http fetch GET 200 https://registry.npmjs.org/process/-/process-0.11.10.tgz 8442ms (cache miss)
5417 http fetch GET 200 https://registry.npmjs.org/stream-browserify/-/stream-browserify-2.0.2.tgz 8444ms (cache miss)
5418 http fetch GET 200 https://registry.npmjs.org/path-browserify/-/path-browserify-0.0.1.tgz 8443ms (cache miss)
5419 http fetch GET 200 https://registry.npmjs.org/https-browserify/-/https-browserify-1.0.0.tgz 8440ms (cache miss)
5420 http fetch GET 200 https://registry.npmjs.org/mime-db/-/mime-db-1.52.0.tgz 8896ms (cache miss)
5421 http fetch GET 200 https://registry.npmjs.org/punycode/-/punycode-1.4.1.tgz 8542ms (cache miss)
5422 http fetch GET 200 https://registry.npmjs.org/os-browserify/-/os-browserify-0.3.0.tgz 8542ms (cache miss)
5423 http fetch GET 200 https://registry.npmjs.org/console-browserify/-/console-browserify-1.2.0.tgz 8537ms (cache miss)
5424 http fetch GET 200 https://registry.npmjs.org/concat-map/-/concat-map-0.0.1.tgz 8536ms (cache miss)
5425 http fetch GET 200 https://registry.npmjs.org/constants-browserify/-/constants-browserify-1.0.0.tgz 8546ms (cache miss)
5426 http fetch GET 200 https://registry.npmjs.org/assert/-/assert-1.5.1.tgz 8547ms (cache miss)
5427 http fetch GET 200 https://registry.npmjs.org/brace-expansion/-/brace-expansion-1.1.13.tgz 8546ms (cache miss)
5428 http fetch GET 200 https://registry.npmjs.org/domain-browser/-/domain-browser-1.2.0.tgz 8554ms (cache miss)
5429 http fetch GET 200 https://registry.npmjs.org/bn.js/-/bn.js-5.2.3.tgz 8719ms (cache miss)
5430 http fetch GET 200 https://registry.npmjs.org/crypt/-/crypt-0.0.2.tgz 8644ms (cache miss)
5431 http fetch GET 200 https://registry.npmjs.org/balanced-match/-/balanced-match-1.0.2.tgz 8657ms (cache miss)
5432 http fetch GET 200 https://registry.npmjs.org/is-extglob/-/is-extglob-2.1.1.tgz 8641ms (cache miss)
5433 http fetch GET 200 https://registry.npmjs.org/charenc/-/charenc-0.0.2.tgz 8654ms (cache miss)
5434 http fetch GET 200 https://registry.npmjs.org/is-buffer/-/is-buffer-1.1.6.tgz 8655ms (cache miss)
5435 http fetch GET 200 https://registry.npmjs.org/binary-extensions/-/binary-extensions-2.3.0.tgz 8642ms (cache miss)
5436 http fetch GET 200 https://registry.npmjs.org/yallist/-/yallist-3.1.1.tgz 8647ms (cache miss)
5437 http fetch GET 200 https://registry.npmjs.org/emojis-list/-/emojis-list-3.0.0.tgz 8646ms (cache miss)
5438 http fetch GET 200 https://registry.npmjs.org/regjsparser/-/regjsparser-0.13.0.tgz 8950ms (cache miss)
5439 http fetch GET 200 https://registry.npmjs.org/@nodelib/fs.scandir/-/fs.scandir-2.1.5.tgz 8737ms (cache miss)
5440 http fetch GET 200 https://registry.npmjs.org/micromatch/-/micromatch-4.0.8.tgz 8743ms (cache miss)
5441 http fetch GET 200 https://registry.npmjs.org/run-parallel/-/run-parallel-1.2.0.tgz 8747ms (cache miss)
5442 http fetch GET 200 https://registry.npmjs.org/fastq/-/fastq-1.20.1.tgz 8744ms (cache miss)
5443 http fetch GET 200 https://registry.npmjs.org/wrappy/-/wrappy-1.0.2.tgz 8750ms (cache miss)
5444 http fetch GET 200 https://registry.npmjs.org/reusify/-/reusify-1.1.0.tgz 8745ms (cache miss)
5445 http fetch GET 200 https://registry.npmjs.org/has-property-descriptors/-/has-property-descriptors-1.0.2.tgz 8756ms (cache miss)
5446 http fetch GET 200 https://registry.npmjs.org/@nodelib/fs.stat/-/fs.stat-2.0.5.tgz 8866ms (cache miss)
5447 http fetch GET 200 https://registry.npmjs.org/path-type/-/path-type-4.0.0.tgz 8872ms (cache miss)
5448 http fetch GET 200 https://registry.npmjs.org/dir-glob/-/dir-glob-3.0.1.tgz 8858ms (cache miss)
5449 http fetch GET 200 https://registry.npmjs.org/@types/minimatch/-/minimatch-5.1.2.tgz 8868ms (cache miss)
5450 http fetch GET 200 https://registry.npmjs.org/array-union/-/array-union-2.1.0.tgz 8859ms (cache miss)
5451 http fetch GET 200 https://registry.npmjs.org/slash/-/slash-3.0.0.tgz 8868ms (cache miss)
5452 http fetch GET 200 https://registry.npmjs.org/p-pipe/-/p-pipe-3.1.0.tgz 8858ms (cache miss)
5453 http fetch GET 200 https://registry.npmjs.org/websocket-extensions/-/websocket-extensions-0.1.4.tgz 9715ms (cache miss)
5454 http fetch GET 200 https://registry.npmjs.org/source-map-support/-/source-map-support-0.5.21.tgz 9304ms (cache miss)
5455 http fetch GET 200 https://registry.npmjs.org/merge2/-/merge2-1.4.1.tgz 8993ms (cache miss)
5456 http fetch GET 200 https://registry.npmjs.org/junk/-/junk-3.1.0.tgz 8984ms (cache miss)
5457 http fetch GET 200 https://registry.npmjs.org/domhandler/-/domhandler-3.3.0.tgz 8970ms (cache miss)
5458 http fetch GET 200 https://registry.npmjs.org/globby/-/globby-10.0.2.tgz 8986ms (cache miss)
5459 http fetch GET 200 https://registry.npmjs.org/dom-serializer/-/dom-serializer-1.4.1.tgz 8977ms (cache miss)
5460 http fetch GET 200 https://registry.npmjs.org/file-type/-/file-type-12.4.2.tgz 8985ms (cache miss)
5461 http fetch GET 200 https://registry.npmjs.org/replace-ext/-/replace-ext-1.0.1.tgz 8973ms (cache miss)
5462 http fetch GET 200 https://registry.npmjs.org/faye-websocket/-/faye-websocket-0.11.4.tgz 9803ms (cache miss)
5463 http fetch GET 200 https://registry.npmjs.org/ripemd160/-/ripemd160-2.0.3.tgz 9243ms (cache miss)
5464 http fetch GET 200 https://registry.npmjs.org/domelementtype/-/domelementtype-2.3.0.tgz 9099ms (cache miss)
5465 http fetch GET 200 https://registry.npmjs.org/camel-case/-/camel-case-4.1.2.tgz 9094ms (cache miss)
5466 http fetch GET 200 https://registry.npmjs.org/pascal-case/-/pascal-case-3.1.2.tgz 9101ms (cache miss)
5467 http fetch GET 200 https://registry.npmjs.org/path-is-absolute/-/path-is-absolute-1.0.1.tgz 9093ms (cache miss)
5468 http fetch GET 200 https://registry.npmjs.org/param-case/-/param-case-3.0.4.tgz 9095ms (cache miss)
5469 http fetch GET 200 https://registry.npmjs.org/@types/glob/-/glob-7.2.0.tgz 9131ms (cache miss)
5470 http fetch GET 200 https://registry.npmjs.org/relateurl/-/relateurl-0.2.7.tgz 9103ms (cache miss)
5471 http fetch GET 200 https://registry.npmjs.org/execa/-/execa-5.1.1.tgz 9737ms (cache miss)
5472 http fetch GET 200 https://registry.npmjs.org/fs.realpath/-/fs.realpath-1.0.0.tgz 9176ms (cache miss)
5473 http fetch GET 200 https://registry.npmjs.org/inflight/-/inflight-1.0.6.tgz 9179ms (cache miss)
5474 http fetch GET 200 https://registry.npmjs.org/once/-/once-1.4.0.tgz 9179ms (cache miss)
5475 http fetch GET 200 https://registry.npmjs.org/graceful-fs/-/graceful-fs-4.2.11.tgz 9173ms (cache miss)
5476 http fetch GET 200 https://registry.npmjs.org/inherits/-/inherits-2.0.4.tgz 9177ms (cache miss)
5477 http fetch GET 200 https://registry.npmjs.org/postcss-svgo/-/postcss-svgo-5.1.0.tgz 9167ms (cache miss)
5478 http fetch GET 200 https://registry.npmjs.org/pkg-dir/-/pkg-dir-4.2.0.tgz 9171ms (cache miss)
5479 http fetch GET 200 https://registry.npmjs.org/universalify/-/universalify-2.0.1.tgz 9175ms (cache miss)
5480 http fetch GET 200 https://registry.npmjs.org/commondir/-/commondir-1.0.1.tgz 9173ms (cache miss)
5481 http fetch GET 200 https://registry.npmjs.org/jsonfile/-/jsonfile-6.2.0.tgz 9253ms (cache miss)
5482 http fetch GET 200 https://registry.npmjs.org/minimatch/-/minimatch-3.1.5.tgz 9259ms (cache miss)
5483 http fetch GET 200 https://registry.npmjs.org/ms/-/ms-2.1.3.tgz 9247ms (cache miss)
5484 http fetch GET 200 https://registry.npmjs.org/postcss-normalize-whitespace/-/postcss-normalize-whitespace-5.1.1.tgz 9234ms (cache miss)
5485 http fetch GET 200 https://registry.npmjs.org/postcss-reduce-transforms/-/postcss-reduce-transforms-5.1.0.tgz 9247ms (cache miss)
5486 http fetch GET 200 https://registry.npmjs.org/postcss-ordered-values/-/postcss-ordered-values-5.1.3.tgz 9246ms (cache miss)
5487 http fetch GET 200 https://registry.npmjs.org/postcss-reduce-initial/-/postcss-reduce-initial-5.1.2.tgz 9250ms (cache miss)
5488 http fetch GET 200 https://registry.npmjs.org/postcss-normalize-repeat-style/-/postcss-normalize-repeat-style-5.1.1.tgz 9221ms (cache miss)
5489 http fetch GET 200 https://registry.npmjs.org/postcss-normalize-url/-/postcss-normalize-url-5.1.0.tgz 9230ms (cache miss)
5490 http fetch GET 200 https://registry.npmjs.org/postcss-normalize-string/-/postcss-normalize-string-5.1.0.tgz 9226ms (cache miss)
5491 http fetch GET 200 https://registry.npmjs.org/postcss-normalize-unicode/-/postcss-normalize-unicode-5.1.1.tgz 9219ms (cache miss)
5492 http fetch GET 200 https://registry.npmjs.org/postcss-normalize-timing-functions/-/postcss-normalize-timing-functions-5.1.0.tgz 9230ms (cache miss)
5493 http fetch GET 200 https://registry.npmjs.org/postcss-unique-selectors/-/postcss-unique-selectors-5.1.1.tgz 9238ms (cache miss)
5494 http fetch GET 200 https://registry.npmjs.org/postcss-normalize-positions/-/postcss-normalize-positions-5.1.1.tgz 9228ms (cache miss)
5495 http fetch GET 200 https://registry.npmjs.org/es-module-lexer/-/es-module-lexer-2.0.0.tgz 9772ms (cache miss)
5496 warn deprecated inflight@1.0.6: This module is not supported, and leaks memory. Do not use it. Check out lru-cache if you want a good and tested way to coalesce async requests by a key value, which is much more comprehensive and powerful.
5497 http fetch GET 200 https://registry.npmjs.org/postcss-normalize-display-values/-/postcss-normalize-display-values-5.1.0.tgz 9298ms (cache miss)
5498 http fetch GET 200 https://registry.npmjs.org/postcss-minify-params/-/postcss-minify-params-5.1.4.tgz 9287ms (cache miss)
5499 http fetch GET 200 https://registry.npmjs.org/postcss-minify-gradients/-/postcss-minify-gradients-5.1.1.tgz 9277ms (cache miss)
5500 http fetch GET 200 https://registry.npmjs.org/postcss-minify-selectors/-/postcss-minify-selectors-5.2.1.tgz 9293ms (cache miss)
5501 http fetch GET 200 https://registry.npmjs.org/postcss-minify-font-values/-/postcss-minify-font-values-5.1.0.tgz 9281ms (cache miss)
5502 http fetch GET 200 https://registry.npmjs.org/postcss-merge-longhand/-/postcss-merge-longhand-5.1.7.tgz 9267ms (cache miss)
5503 http fetch GET 200 https://registry.npmjs.org/postcss-colormin/-/postcss-colormin-5.3.1.tgz 9236ms (cache miss)
5504 http fetch GET 200 https://registry.npmjs.org/postcss-discard-empty/-/postcss-discard-empty-5.1.1.tgz 9241ms (cache miss)
5505 http fetch GET 200 https://registry.npmjs.org/postcss-discard-overridden/-/postcss-discard-overridden-5.1.0.tgz 9269ms (cache miss)
5506 http fetch GET 200 https://registry.npmjs.org/postcss-normalize-charset/-/postcss-normalize-charset-5.1.0.tgz 9298ms (cache miss)
5507 http fetch GET 200 https://registry.npmjs.org/ajv-formats/-/ajv-formats-2.1.1.tgz 10233ms (cache miss)
5508 http fetch GET 200 https://registry.npmjs.org/postcss-discard-duplicates/-/postcss-discard-duplicates-5.1.0.tgz 9325ms (cache miss)
5509 http fetch GET 200 https://registry.npmjs.org/cssnano-utils/-/cssnano-utils-3.1.0.tgz 9316ms (cache miss)
5510 http fetch GET 200 https://registry.npmjs.org/cssnano-preset-default/-/cssnano-preset-default-5.2.14.tgz 9313ms (cache miss)
5511 http fetch GET 200 https://registry.npmjs.org/postcss-discard-comments/-/postcss-discard-comments-5.1.2.tgz 9322ms (cache miss)
5512 http fetch GET 200 https://registry.npmjs.org/css-declaration-sorter/-/css-declaration-sorter-6.4.1.tgz 9319ms (cache miss)
5513 http fetch GET 200 https://registry.npmjs.org/icss-utils/-/icss-utils-5.1.0.tgz 9314ms (cache miss)
5514 http fetch GET 200 https://registry.npmjs.org/to-regex-range/-/to-regex-range-5.0.1.tgz 9546ms (cache miss)
5515 http fetch GET 200 https://registry.npmjs.org/postcss-modules-values/-/postcss-modules-values-4.0.0.tgz 9440ms (cache miss)
5516 http fetch GET 200 https://registry.npmjs.org/lilconfig/-/lilconfig-2.1.0.tgz 9437ms (cache miss)
5517 http fetch GET 200 https://registry.npmjs.org/postcss-modules-extract-imports/-/postcss-modules-extract-imports-3.1.0.tgz 9444ms (cache miss)
5518 http fetch GET 200 https://registry.npmjs.org/string-width/-/string-width-4.2.3.tgz 9438ms (cache miss)
5519 http fetch GET 200 https://registry.npmjs.org/readdirp/-/readdirp-3.6.0.tgz 9436ms (cache miss)
5520 http fetch GET 200 https://registry.npmjs.org/normalize-path/-/normalize-path-3.0.0.tgz 9434ms (cache miss)
5521 http fetch GET 200 https://registry.npmjs.org/color-name/-/color-name-1.1.4.tgz 9446ms (cache miss)
5522 http fetch GET 200 https://registry.npmjs.org/is-glob/-/is-glob-4.0.3.tgz 9439ms (cache miss)
5523 http fetch GET 200 https://registry.npmjs.org/glob-parent/-/glob-parent-5.1.2.tgz 9438ms (cache miss)
5524 http fetch GET 200 https://registry.npmjs.org/@xtuc/long/-/long-4.2.2.tgz 10172ms (cache miss)
5525 http fetch GET 200 https://registry.npmjs.org/supports-color/-/supports-color-7.2.0.tgz 9582ms (cache miss)
5526 http fetch GET 200 https://registry.npmjs.org/color-convert/-/color-convert-2.0.1.tgz 9585ms (cache miss)
5527 http fetch GET 200 https://registry.npmjs.org/is-binary-path/-/is-binary-path-2.1.0.tgz 9587ms (cache miss)
5528 http fetch GET 200 https://registry.npmjs.org/lodash.debounce/-/lodash.debounce-4.0.8.tgz 9579ms (cache miss)
5529 http fetch GET 200 https://registry.npmjs.org/anymatch/-/anymatch-3.1.3.tgz 9584ms (cache miss)
5530 http fetch GET 200 https://registry.npmjs.org/loader-utils/-/loader-utils-2.0.4.tgz 9575ms (cache miss)
5531 http fetch GET 200 https://registry.npmjs.org/make-dir/-/make-dir-3.1.0.tgz 9579ms (cache miss)
5532 http fetch GET 200 https://registry.npmjs.org/@types/imagemin/-/imagemin-9.0.1.tgz 9572ms (cache miss)
5533 http fetch GET 200 https://registry.npmjs.org/find-cache-dir/-/find-cache-dir-3.3.2.tgz 9730ms (cache miss)
5534 http fetch GET 200 https://registry.npmjs.org/postcss-modules-local-by-default/-/postcss-modules-local-by-default-4.2.0.tgz 9729ms (cache miss)
5535 http fetch GET 200 https://registry.npmjs.org/@types/babel__generator/-/babel__generator-7.27.0.tgz 9730ms (cache miss)
5536 http fetch GET 200 https://registry.npmjs.org/@types/babel__template/-/babel__template-7.4.4.tgz 9734ms (cache miss)
5537 http fetch GET 200 https://registry.npmjs.org/@webassemblyjs/wasm-parser/-/wasm-parser-1.14.1.tgz 10534ms (cache miss)
5538 http fetch GET 200 https://registry.npmjs.org/ignore/-/ignore-5.3.2.tgz 10162ms (cache miss)
5539 http fetch GET 200 https://registry.npmjs.org/fill-range/-/fill-range-7.1.1.tgz 10031ms (cache miss)
5540 http fetch GET 200 https://registry.npmjs.org/ansi-styles/-/ansi-styles-4.3.0.tgz 10024ms (cache miss)
5541 http fetch GET 200 https://registry.npmjs.org/postcss-modules-scope/-/postcss-modules-scope-3.2.1.tgz 10003ms (cache miss)
5542 http fetch GET 200 https://registry.npmjs.org/@babel/helper-replace-supers/-/helper-replace-supers-7.28.6.tgz 10008ms (cache miss)
5543 http fetch GET 200 https://registry.npmjs.org/@babel/helper-globals/-/helper-globals-7.28.0.tgz 10008ms (cache miss)
5544 http fetch GET 200 https://registry.npmjs.org/@babel/helper-string-parser/-/helper-string-parser-7.27.1.tgz 10020ms (cache miss)
5545 http fetch GET 200 https://registry.npmjs.org/@types/svgo/-/svgo-1.3.6.tgz 10044ms (cache miss)
5546 http fetch GET 200 https://registry.npmjs.org/@babel/helper-optimise-call-expression/-/helper-optimise-call-expression-7.27.1.tgz 10252ms (cache miss)
5547 http fetch GET 200 https://registry.npmjs.org/@babel/helper-annotate-as-pure/-/helper-annotate-as-pure-7.27.3.tgz 10244ms (cache miss)
5548 http fetch GET 200 https://registry.npmjs.org/@babel/helper-remap-async-to-generator/-/helper-remap-async-to-generator-7.27.1.tgz 10245ms (cache miss)
5549 http fetch GET 200 https://registry.npmjs.org/@babel/helper-skip-transparent-expression-wrappers/-/helper-skip-transparent-expression-wrappers-7.27.1.tgz 10242ms (cache miss)
5550 http fetch GET 200 https://registry.npmjs.org/@babel/plugin-transform-unicode-property-regex/-/plugin-transform-unicode-property-regex-7.28.6.tgz 10392ms (cache miss)
5551 http fetch GET 200 https://registry.npmjs.org/@babel/plugin-transform-typeof-symbol/-/plugin-transform-typeof-symbol-7.27.1.tgz 10378ms (cache miss)
5552 http fetch GET 200 https://registry.npmjs.org/@babel/preset-modules/-/preset-modules-0.1.6-no-external-plugins.tgz 10396ms (cache miss)
5553 http fetch GET 200 https://registry.npmjs.org/@babel/plugin-transform-unicode-escapes/-/plugin-transform-unicode-escapes-7.27.1.tgz 10391ms (cache miss)
5554 http fetch GET 200 https://registry.npmjs.org/@babel/plugin-transform-sticky-regex/-/plugin-transform-sticky-regex-7.27.1.tgz 10378ms (cache miss)
5555 http fetch GET 200 https://registry.npmjs.org/@babel/plugin-transform-unicode-regex/-/plugin-transform-unicode-regex-7.27.1.tgz 10396ms (cache miss)
5556 http fetch GET 200 https://registry.npmjs.org/@babel/plugin-transform-unicode-sets-regex/-/plugin-transform-unicode-sets-regex-7.28.6.tgz 10397ms (cache miss)
5557 http fetch GET 200 https://registry.npmjs.org/big.js/-/big.js-5.2.2.tgz 10782ms (cache miss)
5558 http fetch GET 200 https://registry.npmjs.org/@types/babel__traverse/-/babel__traverse-7.28.0.tgz 10546ms (cache miss)
5559 http fetch GET 200 https://registry.npmjs.org/@babel/plugin-transform-regexp-modifiers/-/plugin-transform-regexp-modifiers-7.28.6.tgz 10492ms (cache miss)
5560 http fetch GET 200 https://registry.npmjs.org/@babel/plugin-transform-shorthand-properties/-/plugin-transform-shorthand-properties-7.27.1.tgz 10493ms (cache miss)
5561 http fetch GET 200 https://registry.npmjs.org/@babel/plugin-transform-reserved-words/-/plugin-transform-reserved-words-7.27.1.tgz 10492ms (cache miss)
5562 http fetch GET 200 https://registry.npmjs.org/@babel/helper-wrap-function/-/helper-wrap-function-7.28.6.tgz 10525ms (cache miss)
5563 http fetch GET 200 https://registry.npmjs.org/@babel/plugin-transform-property-literals/-/plugin-transform-property-literals-7.27.1.tgz 10492ms (cache miss)
5564 http fetch GET 200 https://registry.npmjs.org/@babel/plugin-transform-template-literals/-/plugin-transform-template-literals-7.27.1.tgz 10619ms (cache miss)
5565 http fetch GET 200 https://registry.npmjs.org/@babel/plugin-transform-private-property-in-object/-/plugin-transform-private-property-in-object-7.28.6.tgz 10600ms (cache miss)
5566 http fetch GET 200 https://registry.npmjs.org/@babel/plugin-transform-object-super/-/plugin-transform-object-super-7.27.1.tgz 10598ms (cache miss)
5567 http fetch GET 200 https://registry.npmjs.org/@babel/plugin-transform-numeric-separator/-/plugin-transform-numeric-separator-7.28.6.tgz 10595ms (cache miss)
5568 http fetch GET 200 https://registry.npmjs.org/@babel/plugin-transform-nullish-coalescing-operator/-/plugin-transform-nullish-coalescing-operator-7.28.6.tgz 10595ms (cache miss)
5569 http fetch GET 200 https://registry.npmjs.org/@babel/plugin-transform-private-methods/-/plugin-transform-private-methods-7.28.6.tgz 10595ms (cache miss)
5570 http fetch GET 200 https://registry.npmjs.org/@babel/plugin-transform-new-target/-/plugin-transform-new-target-7.27.1.tgz 10696ms (cache miss)
5571 http fetch GET 200 https://registry.npmjs.org/@babel/plugin-transform-named-capturing-groups-regex/-/plugin-transform-named-capturing-groups-regex-7.29.0.tgz 10697ms (cache miss)
5572 http fetch GET 200 https://registry.npmjs.org/@babel/plugin-transform-modules-systemjs/-/plugin-transform-modules-systemjs-7.29.0.tgz 10695ms (cache miss)
5573 http fetch GET 200 https://registry.npmjs.org/@babel/plugin-transform-modules-umd/-/plugin-transform-modules-umd-7.27.1.tgz 10693ms (cache miss)
5574 http fetch GET 200 https://registry.npmjs.org/@babel/plugin-transform-member-expression-literals/-/plugin-transform-member-expression-literals-7.27.1.tgz 10692ms (cache miss)
5575 http fetch GET 200 https://registry.npmjs.org/@babel/plugin-transform-logical-assignment-operators/-/plugin-transform-logical-assignment-operators-7.28.6.tgz 10692ms (cache miss)
5576 http fetch GET 200 https://registry.npmjs.org/@babel/plugin-transform-json-strings/-/plugin-transform-json-strings-7.28.6.tgz 10692ms (cache miss)
5577 http fetch GET 200 https://registry.npmjs.org/@babel/plugin-transform-modules-amd/-/plugin-transform-modules-amd-7.27.1.tgz 10697ms (cache miss)
5578 http fetch GET 200 https://registry.npmjs.org/@babel/plugin-transform-optional-catch-binding/-/plugin-transform-optional-catch-binding-7.28.6.tgz 10716ms (cache miss)
5579 http fetch GET 200 https://registry.npmjs.org/side-channel/-/side-channel-1.1.0.tgz 11442ms (cache miss)
5580 http fetch GET 200 https://registry.npmjs.org/@babel/plugin-transform-function-name/-/plugin-transform-function-name-7.27.1.tgz 10791ms (cache miss)
5581 http fetch GET 200 https://registry.npmjs.org/@babel/plugin-transform-for-of/-/plugin-transform-for-of-7.27.1.tgz 10790ms (cache miss)
5582 http fetch GET 200 https://registry.npmjs.org/@babel/plugin-transform-exponentiation-operator/-/plugin-transform-exponentiation-operator-7.28.6.tgz 10790ms (cache miss)
5583 http fetch GET 200 https://registry.npmjs.org/@babel/plugin-transform-duplicate-keys/-/plugin-transform-duplicate-keys-7.27.1.tgz 10784ms (cache miss)
5584 http fetch GET 200 https://registry.npmjs.org/@babel/plugin-transform-dynamic-import/-/plugin-transform-dynamic-import-7.27.1.tgz 10787ms (cache miss)
5585 http fetch GET 200 https://registry.npmjs.org/@babel/plugin-transform-explicit-resource-management/-/plugin-transform-explicit-resource-management-7.28.6.tgz 10789ms (cache miss)
5586 http fetch GET 200 https://registry.npmjs.org/@babel/plugin-transform-export-namespace-from/-/plugin-transform-export-namespace-from-7.27.1.tgz 10793ms (cache miss)
5587 http fetch GET 200 https://registry.npmjs.org/spdy/-/spdy-4.0.2.tgz 11680ms (cache miss)
5588 http fetch GET 200 https://registry.npmjs.org/eslint-scope/-/eslint-scope-5.1.1.tgz 11575ms (cache miss)
5589 http fetch GET 200 https://registry.npmjs.org/esutils/-/esutils-2.0.3.tgz 10896ms (cache miss)
5590 http fetch GET 200 https://registry.npmjs.org/@babel/plugin-transform-block-scoped-functions/-/plugin-transform-block-scoped-functions-7.27.1.tgz 10892ms (cache miss)
5591 http fetch GET 200 https://registry.npmjs.org/@babel/plugin-transform-dotall-regex/-/plugin-transform-dotall-regex-7.28.6.tgz 10901ms (cache miss)
5592 http fetch GET 200 https://registry.npmjs.org/@babel/plugin-transform-class-properties/-/plugin-transform-class-properties-7.28.6.tgz 10895ms (cache miss)
5593 http fetch GET 200 https://registry.npmjs.org/which-typed-array/-/which-typed-array-1.1.20.tgz 11663ms (cache miss)
5594 http fetch GET 200 https://registry.npmjs.org/he/-/he-1.2.0.tgz 11287ms (cache miss)
5595 http fetch GET 200 https://registry.npmjs.org/@babel/plugin-transform-literals/-/plugin-transform-literals-7.27.1.tgz 11017ms (cache miss)
5596 http fetch GET 200 https://registry.npmjs.org/@babel/plugin-transform-arrow-functions/-/plugin-transform-arrow-functions-7.27.1.tgz 10985ms (cache miss)
5597 http fetch GET 200 https://registry.npmjs.org/@babel/plugin-transform-async-to-generator/-/plugin-transform-async-to-generator-7.28.6.tgz 10994ms (cache miss)
5598 http fetch GET 200 https://registry.npmjs.org/@babel/plugin-syntax-unicode-sets-regex/-/plugin-syntax-unicode-sets-regex-7.18.6.tgz 10986ms (cache miss)
5599 http fetch GET 200 https://registry.npmjs.org/@babel/plugin-syntax-import-attributes/-/plugin-syntax-import-attributes-7.28.6.tgz 10985ms (cache miss)
5600 http fetch GET 200 https://registry.npmjs.org/@babel/plugin-proposal-private-property-in-object/-/plugin-proposal-private-property-in-object-7.21.0-placeholder-for-preset-env.2.tgz 10991ms (cache miss)
5601 http fetch GET 200 https://registry.npmjs.org/postcss-import/-/postcss-import-15.1.0.tgz 11737ms (cache miss)
5602 http fetch GET 200 https://registry.npmjs.org/url/-/url-0.11.4.tgz 11520ms (cache miss)
5603 http fetch GET 200 https://registry.npmjs.org/@babel/plugin-transform-spread/-/plugin-transform-spread-7.28.6.tgz 11185ms (cache miss)
5604 http fetch GET 200 https://registry.npmjs.org/@babel/plugin-transform-class-static-block/-/plugin-transform-class-static-block-7.28.6.tgz 11143ms (cache miss)
5605 http fetch GET 200 https://registry.npmjs.org/@babel/plugin-bugfix-safari-id-destructuring-collision-in-function-expression/-/plugin-bugfix-safari-id-destructuring-collision-in-function-expression-7.27.1.tgz 11121ms (cache miss)
5606 http fetch GET 200 https://registry.npmjs.org/@babel/plugin-transform-duplicate-named-capturing-groups-regex/-/plugin-transform-duplicate-named-capturing-groups-regex-7.29.0.tgz 11117ms (cache miss)
5607 http fetch GET 200 https://registry.npmjs.org/@babel/plugin-syntax-import-assertions/-/plugin-syntax-import-assertions-7.28.6.tgz 11126ms (cache miss)
5608 http fetch GET 200 https://registry.npmjs.org/@babel/plugin-bugfix-v8-spread-parameters-in-optional-chaining/-/plugin-bugfix-v8-spread-parameters-in-optional-chaining-7.27.1.tgz 11125ms (cache miss)
5609 http fetch GET 200 https://registry.npmjs.org/@babel/plugin-transform-computed-properties/-/plugin-transform-computed-properties-7.28.6.tgz 11148ms (cache miss)
5610 http fetch GET 200 https://registry.npmjs.org/@babel/helper-member-expression-to-functions/-/helper-member-expression-to-functions-7.28.5.tgz 11344ms (cache miss)
5611 http fetch GET 200 https://registry.npmjs.org/@babel/plugin-transform-optional-chaining/-/plugin-transform-optional-chaining-7.28.6.tgz 11301ms (cache miss)
5612 http fetch GET 200 https://registry.npmjs.org/lru-cache/-/lru-cache-5.1.1.tgz 11228ms (cache miss)
5613 http fetch GET 200 https://registry.npmjs.org/babel-plugin-polyfill-regenerator/-/babel-plugin-polyfill-regenerator-0.6.8.tgz 11233ms (cache miss)
5614 http fetch GET 200 https://registry.npmjs.org/@babel/plugin-bugfix-firefox-class-in-computed-class-key/-/plugin-bugfix-firefox-class-in-computed-class-key-7.28.5.tgz 11236ms (cache miss)
5615 http fetch GET 200 https://registry.npmjs.org/@babel/plugin-syntax-object-rest-spread/-/plugin-syntax-object-rest-spread-7.8.3.tgz 11237ms (cache miss)
5616 http fetch GET 200 https://registry.npmjs.org/parse-asn1/-/parse-asn1-5.1.9.tgz 11807ms (cache miss)
5617 http fetch GET 200 https://registry.npmjs.org/jsesc/-/jsesc-3.1.0.tgz 11328ms (cache miss)
5618 http fetch GET 200 https://registry.npmjs.org/@babel/helper-validator-option/-/helper-validator-option-7.27.1.tgz 11329ms (cache miss)
5619 http fetch GET 200 https://registry.npmjs.org/@babel/helper-plugin-utils/-/helper-plugin-utils-7.28.6.tgz 11341ms (cache miss)
5620 http fetch GET 200 https://registry.npmjs.org/@babel/plugin-bugfix-safari-class-field-initializer-scope/-/plugin-bugfix-safari-class-field-initializer-scope-7.27.1.tgz 11355ms (cache miss)
5621 http fetch GET 200 https://registry.npmjs.org/@babel/helper-validator-identifier/-/helper-validator-identifier-7.28.5.tgz 11329ms (cache miss)
5622 http fetch GET 200 https://registry.npmjs.org/gensync/-/gensync-1.0.0-beta.2.tgz 11447ms (cache miss)
5623 http fetch GET 200 https://registry.npmjs.org/debug/-/debug-4.4.3.tgz 11446ms (cache miss)
5624 http fetch GET 200 https://registry.npmjs.org/@jridgewell/remapping/-/remapping-2.3.5.tgz 11449ms (cache miss)
5625 http fetch GET 200 https://registry.npmjs.org/convert-source-map/-/convert-source-map-2.0.0.tgz 11607ms (cache miss)
5626 http fetch GET 200 https://registry.npmjs.org/@babel/helper-compilation-targets/-/helper-compilation-targets-7.28.6.tgz 11601ms (cache miss)
5627 http fetch GET 200 https://registry.npmjs.org/postcss-load-config/-/postcss-load-config-3.1.4.tgz 11582ms (cache miss)
5628 http fetch GET 200 https://registry.npmjs.org/@babel/plugin-transform-object-rest-spread/-/plugin-transform-object-rest-spread-7.28.6.tgz 11858ms (cache miss)
5629 http fetch GET 200 https://registry.npmjs.org/js-tokens/-/js-tokens-4.0.0.tgz 11768ms (cache miss)
5630 http fetch GET 200 https://registry.npmjs.org/vue-style-loader/-/vue-style-loader-4.1.3.tgz 11742ms (cache miss)
5631 http fetch GET 200 https://registry.npmjs.org/postcss-merge-rules/-/postcss-merge-rules-5.1.4.tgz 12155ms (cache miss)
5632 http fetch GET 200 https://registry.npmjs.org/@babel/plugin-transform-destructuring/-/plugin-transform-destructuring-7.28.5.tgz 11964ms (cache miss)
5633 http fetch GET 200 https://registry.npmjs.org/node-libs-browser/-/node-libs-browser-2.2.1.tgz 11865ms (cache miss)
5634 http fetch GET 200 https://registry.npmjs.org/strip-ansi/-/strip-ansi-6.0.1.tgz 11867ms (cache miss)
5635 http fetch GET 200 https://registry.npmjs.org/img-loader/-/img-loader-4.0.0.tgz 11856ms (cache miss)
5636 http fetch GET 200 https://registry.npmjs.org/md5/-/md5-2.3.0.tgz 11868ms (cache miss)
5637 http fetch GET 200 https://registry.npmjs.org/imagemin/-/imagemin-7.0.1.tgz 11858ms (cache miss)
5638 http fetch GET 200 https://registry.npmjs.org/cssnano/-/cssnano-5.1.15.tgz 11853ms (cache miss)
5639 http fetch GET 200 https://registry.npmjs.org/dotenv-expand/-/dotenv-expand-5.1.0.tgz 11858ms (cache miss)
5640 http fetch GET 200 https://registry.npmjs.org/call-bind/-/call-bind-1.0.8.tgz 12564ms (cache miss)
5641 http fetch GET 200 https://registry.npmjs.org/postcss-convert-values/-/postcss-convert-values-5.1.3.tgz 12269ms (cache miss)
5642 http fetch GET 200 https://registry.npmjs.org/@babel/plugin-bugfix-v8-static-class-fields-redefine-readonly/-/plugin-bugfix-v8-static-class-fields-redefine-readonly-7.28.6.tgz 12086ms (cache miss)
5643 http fetch GET 200 https://registry.npmjs.org/concat/-/concat-1.0.3.tgz 12006ms (cache miss)
5644 http fetch GET 200 https://registry.npmjs.org/cli-table3/-/cli-table3-0.6.5.tgz 12004ms (cache miss)
5645 http fetch GET 200 https://registry.npmjs.org/querystring-es3/-/querystring-es3-0.2.1.tgz 12584ms (cache miss)
5646 http fetch GET 200 https://registry.npmjs.org/function-bind/-/function-bind-1.1.2.tgz 12687ms (cache miss)
5647 http fetch GET 200 https://registry.npmjs.org/chalk/-/chalk-4.1.2.tgz 12089ms (cache miss)
5648 http fetch GET 200 https://registry.npmjs.org/@types/imagemin-mozjpeg/-/imagemin-mozjpeg-8.0.4.tgz 12086ms (cache miss)
5649 http fetch GET 200 https://registry.npmjs.org/@babel/plugin-syntax-dynamic-import/-/plugin-syntax-dynamic-import-7.8.3.tgz 12071ms (cache miss)
5650 http fetch GET 200 https://registry.npmjs.org/@types/imagemin-gifsicle/-/imagemin-gifsicle-7.0.4.tgz 12086ms (cache miss)
5651 http fetch GET 200 https://registry.npmjs.org/html-minifier-terser/-/html-minifier-terser-5.1.1.tgz 12576ms (cache miss)
5652 http fetch GET 200 https://registry.npmjs.org/update-browserslist-db/-/update-browserslist-db-1.2.3.tgz 12157ms (cache miss)
5653 http fetch GET 200 https://registry.npmjs.org/@types/babel__core/-/babel__core-7.20.5.tgz 12165ms (cache miss)
5654 http fetch GET 200 https://registry.npmjs.org/@types/imagemin-svgo/-/imagemin-svgo-8.0.1.tgz 12185ms (cache miss)
5655 http fetch GET 200 https://registry.npmjs.org/@types/imagemin-optipng/-/imagemin-optipng-5.2.4.tgz 12181ms (cache miss)
5656 http fetch GET 200 https://registry.npmjs.org/@types/clean-css/-/clean-css-4.2.11.tgz 12169ms (cache miss)
5657 http fetch GET 200 https://registry.npmjs.org/@babel/code-frame/-/code-frame-7.29.0.tgz 12296ms (cache miss)
5658 http fetch GET 200 https://registry.npmjs.org/postcss-value-parser/-/postcss-value-parser-4.2.0.tgz 12218ms (cache miss)
5659 http fetch GET 200 https://registry.npmjs.org/picocolors/-/picocolors-1.1.1.tgz 12220ms (cache miss)
5660 http fetch GET 200 https://registry.npmjs.org/browserify-sign/-/browserify-sign-4.2.5.tgz 12844ms (cache miss)
5661 http fetch GET 200 https://registry.npmjs.org/@babel/plugin-transform-async-generator-functions/-/plugin-transform-async-generator-functions-7.29.0.tgz 12556ms (cache miss)
5662 http fetch GET 200 https://registry.npmjs.org/json-schema-traverse/-/json-schema-traverse-1.0.0.tgz 12423ms (cache miss)
5663 http fetch GET 200 https://registry.npmjs.org/ipaddr.js/-/ipaddr.js-1.9.1.tgz 12470ms (cache miss)
5664 http fetch GET 200 https://registry.npmjs.org/ms/-/ms-2.0.0.tgz 12470ms (cache miss)
5665 http fetch GET 200 https://registry.npmjs.org/sockjs/-/sockjs-0.3.24.tgz 13502ms (cache miss)
5666 http fetch GET 200 https://registry.npmjs.org/websocket-driver/-/websocket-driver-0.7.4.tgz 13802ms (cache miss)
5667 http fetch GET 200 https://registry.npmjs.org/http-proxy/-/http-proxy-1.18.1.tgz 13761ms (cache miss)
5668 http fetch GET 200 https://registry.npmjs.org/@types/eslint/-/eslint-9.6.1.tgz 13507ms (cache miss)
5669 http fetch GET 200 https://registry.npmjs.org/picomatch/-/picomatch-2.3.2.tgz 12933ms (cache miss)
5670 http fetch GET 200 https://registry.npmjs.org/@jridgewell/resolve-uri/-/resolve-uri-3.1.2.tgz 12824ms (cache miss)
5671 http fetch GET 200 https://registry.npmjs.org/@babel/helper-create-regexp-features-plugin/-/helper-create-regexp-features-plugin-7.28.5.tgz 12868ms (cache miss)
5672 http fetch GET 200 https://registry.npmjs.org/http-errors/-/http-errors-1.8.1.tgz 12596ms (cache miss)
5673 http fetch GET 200 https://registry.npmjs.org/statuses/-/statuses-1.5.0.tgz 12604ms (cache miss)
5674 http fetch GET 200 https://registry.npmjs.org/braces/-/braces-3.0.3.tgz 12958ms (cache miss)
5675 http fetch GET 200 https://registry.npmjs.org/resolve-from/-/resolve-from-5.0.0.tgz 12625ms (cache miss)
5676 http fetch GET 200 https://registry.npmjs.org/estraverse/-/estraverse-5.3.0.tgz 12622ms (cache miss)
5677 http fetch GET 200 https://registry.npmjs.org/supports-color/-/supports-color-8.1.1.tgz 12624ms (cache miss)
5678 http fetch GET 200 https://registry.npmjs.org/watchpack/-/watchpack-2.5.1.tgz 13593ms (cache miss)
5679 http fetch GET 200 https://registry.npmjs.org/@discoveryjs/json-ext/-/json-ext-0.5.7.tgz 13547ms (cache miss)
5680 http fetch GET 200 https://registry.npmjs.org/vm-browserify/-/vm-browserify-1.1.2.tgz 13268ms (cache miss)
5681 http fetch GET 200 https://registry.npmjs.org/json-schema-traverse/-/json-schema-traverse-1.0.0.tgz 12705ms (cache miss)
5682 http fetch GET 200 https://registry.npmjs.org/ms/-/ms-2.0.0.tgz 12711ms (cache miss)
5683 http fetch GET 200 https://registry.npmjs.org/ms/-/ms-2.0.0.tgz 12710ms (cache miss)
5684 http fetch GET 200 https://registry.npmjs.org/ms/-/ms-2.0.0.tgz 12690ms (cache miss)
5685 http fetch GET 200 https://registry.npmjs.org/ms/-/ms-2.0.0.tgz 12704ms (cache miss)
5686 http fetch GET 200 https://registry.npmjs.org/ms/-/ms-2.0.0.tgz 12698ms (cache miss)
5687 http fetch GET 200 https://registry.npmjs.org/punycode/-/punycode-2.3.1.tgz 12691ms (cache miss)
5688 http fetch GET 200 https://registry.npmjs.org/glob/-/glob-7.2.3.tgz 12889ms (cache miss)
5689 http fetch GET 200 https://registry.npmjs.org/inherits/-/inherits-2.0.3.tgz 12812ms (cache miss)
5690 http fetch GET 200 https://registry.npmjs.org/isarray/-/isarray-2.0.5.tgz 12830ms (cache miss)
5691 http fetch GET 200 https://registry.npmjs.org/safe-buffer/-/safe-buffer-5.1.2.tgz 12823ms (cache miss)
5692 http fetch GET 200 https://registry.npmjs.org/@types/send/-/send-0.17.6.tgz 12829ms (cache miss)
5693 http fetch GET 200 https://registry.npmjs.org/string_decoder/-/string_decoder-1.1.1.tgz 12827ms (cache miss)
5694 http fetch GET 200 https://registry.npmjs.org/webpack-notifier/-/webpack-notifier-1.15.0.tgz 13078ms (cache miss)
5695 http fetch GET 200 https://registry.npmjs.org/util/-/util-0.10.4.tgz 12938ms (cache miss)
5696 http fetch GET 200 https://registry.npmjs.org/no-case/-/no-case-3.0.4.tgz 13728ms (cache miss)
5697 warn deprecated glob@7.2.3: Old versions of glob are not supported, and contain widely publicized security vulnerabilities, which have been fixed in the current version. Please update. Support for old versions may be purchased (at exorbitant rates) by contacting i@izs.me
5698 http fetch GET 200 https://registry.npmjs.org/@types/express-serve-static-core/-/express-serve-static-core-4.19.8.tgz 13017ms (cache miss)
5699 http fetch GET 200 https://registry.npmjs.org/json-schema-traverse/-/json-schema-traverse-1.0.0.tgz 12938ms (cache miss)
5700 http fetch GET 200 https://registry.npmjs.org/json-schema-traverse/-/json-schema-traverse-1.0.0.tgz 12951ms (cache miss)
5701 http fetch GET 200 https://registry.npmjs.org/json-schema-traverse/-/json-schema-traverse-1.0.0.tgz 12972ms (cache miss)
5702 http fetch GET 200 https://registry.npmjs.org/loader-utils/-/loader-utils-1.4.2.tgz 12969ms (cache miss)
5703 http fetch GET 200 https://registry.npmjs.org/node-releases/-/node-releases-2.0.36.tgz 13188ms (cache miss)
5704 http fetch GET 200 https://registry.npmjs.org/@babel/plugin-proposal-object-rest-spread/-/plugin-proposal-object-rest-spread-7.20.7.tgz 13193ms (cache miss)
5705 http fetch GET 200 https://registry.npmjs.org/browserify-zlib/-/browserify-zlib-0.2.0.tgz 13776ms (cache miss)
5706 http fetch GET 200 https://registry.npmjs.org/webpackbar/-/webpackbar-5.0.2.tgz 13346ms (cache miss)
5707 http fetch GET 200 https://registry.npmjs.org/inherits/-/inherits-2.0.3.tgz 13186ms (cache miss)
5708 http fetch GET 200 https://registry.npmjs.org/postcss-load-config/-/postcss-load-config-6.0.1.tgz 13140ms (cache miss)
5709 http fetch GET 200 https://registry.npmjs.org/glob-parent/-/glob-parent-6.0.2.tgz 13138ms (cache miss)
5710 http fetch GET 200 https://registry.npmjs.org/express/-/express-4.22.1.tgz 14258ms (cache miss)
5711 http fetch GET 200 https://registry.npmjs.org/@babel/plugin-transform-classes/-/plugin-transform-classes-7.28.6.tgz 13479ms (cache miss)
5712 http fetch GET 200 https://registry.npmjs.org/lilconfig/-/lilconfig-3.1.3.tgz 13183ms (cache miss)
5713 http fetch GET 200 https://registry.npmjs.org/ws/-/ws-8.20.0.tgz 14338ms (cache miss)
5714 warn deprecated @babel/plugin-proposal-object-rest-spread@7.20.7: This proposal has been merged to the ECMAScript standard and thus this plugin is no longer maintained. Please use @babel/plugin-transform-object-rest-spread instead.
5715 http fetch GET 200 https://registry.npmjs.org/loader-utils/-/loader-utils-1.4.2.tgz 13163ms (cache miss)
5716 http fetch GET 200 https://registry.npmjs.org/regexpu-core/-/regexpu-core-6.4.0.tgz 13674ms (cache miss)
5717 http fetch GET 200 https://registry.npmjs.org/follow-redirects/-/follow-redirects-1.15.11.tgz 13436ms (cache miss)
5718 http fetch GET 200 https://registry.npmjs.org/webpack-sources/-/webpack-sources-1.4.3.tgz 13999ms (cache miss)
5719 http fetch GET 200 https://registry.npmjs.org/file-loader/-/file-loader-6.2.0.tgz 13526ms (cache miss)
5720 http fetch GET 200 https://registry.npmjs.org/hpack.js/-/hpack.js-2.1.6.tgz 14744ms (cache miss)
5721 http fetch GET 200 https://registry.npmjs.org/fast-json-stable-stringify/-/fast-json-stable-stringify-2.1.0.tgz 14292ms (cache miss)
5722 http fetch GET 200 https://registry.npmjs.org/minimist/-/minimist-1.2.8.tgz 14804ms (cache miss)
5723 http fetch GET 200 https://registry.npmjs.org/acorn/-/acorn-8.16.0.tgz 14378ms (cache miss)
5724 http fetch GET 200 https://registry.npmjs.org/mini-svg-data-uri/-/mini-svg-data-uri-1.4.4.tgz 13573ms (cache miss)
5725 http fetch GET 200 https://registry.npmjs.org/tapable/-/tapable-2.3.2.tgz 14489ms (cache miss)
5726 http fetch GET 200 https://registry.npmjs.org/babel-plugin-polyfill-corejs2/-/babel-plugin-polyfill-corejs2-0.4.17.tgz 13741ms (cache miss)
5727 http fetch GET 200 https://registry.npmjs.org/tslib/-/tslib-2.8.1.tgz 14073ms (cache miss)
5728 http fetch GET 200 https://registry.npmjs.org/sha.js/-/sha.js-2.4.12.tgz 14255ms (cache miss)
5729 http fetch GET 200 https://registry.npmjs.org/hash-base/-/hash-base-3.1.2.tgz 13607ms (cache miss)
5730 http fetch GET 200 https://registry.npmjs.org/postcss-loader/-/postcss-loader-6.2.1.tgz 13783ms (cache miss)
5731 http fetch GET 200 https://registry.npmjs.org/fdir/-/fdir-6.5.0.tgz 13642ms (cache miss)
5732 http fetch GET 200 https://registry.npmjs.org/commander/-/commander-4.1.1.tgz 13649ms (cache miss)
5733 http fetch GET 200 https://registry.npmjs.org/commander/-/commander-2.20.3.tgz 13628ms (cache miss)
5734 http fetch GET 200 https://registry.npmjs.org/chokidar/-/chokidar-3.6.0.tgz 13795ms (cache miss)
5735 http fetch GET 200 https://registry.npmjs.org/bn.js/-/bn.js-4.12.3.tgz 13689ms (cache miss)
5736 http fetch GET 200 https://registry.npmjs.org/semver/-/semver-6.3.1.tgz 13661ms (cache miss)
5737 http fetch GET 200 https://registry.npmjs.org/bn.js/-/bn.js-4.12.3.tgz 13685ms (cache miss)
5738 http fetch GET 200 https://registry.npmjs.org/semver/-/semver-6.3.1.tgz 13663ms (cache miss)
5739 http fetch GET 200 https://registry.npmjs.org/commander/-/commander-4.1.1.tgz 13668ms (cache miss)
5740 http fetch GET 200 https://registry.npmjs.org/bn.js/-/bn.js-4.12.3.tgz 13698ms (cache miss)
5741 http fetch GET 200 https://registry.npmjs.org/commander/-/commander-7.2.0.tgz 13841ms (cache miss)
5742 http fetch GET 200 https://registry.npmjs.org/bn.js/-/bn.js-4.12.3.tgz 13725ms (cache miss)
5743 http fetch GET 200 https://registry.npmjs.org/bn.js/-/bn.js-4.12.3.tgz 13721ms (cache miss)
5744 http fetch GET 200 https://registry.npmjs.org/semver/-/semver-6.3.1.tgz 13700ms (cache miss)
5745 http fetch GET 200 https://registry.npmjs.org/semver/-/semver-6.3.1.tgz 13698ms (cache miss)
5746 http fetch GET 200 https://registry.npmjs.org/semver/-/semver-6.3.1.tgz 13709ms (cache miss)
5747 http fetch GET 200 https://registry.npmjs.org/@babel/plugin-transform-parameters/-/plugin-transform-parameters-7.27.7.tgz 13956ms (cache miss)
5748 http fetch GET 200 https://registry.npmjs.org/@babel/helper-module-imports/-/helper-module-imports-7.28.6.tgz 13950ms (cache miss)
5749 http fetch GET 200 https://registry.npmjs.org/babel-loader/-/babel-loader-8.4.1.tgz 13867ms (cache miss)
5750 http fetch GET 200 https://registry.npmjs.org/@babel/plugin-transform-modules-commonjs/-/plugin-transform-modules-commonjs-7.28.6.tgz 14024ms (cache miss)
5751 http fetch GET 200 https://registry.npmjs.org/@vue/shared/-/shared-3.1.5.tgz 13842ms (cache miss)
5752 http fetch GET 200 https://registry.npmjs.org/bn.js/-/bn.js-4.12.3.tgz 13766ms (cache miss)
5753 http fetch GET 200 https://registry.npmjs.org/commander/-/commander-2.20.3.tgz 13714ms (cache miss)
5754 http fetch GET 200 https://registry.npmjs.org/commander/-/commander-2.20.3.tgz 13730ms (cache miss)
5755 http fetch GET 200 https://registry.npmjs.org/semver/-/semver-6.3.1.tgz 13744ms (cache miss)
5756 http fetch GET 200 https://registry.npmjs.org/style-loader/-/style-loader-2.0.0.tgz 13981ms (cache miss)
5757 http fetch GET 200 https://registry.npmjs.org/negotiator/-/negotiator-0.6.3.tgz 13875ms (cache miss)
5758 http fetch GET 200 https://registry.npmjs.org/@babel/plugin-transform-block-scoping/-/plugin-transform-block-scoping-7.28.6.tgz 14069ms (cache miss)
5759 http fetch GET 200 https://registry.npmjs.org/semver/-/semver-6.3.1.tgz 13630ms (cache miss)
5760 http fetch GET 200 https://registry.npmjs.org/semver/-/semver-6.3.1.tgz 13731ms (cache miss)
5761 http fetch GET 200 https://registry.npmjs.org/source-map-js/-/source-map-js-1.2.1.tgz 14644ms (cache miss)
5762 http fetch GET 200 https://registry.npmjs.org/baseline-browser-mapping/-/baseline-browser-mapping-2.10.12.tgz 14017ms (cache miss)
5763 http fetch GET 200 https://registry.npmjs.org/webpack-dev-middleware/-/webpack-dev-middleware-5.3.4.tgz 14998ms (cache miss)
5764 http fetch GET 200 https://registry.npmjs.org/domhandler/-/domhandler-4.3.1.tgz 13975ms (cache miss)
5765 http fetch GET 200 https://registry.npmjs.org/depd/-/depd-1.1.2.tgz 14018ms (cache miss)
5766 http fetch GET 200 https://registry.npmjs.org/hash.js/-/hash.js-1.1.7.tgz 14709ms (cache miss)
5767 http fetch GET 200 https://registry.npmjs.org/dotenv/-/dotenv-10.0.0.tgz 14136ms (cache miss)
5768 http fetch GET 200 https://registry.npmjs.org/domhandler/-/domhandler-4.3.1.tgz 14008ms (cache miss)
5769 http fetch GET 200 https://registry.npmjs.org/domhandler/-/domhandler-4.3.1.tgz 14007ms (cache miss)
5770 http fetch GET 200 https://registry.npmjs.org/browserslist/-/browserslist-4.28.1.tgz 14107ms (cache miss)
5771 http fetch GET 200 https://registry.npmjs.org/mini-css-extract-plugin/-/mini-css-extract-plugin-1.6.2.tgz 14173ms (cache miss)
5772 http fetch GET 200 https://registry.npmjs.org/entities/-/entities-2.2.0.tgz 14674ms (cache miss)
5773 http fetch GET 200 https://registry.npmjs.org/elliptic/-/elliptic-6.6.1.tgz 14806ms (cache miss)
5774 http fetch GET 200 https://registry.npmjs.org/terser-webpack-plugin/-/terser-webpack-plugin-5.4.0.tgz 14284ms (cache miss)
5775 http fetch GET 200 https://registry.npmjs.org/picomatch/-/picomatch-4.0.4.tgz 14151ms (cache miss)
5776 http fetch GET 200 https://registry.npmjs.org/qs/-/qs-6.15.0.tgz 15060ms (cache miss)
5777 http fetch GET 200 https://registry.npmjs.org/consola/-/consola-2.15.3.tgz 15465ms (cache miss)
5778 http fetch GET 200 https://registry.npmjs.org/spdy-transport/-/spdy-transport-3.0.0.tgz 15458ms (cache miss)
5779 http fetch GET 200 https://registry.npmjs.org/@babel/compat-data/-/compat-data-7.29.0.tgz 14374ms (cache miss)
5780 http fetch GET 200 https://registry.npmjs.org/html-loader/-/html-loader-1.3.2.tgz 14333ms (cache miss)
5781 http fetch GET 200 https://registry.npmjs.org/object.assign/-/object.assign-4.1.7.tgz 14862ms (cache miss)
5782 http fetch GET 200 https://registry.npmjs.org/@vue/reactivity/-/reactivity-3.1.5.tgz 14391ms (cache miss)
5783 http fetch GET 200 https://registry.npmjs.org/electron-to-chromium/-/electron-to-chromium-1.5.328.tgz 14424ms (cache miss)
5784 http fetch GET 200 https://registry.npmjs.org/schema-utils/-/schema-utils-2.7.1.tgz 14704ms (cache miss)
5785 http fetch GET 200 https://registry.npmjs.org/json5/-/json5-1.0.2.tgz 14345ms (cache miss)
5786 http fetch GET 200 https://registry.npmjs.org/json5/-/json5-1.0.2.tgz 14343ms (cache miss)
5787 http fetch GET 200 https://registry.npmjs.org/html-entities/-/html-entities-2.6.0.tgz 15456ms (cache miss)
5788 http fetch GET 200 https://registry.npmjs.org/postcss-calc/-/postcss-calc-8.2.4.tgz 14851ms (cache miss)
5789 http fetch GET 200 https://registry.npmjs.org/babel-plugin-polyfill-corejs3/-/babel-plugin-polyfill-corejs3-0.13.0.tgz 14665ms (cache miss)
5790 http fetch GET 200 https://registry.npmjs.org/@babel/plugin-transform-runtime/-/plugin-transform-runtime-7.29.0.tgz 14566ms (cache miss)
5791 http fetch GET 200 https://registry.npmjs.org/nth-check/-/nth-check-2.1.1.tgz 15347ms (cache miss)
5792 http fetch GET 200 https://registry.npmjs.org/iconv-lite/-/iconv-lite-0.4.24.tgz 15716ms (cache miss)
5793 http fetch GET 200 https://registry.npmjs.org/jest-worker/-/jest-worker-27.5.1.tgz 15402ms (cache miss)
5794 http fetch GET 200 https://registry.npmjs.org/webpack-cli/-/webpack-cli-4.10.0.tgz 14663ms (cache miss)
5795 http fetch GET 200 https://registry.npmjs.org/css-what/-/css-what-6.2.2.tgz 15385ms (cache miss)
5796 http fetch GET 200 https://registry.npmjs.org/@colors/colors/-/colors-1.5.0.tgz 14926ms (cache miss)
5797 http fetch GET 200 https://registry.npmjs.org/css-loader/-/css-loader-5.2.7.tgz 14670ms (cache miss)
5798 http fetch GET 200 https://registry.npmjs.org/readable-stream/-/readable-stream-2.3.8.tgz 15180ms (cache miss)
5799 http fetch GET 200 https://registry.npmjs.org/@babel/helper-module-transforms/-/helper-module-transforms-7.28.6.tgz 14731ms (cache miss)
5800 http fetch GET 200 https://registry.npmjs.org/debug/-/debug-2.6.9.tgz 14634ms (cache miss)
5801 http fetch GET 200 https://registry.npmjs.org/@babel/plugin-transform-regenerator/-/plugin-transform-regenerator-7.29.0.tgz 14865ms (cache miss)
5802 http fetch GET 200 https://registry.npmjs.org/@babel/helper-create-class-features-plugin/-/helper-create-class-features-plugin-7.28.6.tgz 14921ms (cache miss)
5803 http fetch GET 200 https://registry.npmjs.org/@tailwindcss/forms/-/forms-0.5.11.tgz 14657ms (cache miss)
5804 http fetch GET 200 https://registry.npmjs.org/@babel/template/-/template-7.28.6.tgz 14769ms (cache miss)
5805 http fetch GET 200 https://registry.npmjs.org/debug/-/debug-2.6.9.tgz 14643ms (cache miss)
5806 http fetch GET 200 https://registry.npmjs.org/http-proxy-middleware/-/http-proxy-middleware-2.0.9.tgz 15597ms (cache miss)
5807 http fetch GET 200 https://registry.npmjs.org/debug/-/debug-2.6.9.tgz 14638ms (cache miss)
5808 http fetch GET 200 https://registry.npmjs.org/debug/-/debug-2.6.9.tgz 14655ms (cache miss)
5809 http fetch GET 200 https://registry.npmjs.org/htmlparser2/-/htmlparser2-4.1.0.tgz 15165ms (cache miss)
5810 http fetch GET 200 https://registry.npmjs.org/debug/-/debug-2.6.9.tgz 14661ms (cache miss)
5811 http fetch GET 200 https://registry.npmjs.org/debug/-/debug-2.6.9.tgz 14675ms (cache miss)
5812 http fetch GET 200 https://registry.npmjs.org/memfs/-/memfs-3.5.3.tgz 15938ms (cache miss)
5813 http fetch GET 200 https://registry.npmjs.org/fast-uri/-/fast-uri-3.1.0.tgz 15995ms (cache miss)
5814 http fetch GET 200 https://registry.npmjs.org/webpack-merge/-/webpack-merge-5.10.0.tgz 14853ms (cache miss)
5815 http fetch GET 200 https://registry.npmjs.org/@nodelib/fs.walk/-/fs.walk-1.2.8.tgz 15263ms (cache miss)
5816 http fetch GET 200 https://registry.npmjs.org/domutils/-/domutils-2.8.0.tgz 15246ms (cache miss)
5817 http fetch GET 200 https://registry.npmjs.org/@babel/helper-define-polyfill-provider/-/helper-define-polyfill-provider-0.6.8.tgz 15115ms (cache miss)
5818 http fetch GET 200 https://registry.npmjs.org/mdn-data/-/mdn-data-2.0.14.tgz 15614ms (cache miss)
5819 http fetch GET 200 https://registry.npmjs.org/crypto-browserify/-/crypto-browserify-3.12.1.tgz 15428ms (cache miss)
5820 http fetch GET 200 https://registry.npmjs.org/json5/-/json5-2.2.3.tgz 15024ms (cache miss)
5821 http fetch GET 200 https://registry.npmjs.org/babel-plugin-polyfill-corejs3/-/babel-plugin-polyfill-corejs3-0.14.2.tgz 14764ms (cache miss)
5822 http fetch GET 200 https://registry.npmjs.org/schema-utils/-/schema-utils-3.3.0.tgz 14864ms (cache miss)
5823 http fetch GET 200 https://registry.npmjs.org/schema-utils/-/schema-utils-3.3.0.tgz 14872ms (cache miss)
5824 http fetch GET 200 https://registry.npmjs.org/schema-utils/-/schema-utils-3.3.0.tgz 14874ms (cache miss)
5825 http fetch GET 200 https://registry.npmjs.org/schema-utils/-/schema-utils-3.3.0.tgz 14878ms (cache miss)
5826 http fetch GET 200 https://registry.npmjs.org/@jridgewell/sourcemap-codec/-/sourcemap-codec-1.5.5.tgz 15276ms (cache miss)
5827 http fetch GET 200 https://registry.npmjs.org/schema-utils/-/schema-utils-3.3.0.tgz 14829ms (cache miss)
5828 http fetch GET 200 https://registry.npmjs.org/fraction.js/-/fraction.js-5.3.4.tgz 15036ms (cache miss)
5829 http fetch GET 200 https://registry.npmjs.org/object-inspect/-/object-inspect-1.13.4.tgz 15896ms (cache miss)
5830 http fetch GET 200 https://registry.npmjs.org/ajv-keywords/-/ajv-keywords-3.5.2.tgz 15786ms (cache miss)
5831 http fetch GET 200 https://registry.npmjs.org/events/-/events-3.3.0.tgz 15624ms (cache miss)
5832 http fetch GET 200 https://registry.npmjs.org/core-js-compat/-/core-js-compat-3.49.0.tgz 15333ms (cache miss)
5833 http fetch GET 200 https://registry.npmjs.org/qs/-/qs-6.14.2.tgz 15113ms (cache miss)
5834 http fetch GET 200 https://registry.npmjs.org/schema-utils/-/schema-utils-4.3.3.tgz 15126ms (cache miss)
5835 http fetch GET 200 https://registry.npmjs.org/qs/-/qs-6.14.2.tgz 15163ms (cache miss)
5836 http fetch GET 200 https://registry.npmjs.org/schema-utils/-/schema-utils-4.3.3.tgz 15098ms (cache miss)
5837 http fetch GET 200 https://registry.npmjs.org/bonjour-service/-/bonjour-service-1.3.0.tgz 16219ms (cache miss)
5838 http fetch GET 200 https://registry.npmjs.org/readable-stream/-/readable-stream-3.6.2.tgz 15242ms (cache miss)
5839 http fetch GET 200 https://registry.npmjs.org/schema-utils/-/schema-utils-4.3.3.tgz 15137ms (cache miss)
5840 http fetch GET 200 https://registry.npmjs.org/stream-http/-/stream-http-2.8.3.tgz 15836ms (cache miss)
5841 http fetch GET 200 https://registry.npmjs.org/schema-utils/-/schema-utils-4.3.3.tgz 15158ms (cache miss)
5842 http fetch GET 200 https://registry.npmjs.org/source-map/-/source-map-0.6.1.tgz 15619ms (cache miss)
5843 http fetch GET 200 https://registry.npmjs.org/postcss-selector-parser/-/postcss-selector-parser-6.1.2.tgz 16040ms (cache miss)
5844 http fetch GET 200 https://registry.npmjs.org/css-select/-/css-select-4.3.0.tgz 16139ms (cache miss)
5845 http fetch GET 200 https://registry.npmjs.org/@jridgewell/gen-mapping/-/gen-mapping-0.3.13.tgz 15533ms (cache miss)
5846 http fetch GET 200 https://registry.npmjs.org/@webassemblyjs/ast/-/ast-1.14.1.tgz 16309ms (cache miss)
5847 http fetch GET 200 https://registry.npmjs.org/pako/-/pako-1.0.11.tgz 16050ms (cache miss)
5848 http fetch GET 200 https://registry.npmjs.org/webpack-sources/-/webpack-sources-3.3.4.tgz 15383ms (cache miss)
5849 http fetch GET 200 https://registry.npmjs.org/cosmiconfig/-/cosmiconfig-7.1.0.tgz 16235ms (cache miss)
5850 http fetch GET 200 https://registry.npmjs.org/fs-extra/-/fs-extra-10.1.0.tgz 15709ms (cache miss)
5851 http fetch GET 200 https://registry.npmjs.org/colord/-/colord-2.9.3.tgz 16345ms (cache miss)
5852 http fetch GET 200 https://registry.npmjs.org/jiti/-/jiti-1.21.7.tgz 16463ms (cache miss)
5853 http fetch GET 200 https://registry.npmjs.org/stylehacks/-/stylehacks-5.1.1.tgz 16450ms (cache miss)
5854 http fetch GET 200 https://registry.npmjs.org/@babel/parser/-/parser-7.29.2.tgz 15908ms (cache miss)
5855 http fetch GET 200 https://registry.npmjs.org/buffer/-/buffer-4.9.2.tgz 16351ms (cache miss)
5856 http fetch GET 200 https://registry.npmjs.org/undici-types/-/undici-types-7.18.2.tgz 16145ms (cache miss)
5857 http fetch GET 200 https://registry.npmjs.org/postcss-selector-parser/-/postcss-selector-parser-7.1.1.tgz 15811ms (cache miss)
5858 http fetch GET 200 https://registry.npmjs.org/postcss-selector-parser/-/postcss-selector-parser-7.1.1.tgz 15818ms (cache miss)
5859 http fetch GET 200 https://registry.npmjs.org/uri-js/-/uri-js-4.4.1.tgz 16741ms (cache miss)
5860 http fetch GET 200 https://registry.npmjs.org/enhanced-resolve/-/enhanced-resolve-5.20.1.tgz 16927ms (cache miss)
5861 http fetch GET 200 https://registry.npmjs.org/@babel/preset-env/-/preset-env-7.29.2.tgz 16095ms (cache miss)
5862 http fetch GET 200 https://registry.npmjs.org/csso/-/csso-4.2.0.tgz 16871ms (cache miss)
5863 http fetch GET 200 https://registry.npmjs.org/terser/-/terser-4.8.1.tgz 16028ms (cache miss)
5864 http fetch GET 200 https://registry.npmjs.org/axios/-/axios-0.21.4.tgz 16210ms (cache miss)
5865 http fetch GET 200 https://registry.npmjs.org/@jridgewell/trace-mapping/-/trace-mapping-0.3.31.tgz 16335ms (cache miss)
5866 http fetch GET 200 https://registry.npmjs.org/semver/-/semver-7.7.4.tgz 16313ms (cache miss)
5867 http fetch GET 200 https://registry.npmjs.org/@babel/generator/-/generator-7.29.1.tgz 16333ms (cache miss)
5868 http fetch GET 200 https://registry.npmjs.org/fast-glob/-/fast-glob-3.3.3.tgz 16736ms (cache miss)
5869 http fetch GET 200 https://registry.npmjs.org/uuid/-/uuid-8.3.2.tgz 17454ms (cache miss)
5870 http fetch GET 200 https://registry.npmjs.org/webpack-dev-server/-/webpack-dev-server-4.15.2.tgz 16347ms (cache miss)
5871 http fetch GET 200 https://registry.npmjs.org/postcss/-/postcss-8.5.8.tgz 16346ms (cache miss)
5872 http fetch GET 200 https://registry.npmjs.org/yaml/-/yaml-1.10.3.tgz 16741ms (cache miss)
5873 http fetch GET 200 https://registry.npmjs.org/yargs/-/yargs-17.7.2.tgz 16646ms (cache miss)
5874 http fetch GET 200 https://registry.npmjs.org/node-forge/-/node-forge-1.4.0.tgz 18091ms (cache miss)
5875 http fetch GET 200 https://registry.npmjs.org/@babel/traverse/-/traverse-7.29.0.tgz 17053ms (cache miss)
5876 http fetch GET 200 https://registry.npmjs.org/alpinejs/-/alpinejs-3.15.9.tgz 17011ms (cache miss)
5877 http fetch GET 200 https://registry.npmjs.org/terser/-/terser-5.46.1.tgz 17169ms (cache miss)
5878 http fetch GET 200 https://registry.npmjs.org/serve-index/-/serve-index-1.9.2.tgz 18071ms (cache miss)
5879 http fetch GET 200 https://registry.npmjs.org/svgo/-/svgo-2.8.2.tgz 17961ms (cache miss)
5880 http fetch GET 200 https://registry.npmjs.org/autoprefixer/-/autoprefixer-10.4.27.tgz 17298ms (cache miss)
5881 http fetch GET 200 https://registry.npmjs.org/ajv/-/ajv-6.14.0.tgz 18284ms (cache miss)
5882 http fetch GET 200 https://registry.npmjs.org/laravel-mix/-/laravel-mix-6.0.49.tgz 17621ms (cache miss)
5883 http fetch GET 200 https://registry.npmjs.org/neo-async/-/neo-async-2.6.2.tgz 18620ms (cache miss)
5884 http fetch GET 200 https://registry.npmjs.org/clean-css/-/clean-css-4.2.4.tgz 17714ms (cache miss)
5885 http fetch GET 200 https://registry.npmjs.org/node-notifier/-/node-notifier-9.0.1.tgz 19062ms (cache miss)
5886 http fetch GET 200 https://registry.npmjs.org/resolve/-/resolve-1.22.11.tgz 18144ms (cache miss)
5887 http fetch GET 200 https://registry.npmjs.org/@types/node/-/node-25.5.0.tgz 18315ms (cache miss)
5888 http fetch GET 200 https://registry.npmjs.org/clean-css/-/clean-css-5.3.3.tgz 18210ms (cache miss)
5889 http fetch GET 200 https://registry.npmjs.org/@babel/core/-/core-7.29.0.tgz 18201ms (cache miss)
5890 http fetch GET 200 https://registry.npmjs.org/css-tree/-/css-tree-1.1.3.tgz 18962ms (cache miss)
5891 http fetch GET 200 https://registry.npmjs.org/ajv-keywords/-/ajv-keywords-5.1.0.tgz 18359ms (cache miss)
5892 http fetch GET 200 https://registry.npmjs.org/ajv-keywords/-/ajv-keywords-5.1.0.tgz 18287ms (cache miss)
5893 http fetch GET 200 https://registry.npmjs.org/ajv-keywords/-/ajv-keywords-5.1.0.tgz 18284ms (cache miss)
5894 http fetch GET 200 https://registry.npmjs.org/ajv-keywords/-/ajv-keywords-5.1.0.tgz 18278ms (cache miss)
5895 http fetch GET 200 https://registry.npmjs.org/sucrase/-/sucrase-3.35.1.tgz 19660ms (cache miss)
5896 http fetch GET 200 https://registry.npmjs.org/@babel/types/-/types-7.29.0.tgz 19159ms (cache miss)
5897 http fetch GET 200 https://registry.npmjs.org/@babel/runtime/-/runtime-7.29.2.tgz 19218ms (cache miss)
5898 http fetch GET 200 https://registry.npmjs.org/@babel/helpers/-/helpers-7.29.2.tgz 19409ms (cache miss)
5899 http fetch GET 200 https://registry.npmjs.org/yaml/-/yaml-2.8.3.tgz 19211ms (cache miss)
5900 http fetch GET 200 https://registry.npmjs.org/tailwindcss/-/tailwindcss-3.4.19.tgz 19975ms (cache miss)
5901 http fetch GET 200 https://registry.npmjs.org/collect.js/-/collect.js-4.36.1.tgz 20633ms (cache miss)
5902 http fetch GET 200 https://registry.npmjs.org/regenerate-unicode-properties/-/regenerate-unicode-properties-10.2.2.tgz 21522ms (cache miss)
5903 http fetch GET 200 https://registry.npmjs.org/ajv/-/ajv-8.18.0.tgz 21115ms (cache miss)
5904 http fetch GET 200 https://registry.npmjs.org/ajv/-/ajv-8.18.0.tgz 21207ms (cache miss)
5905 http fetch GET 200 https://registry.npmjs.org/ajv/-/ajv-8.18.0.tgz 21080ms (cache miss)
5906 http fetch GET 200 https://registry.npmjs.org/ajv/-/ajv-8.18.0.tgz 21124ms (cache miss)
5907 http fetch GET 200 https://registry.npmjs.org/ajv/-/ajv-8.18.0.tgz 21196ms (cache miss)
5908 http fetch GET 200 https://registry.npmjs.org/webpack/-/webpack-5.105.4.tgz 22273ms (cache miss)
5909 http fetch GET 200 https://registry.npmjs.org/caniuse-lite/-/caniuse-lite-1.0.30001782.tgz 22378ms (cache miss)
5910 http fetch GET 200 https://registry.npmjs.org/lodash/-/lodash-4.17.23.tgz 22530ms (cache miss)
5911 silly ADD node_modules/require-from-string
5912 silly ADD node_modules/fast-uri
5913 silly ADD node_modules/ajv-formats
5914 silly ADD node_modules/ajv-formats/node_modules/json-schema-traverse
5915 silly ADD node_modules/ajv-formats/node_modules/ajv
5916 silly ADD node_modules/minimist
5917 silly ADD node_modules/@types/mime
5918 silly ADD node_modules/wrap-ansi
5919 silly ADD node_modules/yargs-parser
5920 silly ADD node_modules/y18n
5921 silly ADD node_modules/require-directory
5922 silly ADD node_modules/get-caller-file
5923 silly ADD node_modules/cliui
5924 silly ADD node_modules/is-callable
5925 silly ADD node_modules/possible-typed-array-names
5926 silly ADD node_modules/has-tostringtag
5927 silly ADD node_modules/for-each
5928 silly ADD node_modules/available-typed-arrays
5929 silly ADD node_modules/isexe
5930 silly ADD node_modules/websocket-extensions
5931 silly ADD node_modules/http-parser-js
5932 silly ADD node_modules/std-env
5933 silly ADD node_modules/pretty-time
5934 silly ADD node_modules/consola
5935 silly ADD node_modules/source-list-map
5936 silly ADD node_modules/shellwords
5937 silly ADD node_modules/growly
5938 silly ADD node_modules/node-notifier
5939 silly ADD node_modules/isobject
5940 silly ADD node_modules/shallow-clone
5941 silly ADD node_modules/kind-of
5942 silly ADD node_modules/is-plain-object
5943 silly ADD node_modules/wildcard
5944 silly ADD node_modules/flat
5945 silly ADD node_modules/clone-deep
5946 silly ADD node_modules/fs-monkey
5947 silly ADD node_modules/memfs
5948 silly ADD node_modules/media-typer
5949 silly ADD node_modules/wbuf
5950 silly ADD node_modules/obuf
5951 silly ADD node_modules/hpack.js
5952 silly ADD node_modules/detect-node
5953 silly ADD node_modules/spdy-transport
5954 silly ADD node_modules/spdy-transport/node_modules/readable-stream
5955 silly ADD node_modules/select-hose
5956 silly ADD node_modules/http-deceiver
5957 silly ADD node_modules/handle-thing
5958 silly ADD node_modules/websocket-driver
5959 silly ADD node_modules/uuid
5960 silly ADD node_modules/faye-websocket
5961 silly ADD node_modules/batch
5962 silly ADD node_modules/mime
5963 silly ADD node_modules/node-forge
5964 silly ADD node_modules/@types/node-forge
5965 silly ADD node_modules/forwarded
5966 silly ADD node_modules/retry
5967 silly ADD node_modules/@types/retry
5968 silly ADD node_modules/is-wsl
5969 silly ADD node_modules/is-docker
5970 silly ADD node_modules/define-lazy-prop
5971 silly ADD node_modules/mimic-fn
5972 silly ADD node_modules/ee-first
5973 silly ADD node_modules/@leichtgewicht/ip-codec
5974 silly ADD node_modules/thunky
5975 silly ADD node_modules/dns-packet
5976 silly ADD node_modules/shell-quote
5977 silly ADD node_modules/safer-buffer
5978 silly ADD node_modules/requires-port
5979 silly ADD node_modules/eventemitter3
5980 silly ADD node_modules/is-plain-obj
5981 silly ADD node_modules/http-proxy
5982 silly ADD node_modules/@types/http-proxy
5983 silly ADD node_modules/toidentifier
5984 silly ADD node_modules/unpipe
5985 silly ADD node_modules/raw-body
5986 silly ADD node_modules/iconv-lite
5987 silly ADD node_modules/destroy
5988 silly ADD node_modules/utils-merge
5989 silly ADD node_modules/type-is
5990 silly ADD node_modules/statuses
5991 silly ADD node_modules/setprototypeof
5992 silly ADD node_modules/serve-static
5993 silly ADD node_modules/send
5994 silly ADD node_modules/send/node_modules/debug
5995 silly ADD node_modules/send/node_modules/debug/node_modules/ms
5996 silly ADD node_modules/range-parser
5997 silly ADD node_modules/proxy-addr
5998 silly ADD node_modules/proxy-addr/node_modules/ipaddr.js
5999 silly ADD node_modules/path-to-regexp
6000 silly ADD node_modules/parseurl
6001 silly ADD node_modules/on-finished
6002 silly ADD node_modules/methods
6003 silly ADD node_modules/merge-descriptors
6004 silly ADD node_modules/http-errors
6005 silly ADD node_modules/fresh
6006 silly ADD node_modules/finalhandler
6007 silly ADD node_modules/finalhandler/node_modules/ms
6008 silly ADD node_modules/finalhandler/node_modules/debug
6009 silly ADD node_modules/etag
6010 silly ADD node_modules/escape-html
6011 silly ADD node_modules/encodeurl
6012 silly ADD node_modules/depd
6013 silly ADD node_modules/cookie-signature
6014 silly ADD node_modules/cookie
6015 silly ADD node_modules/content-type
6016 silly ADD node_modules/content-disposition
6017 silly ADD node_modules/body-parser
6018 silly ADD node_modules/body-parser/node_modules/ms
6019 silly ADD node_modules/body-parser/node_modules/qs
6020 silly ADD node_modules/body-parser/node_modules/debug
6021 silly ADD node_modules/array-flatten
6022 silly ADD node_modules/accepts
6023 silly ADD node_modules/accepts/node_modules/negotiator
6024 silly ADD node_modules/strip-final-newline
6025 silly ADD node_modules/signal-exit
6026 silly ADD node_modules/onetime
6027 silly ADD node_modules/npm-run-path
6028 silly ADD node_modules/is-stream
6029 silly ADD node_modules/human-signals
6030 silly ADD node_modules/get-stream
6031 silly ADD node_modules/execa
6032 silly ADD node_modules/vary
6033 silly ADD node_modules/on-headers
6034 silly ADD node_modules/negotiator
6035 silly ADD node_modules/compressible
6036 silly ADD node_modules/bytes
6037 silly ADD node_modules/multicast-dns
6038 silly ADD node_modules/@types/http-errors
6039 silly ADD node_modules/@types/send
6040 silly ADD node_modules/@types/range-parser
6041 silly ADD node_modules/@types/connect
6042 silly ADD node_modules/@types/qs
6043 silly ADD node_modules/@types/body-parser
6044 silly ADD node_modules/@types/express-serve-static-core
6045 silly ADD node_modules/ws
6046 silly ADD node_modules/webpack-dev-middleware
6047 silly ADD node_modules/webpack-dev-middleware/node_modules/json-schema-traverse
6048 silly ADD node_modules/webpack-dev-middleware/node_modules/ajv-keywords
6049 silly ADD node_modules/webpack-dev-middleware/node_modules/ajv
6050 silly ADD node_modules/webpack-dev-middleware/node_modules/schema-utils
6051 silly ADD node_modules/spdy
6052 silly ADD node_modules/sockjs
6053 silly ADD node_modules/serve-index
6054 silly ADD node_modules/serve-index/node_modules/statuses
6055 silly ADD node_modules/serve-index/node_modules/depd
6056 silly ADD node_modules/serve-index/node_modules/ms
6057 silly ADD node_modules/serve-index/node_modules/http-errors
6058 silly ADD node_modules/serve-index/node_modules/debug
6059 silly ADD node_modules/selfsigned
6060 silly ADD node_modules/rimraf
6061 silly ADD node_modules/p-retry
6062 silly ADD node_modules/open
6063 silly ADD node_modules/launch-editor
6064 silly ADD node_modules/ipaddr.js
6065 silly ADD node_modules/http-proxy-middleware
6066 silly ADD node_modules/html-entities
6067 silly ADD node_modules/express
6068 silly ADD node_modules/express/node_modules/ms
6069 silly ADD node_modules/express/node_modules/qs
6070 silly ADD node_modules/express/node_modules/debug
6071 silly ADD node_modules/default-gateway
6072 silly ADD node_modules/connect-history-api-fallback
6073 silly ADD node_modules/compression
6074 silly ADD node_modules/compression/node_modules/ms
6075 silly ADD node_modules/compression/node_modules/debug
6076 silly ADD node_modules/bonjour-service
6077 silly ADD node_modules/ansi-html-community
6078 silly ADD node_modules/@types/ws
6079 silly ADD node_modules/@types/sockjs
6080 silly ADD node_modules/@types/serve-static
6081 silly ADD node_modules/@types/serve-static/node_modules/@types/send
6082 silly ADD node_modules/@types/serve-index
6083 silly ADD node_modules/@types/express
6084 silly ADD node_modules/@types/express/node_modules/@types/express-serve-static-core
6085 silly ADD node_modules/@types/connect-history-api-fallback
6086 silly ADD node_modules/@types/bonjour
6087 silly ADD node_modules/shebang-regex
6088 silly ADD node_modules/resolve-cwd
6089 silly ADD node_modules/resolve-cwd/node_modules/resolve-from
6090 silly ADD node_modules/which
6091 silly ADD node_modules/shebang-command
6092 silly ADD node_modules/path-key
6093 silly ADD node_modules/envinfo
6094 silly ADD node_modules/rechoir
6095 silly ADD node_modules/interpret
6096 silly ADD node_modules/import-local
6097 silly ADD node_modules/fastest-levenshtein
6098 silly ADD node_modules/cross-spawn
6099 silly ADD node_modules/colorette
6100 silly ADD node_modules/@webpack-cli/serve
6101 silly ADD node_modules/@webpack-cli/info
6102 silly ADD node_modules/@webpack-cli/configtest
6103 silly ADD node_modules/@discoveryjs/json-ext
6104 silly ADD node_modules/mime-db
6105 silly ADD node_modules/estraverse
6106 silly ADD node_modules/esrecurse
6107 silly ADD node_modules/esrecurse/node_modules/estraverse
6108 silly ADD node_modules/@xtuc/ieee754
6109 silly ADD node_modules/@webassemblyjs/utf8
6110 silly ADD node_modules/@webassemblyjs/leb128
6111 silly ADD node_modules/@webassemblyjs/ieee754
6112 silly ADD node_modules/@webassemblyjs/wast-printer
6113 silly ADD node_modules/@webassemblyjs/wasm-opt
6114 silly ADD node_modules/@webassemblyjs/wasm-gen
6115 silly ADD node_modules/@webassemblyjs/helper-wasm-section
6116 silly ADD node_modules/@webassemblyjs/helper-buffer
6117 silly ADD node_modules/@xtuc/long
6118 silly ADD node_modules/@webassemblyjs/helper-api-error
6119 silly ADD node_modules/@webassemblyjs/floating-point-hex-parser
6120 silly ADD node_modules/@webassemblyjs/helper-wasm-bytecode
6121 silly ADD node_modules/@webassemblyjs/helper-numbers
6122 silly ADD node_modules/@types/eslint
6123 silly ADD node_modules/watchpack
6124 silly ADD node_modules/tapable
6125 silly ADD node_modules/neo-async
6126 silly ADD node_modules/mime-types
6127 silly ADD node_modules/loader-runner
6128 silly ADD node_modules/glob-to-regexp
6129 silly ADD node_modules/eslint-scope
6130 silly ADD node_modules/es-module-lexer
6131 silly ADD node_modules/enhanced-resolve
6132 silly ADD node_modules/chrome-trace-event
6133 silly ADD node_modules/acorn-import-phases
6134 silly ADD node_modules/@webassemblyjs/wasm-parser
6135 silly ADD node_modules/@webassemblyjs/wasm-edit
6136 silly ADD node_modules/@webassemblyjs/ast
6137 silly ADD node_modules/@types/estree
6138 silly ADD node_modules/@types/eslint-scope
6139 silly ADD node_modules/hash-sum
6140 silly ADD node_modules/side-channel-weakmap
6141 silly ADD node_modules/side-channel-map
6142 silly ADD node_modules/side-channel-list
6143 silly ADD node_modules/object-inspect
6144 silly ADD node_modules/side-channel
6145 silly ADD node_modules/qs
6146 silly ADD node_modules/escalade
6147 silly ADD node_modules/unicode-property-aliases-ecmascript
6148 silly ADD node_modules/unicode-canonical-property-names-ecmascript
6149 silly ADD node_modules/which-typed-array
6150 silly ADD node_modules/is-typed-array
6151 silly ADD node_modules/is-number
6152 silly ADD node_modules/typed-array-buffer
6153 silly ADD node_modules/setimmediate
6154 silly ADD node_modules/thenify
6155 silly ADD node_modules/merge-stream
6156 silly ADD node_modules/jest-worker
6157 silly ADD node_modules/jest-worker/node_modules/supports-color
6158 silly ADD node_modules/buffer-from
6159 silly ADD node_modules/source-map-support
6160 silly ADD node_modules/acorn
6161 silly ADD node_modules/@jridgewell/source-map
6162 silly ADD node_modules/thenify-all
6163 silly ADD node_modules/object-assign
6164 silly ADD node_modules/any-promise
6165 silly ADD node_modules/ts-interface-checker
6166 silly ADD node_modules/tinyglobby
6167 silly ADD node_modules/tinyglobby/node_modules/picomatch
6168 silly ADD node_modules/tinyglobby/node_modules/fdir
6169 silly ADD node_modules/pirates
6170 silly ADD node_modules/mz
6171 silly ADD node_modules/pify
6172 silly ADD node_modules/camelcase-css
6173 silly ADD node_modules/read-cache
6174 silly ADD node_modules/sucrase
6175 silly ADD node_modules/sucrase/node_modules/commander
6176 silly ADD node_modules/postcss-nested
6177 silly ADD node_modules/postcss-js
6178 silly ADD node_modules/postcss-import
6179 silly ADD node_modules/object-hash
6180 silly ADD node_modules/jiti
6181 silly ADD node_modules/dlv
6182 silly ADD node_modules/didyoumean
6183 silly ADD node_modules/arg
6184 silly ADD node_modules/@alloc/quick-lru
6185 silly ADD node_modules/mdn-data
6186 silly ADD node_modules/nth-check
6187 silly ADD node_modules/css-what
6188 silly ADD node_modules/boolbase
6189 silly ADD node_modules/stable
6190 silly ADD node_modules/sax
6191 silly ADD node_modules/csso
6192 silly ADD node_modules/css-tree
6193 silly ADD node_modules/css-select
6194 silly ADD node_modules/css-select/node_modules/domhandler
6195 silly ADD node_modules/has-flag
6196 silly ADD node_modules/ansi-regex
6197 silly ADD node_modules/is-fullwidth-code-point
6198 silly ADD node_modules/emoji-regex
6199 silly ADD node_modules/xtend
6200 silly ADD node_modules/to-arraybuffer
6201 silly ADD node_modules/builtin-status-codes
6202 silly ADD node_modules/uri-js
6203 silly ADD node_modules/uri-js/node_modules/punycode
6204 silly ADD node_modules/json-schema-traverse
6205 silly ADD node_modules/fast-json-stable-stringify
6206 silly ADD node_modules/fast-deep-equal
6207 silly ADD node_modules/ajv-keywords
6208 silly ADD node_modules/ajv
6209 silly ADD node_modules/@types/json-schema
6210 silly ADD node_modules/queue-microtask
6211 silly ADD node_modules/supports-preserve-symlinks-flag
6212 silly ADD node_modules/path-parse
6213 silly ADD node_modules/is-core-module
6214 silly ADD node_modules/unicode-match-property-value-ecmascript
6215 silly ADD node_modules/unicode-match-property-ecmascript
6216 silly ADD node_modules/regjsparser
6217 silly ADD node_modules/regjsgen
6218 silly ADD node_modules/regenerate-unicode-properties
6219 silly ADD node_modules/regenerate
6220 silly ADD node_modules/process-nextick-args
6221 silly ADD node_modules/core-util-is
6222 silly ADD node_modules/svgo
6223 silly ADD node_modules/util-deprecate
6224 silly ADD node_modules/cssesc
6225 silly ADD node_modules/normalize-url
6226 silly ADD node_modules/stylehacks
6227 silly ADD node_modules/is-arrayish
6228 silly ADD node_modules/lines-and-columns
6229 silly ADD node_modules/json-parse-even-better-errors
6230 silly ADD node_modules/error-ex
6231 silly ADD node_modules/callsites
6232 silly ADD node_modules/resolve-from
6233 silly ADD node_modules/parent-module
6234 silly ADD node_modules/parse-json
6235 silly ADD node_modules/import-fresh
6236 silly ADD node_modules/@types/parse-json
6237 silly ADD node_modules/klona
6238 silly ADD node_modules/cosmiconfig
6239 silly ADD node_modules/lodash.uniq
6240 silly ADD node_modules/lodash.memoize
6241 silly ADD node_modules/colord
6242 silly ADD node_modules/caniuse-api
6243 silly ADD node_modules/postcss-selector-parser
6244 silly ADD node_modules/source-map-js
6245 silly ADD node_modules/nanoid
6246 silly ADD node_modules/p-try
6247 silly ADD node_modules/p-limit
6248 silly ADD node_modules/p-locate
6249 silly ADD node_modules/path-exists
6250 silly ADD node_modules/locate-path
6251 silly ADD node_modules/find-up
6252 silly ADD node_modules/asn1.js
6253 silly ADD node_modules/asn1.js/node_modules/bn.js
6254 silly ADD node_modules/lower-case
6255 silly ADD node_modules/no-case
6256 silly ADD node_modules/dot-case
6257 silly ADD node_modules/dunder-proto
6258 silly ADD node_modules/math-intrinsics
6259 silly ADD node_modules/hasown
6260 silly ADD node_modules/get-proto
6261 silly ADD node_modules/gopd
6262 silly ADD node_modules/has-property-descriptors
6263 silly ADD node_modules/define-data-property
6264 silly ADD node_modules/function-bind
6265 silly ADD node_modules/es-errors
6266 silly ADD node_modules/set-function-length
6267 silly ADD node_modules/get-intrinsic
6268 silly ADD node_modules/es-define-property
6269 silly ADD node_modules/call-bind-apply-helpers
6270 silly ADD node_modules/object-keys
6271 silly ADD node_modules/has-symbols
6272 silly ADD node_modules/es-object-atoms
6273 silly ADD node_modules/define-properties
6274 silly ADD node_modules/call-bound
6275 silly ADD node_modules/call-bind
6276 silly ADD node_modules/minimalistic-crypto-utils
6277 silly ADD node_modules/hmac-drbg
6278 silly ADD node_modules/hash.js
6279 silly ADD node_modules/brorand
6280 silly ADD node_modules/miller-rabin
6281 silly ADD node_modules/miller-rabin/node_modules/bn.js
6282 silly ADD node_modules/minimalistic-assert
6283 silly ADD node_modules/sha.js
6284 silly ADD node_modules/ripemd160
6285 silly ADD node_modules/ripemd160/node_modules/hash-base
6286 silly ADD node_modules/md5.js
6287 silly ADD node_modules/to-buffer
6288 silly ADD node_modules/to-buffer/node_modules/isarray
6289 silly ADD node_modules/parse-asn1
6290 silly ADD node_modules/elliptic
6291 silly ADD node_modules/elliptic/node_modules/bn.js
6292 silly ADD node_modules/browserify-rsa
6293 silly ADD node_modules/bn.js
6294 silly ADD node_modules/des.js
6295 silly ADD node_modules/safe-buffer
6296 silly ADD node_modules/cipher-base
6297 silly ADD node_modules/buffer-xor
6298 silly ADD node_modules/evp_bytestokey
6299 silly ADD node_modules/browserify-des
6300 silly ADD node_modules/browserify-aes
6301 silly ADD node_modules/randomfill
6302 silly ADD node_modules/randombytes
6303 silly ADD node_modules/public-encrypt
6304 silly ADD node_modules/public-encrypt/node_modules/bn.js
6305 silly ADD node_modules/pbkdf2
6306 silly ADD node_modules/hash-base
6307 silly ADD node_modules/diffie-hellman
6308 silly ADD node_modules/diffie-hellman/node_modules/bn.js
6309 silly ADD node_modules/create-hmac
6310 silly ADD node_modules/create-hash
6311 silly ADD node_modules/create-ecdh
6312 silly ADD node_modules/create-ecdh/node_modules/bn.js
6313 silly ADD node_modules/browserify-sign
6314 silly ADD node_modules/browserify-cipher
6315 silly ADD node_modules/isarray
6316 silly ADD node_modules/ieee754
6317 silly ADD node_modules/base64-js
6318 silly ADD node_modules/pako
6319 silly ADD node_modules/object.assign
6320 silly ADD node_modules/vm-browserify
6321 silly ADD node_modules/util
6322 silly ADD node_modules/util/node_modules/inherits
6323 silly ADD node_modules/url
6324 silly ADD node_modules/tty-browserify
6325 silly ADD node_modules/timers-browserify
6326 silly ADD node_modules/string_decoder
6327 silly ADD node_modules/stream-http
6328 silly ADD node_modules/stream-browserify
6329 silly ADD node_modules/readable-stream
6330 silly ADD node_modules/readable-stream/node_modules/string_decoder
6331 silly ADD node_modules/readable-stream/node_modules/safe-buffer
6332 silly ADD node_modules/querystring-es3
6333 silly ADD node_modules/punycode
6334 silly ADD node_modules/process
6335 silly ADD node_modules/path-browserify
6336 silly ADD node_modules/os-browserify
6337 silly ADD node_modules/https-browserify
6338 silly ADD node_modules/events
6339 silly ADD node_modules/domain-browser
6340 silly ADD node_modules/crypto-browserify
6341 silly ADD node_modules/constants-browserify
6342 silly ADD node_modules/console-browserify
6343 silly ADD node_modules/buffer
6344 silly ADD node_modules/browserify-zlib
6345 silly ADD node_modules/assert
6346 silly ADD node_modules/assert/node_modules/inherits
6347 silly ADD node_modules/assert/node_modules/util
6348 silly ADD node_modules/concat-map
6349 silly ADD node_modules/balanced-match
6350 silly ADD node_modules/brace-expansion
6351 silly ADD node_modules/webpack-sources
6352 silly ADD node_modules/is-buffer
6353 silly ADD node_modules/crypt
6354 silly ADD node_modules/charenc
6355 silly ADD node_modules/yallist
6356 silly ADD node_modules/emojis-list
6357 silly ADD node_modules/big.js
6358 silly ADD node_modules/is-extglob
6359 silly ADD node_modules/binary-extensions
6360 silly ADD node_modules/wrappy
6361 silly ADD node_modules/reusify
6362 silly ADD node_modules/run-parallel
6363 silly ADD node_modules/fastq
6364 silly ADD node_modules/@nodelib/fs.scandir
6365 silly ADD node_modules/micromatch
6366 silly ADD node_modules/@nodelib/fs.walk
6367 silly ADD node_modules/@nodelib/fs.stat
6368 silly ADD node_modules/path-type
6369 silly ADD node_modules/@types/minimatch
6370 silly ADD node_modules/slash
6371 silly ADD node_modules/merge2
6372 silly ADD node_modules/ignore
6373 silly ADD node_modules/fast-glob
6374 silly ADD node_modules/dir-glob
6375 silly ADD node_modules/array-union
6376 silly ADD node_modules/@types/glob
6377 silly ADD node_modules/replace-ext
6378 silly ADD node_modules/p-pipe
6379 silly ADD node_modules/junk
6380 silly ADD node_modules/globby
6381 silly ADD node_modules/file-type
6382 silly ADD node_modules/dom-serializer
6383 silly ADD node_modules/dom-serializer/node_modules/domhandler
6384 silly ADD node_modules/entities
6385 silly ADD node_modules/domutils
6386 silly ADD node_modules/domutils/node_modules/domhandler
6387 silly ADD node_modules/domhandler
6388 silly ADD node_modules/domelementtype
6389 silly ADD node_modules/tslib
6390 silly ADD node_modules/pascal-case
6391 silly ADD node_modules/relateurl
6392 silly ADD node_modules/param-case
6393 silly ADD node_modules/he
6394 silly ADD node_modules/camel-case
6395 silly ADD node_modules/htmlparser2
6396 silly ADD node_modules/html-minifier-terser
6397 silly ADD node_modules/html-minifier-terser/node_modules/terser
6398 silly ADD node_modules/html-minifier-terser/node_modules/terser/node_modules/commander
6399 silly ADD node_modules/html-minifier-terser/node_modules/commander
6400 silly ADD node_modules/html-minifier-terser/node_modules/clean-css
6401 silly ADD node_modules/path-is-absolute
6402 silly ADD node_modules/once
6403 silly ADD node_modules/minimatch
6404 silly ADD node_modules/inherits
6405 silly ADD node_modules/inflight
6406 silly ADD node_modules/fs.realpath
6407 silly ADD node_modules/universalify
6408 silly ADD node_modules/jsonfile
6409 silly ADD node_modules/graceful-fs
6410 silly ADD node_modules/pkg-dir
6411 silly ADD node_modules/commondir
6412 silly ADD node_modules/to-regex-range
6413 silly ADD node_modules/ms
6414 silly ADD node_modules/postcss-unique-selectors
6415 silly ADD node_modules/postcss-svgo
6416 silly ADD node_modules/postcss-reduce-transforms
6417 silly ADD node_modules/postcss-reduce-initial
6418 silly ADD node_modules/postcss-ordered-values
6419 silly ADD node_modules/postcss-normalize-whitespace
6420 silly ADD node_modules/postcss-normalize-url
6421 silly ADD node_modules/postcss-normalize-unicode
6422 silly ADD node_modules/postcss-normalize-timing-functions
6423 silly ADD node_modules/postcss-normalize-string
6424 silly ADD node_modules/postcss-normalize-repeat-style
6425 silly ADD node_modules/postcss-normalize-positions
6426 silly ADD node_modules/postcss-normalize-display-values
6427 silly ADD node_modules/postcss-normalize-charset
6428 silly ADD node_modules/postcss-minify-selectors
6429 silly ADD node_modules/postcss-minify-params
6430 silly ADD node_modules/postcss-minify-gradients
6431 silly ADD node_modules/postcss-minify-font-values
6432 silly ADD node_modules/postcss-merge-rules
6433 silly ADD node_modules/postcss-merge-longhand
6434 silly ADD node_modules/postcss-discard-overridden
6435 silly ADD node_modules/postcss-discard-empty
6436 silly ADD node_modules/postcss-discard-duplicates
6437 silly ADD node_modules/postcss-discard-comments
6438 silly ADD node_modules/postcss-convert-values
6439 silly ADD node_modules/postcss-colormin
6440 silly ADD node_modules/postcss-calc
6441 silly ADD node_modules/cssnano-utils
6442 silly ADD node_modules/css-declaration-sorter
6443 silly ADD node_modules/yaml
6444 silly ADD node_modules/lilconfig
6445 silly ADD node_modules/cssnano-preset-default
6446 silly ADD node_modules/postcss-modules-values
6447 silly ADD node_modules/postcss-modules-scope
6448 silly ADD node_modules/postcss-modules-scope/node_modules/postcss-selector-parser
6449 silly ADD node_modules/postcss-modules-local-by-default
6450 silly ADD node_modules/postcss-modules-local-by-default/node_modules/postcss-selector-parser
6451 silly ADD node_modules/postcss-modules-extract-imports
6452 silly ADD node_modules/icss-utils
6453 silly ADD node_modules/color-name
6454 silly ADD node_modules/string-width
6455 silly ADD node_modules/@colors/colors
6456 silly ADD node_modules/fill-range
6457 silly ADD node_modules/picomatch
6458 silly ADD node_modules/readdirp
6459 silly ADD node_modules/normalize-path
6460 silly ADD node_modules/is-glob
6461 silly ADD node_modules/is-binary-path
6462 silly ADD node_modules/glob-parent
6463 silly ADD
6464 silly ADD node_modules/braces
6465 silly ADD node_modules/anymatch
6466 silly ADD node_modules/color-convert
6467 silly ADD node_modules/supports-color
6468 silly ADD node_modules/ansi-styles
6469 silly ADD node_modules/resolve
6470 silly ADD node_modules/lodash.debounce
6471 silly ADD node_modules/@babel/helper-define-polyfill-provider
6472 silly ADD node_modules/schema-utils
6473 silly ADD node_modules/make-dir
6474 silly ADD node_modules/make-dir/node_modules/semver
6475 silly ADD node_modules/loader-utils
6476 silly ADD node_modules/find-cache-dir
6477 silly ADD node_modules/undici-types
6478 silly ADD node_modules/@types/svgo
6479 silly ADD node_modules/@types/imagemin
6480 silly ADD node_modules/source-map
6481 silly ADD node_modules/@types/node
6482 silly ADD node_modules/@types/babel__traverse
6483 silly ADD node_modules/@types/babel__template
6484 silly ADD node_modules/@types/babel__generator
6485 silly ADD node_modules/@jridgewell/resolve-uri
6486 silly ADD node_modules/@jridgewell/sourcemap-codec
6487 silly ADD node_modules/@babel/helper-string-parser
6488 silly ADD node_modules/esutils
6489 silly ADD node_modules/@babel/helper-globals
6490 silly ADD node_modules/@babel/helper-replace-supers
6491 silly ADD node_modules/@babel/helper-optimise-call-expression
6492 silly ADD node_modules/@babel/helper-member-expression-to-functions
6493 silly ADD node_modules/@babel/helper-create-class-features-plugin
6494 silly ADD node_modules/@babel/helper-create-class-features-plugin/node_modules/semver
6495 silly ADD node_modules/@babel/helper-wrap-function
6496 silly ADD node_modules/@babel/helper-remap-async-to-generator
6497 silly ADD node_modules/regexpu-core
6498 silly ADD node_modules/@babel/helper-annotate-as-pure
6499 silly ADD node_modules/@babel/helper-create-regexp-features-plugin
6500 silly ADD node_modules/@babel/helper-create-regexp-features-plugin/node_modules/semver
6501 silly ADD node_modules/@babel/helper-skip-transparent-expression-wrappers
6502 silly ADD node_modules/core-js-compat
6503 silly ADD node_modules/@babel/preset-modules
6504 silly ADD node_modules/@babel/plugin-transform-unicode-sets-regex
6505 silly ADD node_modules/@babel/plugin-transform-unicode-regex
6506 silly ADD node_modules/@babel/plugin-transform-unicode-property-regex
6507 silly ADD node_modules/@babel/plugin-transform-unicode-escapes
6508 silly ADD node_modules/@babel/plugin-transform-typeof-symbol
6509 silly ADD node_modules/@babel/plugin-transform-template-literals
6510 silly ADD node_modules/@babel/plugin-transform-sticky-regex
6511 silly ADD node_modules/@babel/plugin-transform-spread
6512 silly ADD node_modules/@babel/plugin-transform-shorthand-properties
6513 silly ADD node_modules/@babel/plugin-transform-reserved-words
6514 silly ADD node_modules/@babel/plugin-transform-regexp-modifiers
6515 silly ADD node_modules/@babel/plugin-transform-regenerator
6516 silly ADD node_modules/@babel/plugin-transform-property-literals
6517 silly ADD node_modules/@babel/plugin-transform-private-property-in-object
6518 silly ADD node_modules/@babel/plugin-transform-private-methods
6519 silly ADD node_modules/@babel/plugin-transform-optional-chaining
6520 silly ADD node_modules/@babel/plugin-transform-optional-catch-binding
6521 silly ADD node_modules/@babel/plugin-transform-object-super
6522 silly ADD node_modules/@babel/plugin-transform-object-rest-spread
6523 silly ADD node_modules/@babel/plugin-transform-numeric-separator
6524 silly ADD node_modules/@babel/plugin-transform-nullish-coalescing-operator
6525 silly ADD node_modules/@babel/plugin-transform-new-target
6526 silly ADD node_modules/@babel/plugin-transform-named-capturing-groups-regex
6527 silly ADD node_modules/@babel/plugin-transform-modules-umd
6528 silly ADD node_modules/@babel/plugin-transform-modules-systemjs
6529 silly ADD node_modules/@babel/plugin-transform-modules-commonjs
6530 silly ADD node_modules/@babel/plugin-transform-modules-amd
6531 silly ADD node_modules/@babel/plugin-transform-member-expression-literals
6532 silly ADD node_modules/@babel/plugin-transform-logical-assignment-operators
6533 silly ADD node_modules/@babel/plugin-transform-literals
6534 silly ADD node_modules/@babel/plugin-transform-json-strings
6535 silly ADD node_modules/@babel/plugin-transform-function-name
6536 silly ADD node_modules/@babel/plugin-transform-for-of
6537 silly ADD node_modules/@babel/plugin-transform-export-namespace-from
6538 silly ADD node_modules/@babel/plugin-transform-exponentiation-operator
6539 silly ADD node_modules/@babel/plugin-transform-explicit-resource-management
6540 silly ADD node_modules/@babel/plugin-transform-dynamic-import
6541 silly ADD node_modules/@babel/plugin-transform-duplicate-named-capturing-groups-regex
6542 silly ADD node_modules/@babel/plugin-transform-duplicate-keys
6543 silly ADD node_modules/@babel/plugin-transform-dotall-regex
6544 silly ADD node_modules/@babel/plugin-transform-destructuring
6545 silly ADD node_modules/@babel/plugin-transform-computed-properties
6546 silly ADD node_modules/@babel/plugin-transform-classes
6547 silly ADD node_modules/@babel/plugin-transform-class-static-block
6548 silly ADD node_modules/@babel/plugin-transform-class-properties
6549 silly ADD node_modules/@babel/plugin-transform-block-scoping
6550 silly ADD node_modules/@babel/plugin-transform-block-scoped-functions
6551 silly ADD node_modules/@babel/plugin-transform-async-to-generator
6552 silly ADD node_modules/@babel/plugin-transform-async-generator-functions
6553 silly ADD node_modules/@babel/plugin-transform-arrow-functions
6554 silly ADD node_modules/@babel/plugin-syntax-unicode-sets-regex
6555 silly ADD node_modules/@babel/plugin-syntax-import-attributes
6556 silly ADD node_modules/@babel/plugin-syntax-import-assertions
6557 silly ADD node_modules/@babel/plugin-proposal-private-property-in-object
6558 silly ADD node_modules/@babel/plugin-bugfix-v8-static-class-fields-redefine-readonly
6559 silly ADD node_modules/@babel/plugin-bugfix-v8-spread-parameters-in-optional-chaining
6560 silly ADD node_modules/@babel/plugin-bugfix-safari-id-destructuring-collision-in-function-expression
6561 silly ADD node_modules/@babel/plugin-bugfix-safari-class-field-initializer-scope
6562 silly ADD node_modules/@babel/plugin-bugfix-firefox-class-in-computed-class-key
6563 silly ADD node_modules/babel-plugin-polyfill-regenerator
6564 silly ADD node_modules/babel-plugin-polyfill-corejs3
6565 silly ADD node_modules/babel-plugin-polyfill-corejs2
6566 silly ADD node_modules/babel-plugin-polyfill-corejs2/node_modules/semver
6567 silly ADD node_modules/@babel/plugin-transform-parameters
6568 silly ADD node_modules/@babel/plugin-syntax-object-rest-spread
6569 silly ADD node_modules/@babel/helper-plugin-utils
6570 silly ADD node_modules/@babel/helper-module-imports
6571 silly ADD node_modules/lru-cache
6572 silly ADD node_modules/@babel/helper-validator-option
6573 silly ADD node_modules/@babel/compat-data
6574 silly ADD node_modules/jsesc
6575 silly ADD node_modules/@jridgewell/trace-mapping
6576 silly ADD node_modules/@jridgewell/gen-mapping
6577 silly ADD node_modules/js-tokens
6578 silly ADD node_modules/@babel/helper-validator-identifier
6579 silly ADD node_modules/json5
6580 silly ADD node_modules/gensync
6581 silly ADD node_modules/debug
6582 silly ADD node_modules/convert-source-map
6583 silly ADD node_modules/@jridgewell/remapping
6584 silly ADD node_modules/@babel/types
6585 silly ADD node_modules/@babel/traverse
6586 silly ADD node_modules/@babel/template
6587 silly ADD node_modules/@babel/parser
6588 silly ADD node_modules/@babel/helpers
6589 silly ADD node_modules/@babel/helper-module-transforms
6590 silly ADD node_modules/@babel/helper-compilation-targets
6591 silly ADD node_modules/@babel/helper-compilation-targets/node_modules/semver
6592 silly ADD node_modules/@babel/generator
6593 silly ADD node_modules/@babel/code-frame
6594 silly ADD node_modules/yargs
6595 silly ADD node_modules/webpackbar
6596 silly ADD node_modules/webpack-notifier
6597 silly ADD node_modules/webpack-merge
6598 silly ADD node_modules/webpack-dev-server
6599 silly ADD node_modules/webpack-dev-server/node_modules/json-schema-traverse
6600 silly ADD node_modules/webpack-dev-server/node_modules/ajv-keywords
6601 silly ADD node_modules/webpack-dev-server/node_modules/ajv
6602 silly ADD node_modules/webpack-dev-server/node_modules/schema-utils
6603 silly ADD node_modules/webpack-cli
6604 silly ADD node_modules/vue-style-loader
6605 silly ADD node_modules/vue-style-loader/node_modules/json5
6606 silly ADD node_modules/vue-style-loader/node_modules/loader-utils
6607 silly ADD node_modules/terser-webpack-plugin
6608 silly ADD node_modules/terser-webpack-plugin/node_modules/json-schema-traverse
6609 silly ADD node_modules/terser-webpack-plugin/node_modules/ajv-keywords
6610 silly ADD node_modules/terser-webpack-plugin/node_modules/ajv
6611 silly ADD node_modules/terser-webpack-plugin/node_modules/schema-utils
6612 silly ADD node_modules/terser
6613 silly ADD node_modules/terser/node_modules/commander
6614 silly ADD node_modules/style-loader
6615 silly ADD node_modules/style-loader/node_modules/schema-utils
6616 silly ADD node_modules/strip-ansi
6617 silly ADD node_modules/semver
6618 silly ADD node_modules/postcss-loader
6619 silly ADD node_modules/postcss-load-config
6620 silly ADD node_modules/node-libs-browser
6621 silly ADD node_modules/mini-css-extract-plugin
6622 silly ADD node_modules/mini-css-extract-plugin/node_modules/schema-utils
6623 silly ADD node_modules/md5
6624 silly ADD node_modules/img-loader
6625 silly ADD node_modules/img-loader/node_modules/json5
6626 silly ADD node_modules/img-loader/node_modules/loader-utils
6627 silly ADD node_modules/imagemin
6628 silly ADD node_modules/html-loader
6629 silly ADD node_modules/html-loader/node_modules/schema-utils
6630 silly ADD node_modules/glob
6631 silly ADD node_modules/fs-extra
6632 silly ADD node_modules/file-loader
6633 silly ADD node_modules/file-loader/node_modules/schema-utils
6634 silly ADD node_modules/dotenv-expand
6635 silly ADD node_modules/dotenv
6636 silly ADD node_modules/cssnano
6637 silly ADD node_modules/css-loader
6638 silly ADD node_modules/css-loader/node_modules/schema-utils
6639 silly ADD node_modules/concat
6640 silly ADD node_modules/concat/node_modules/commander
6641 silly ADD node_modules/commander
6642 silly ADD node_modules/collect.js
6643 silly ADD node_modules/cli-table3
6644 silly ADD node_modules/clean-css
6645 silly ADD node_modules/chokidar
6646 silly ADD node_modules/chalk
6647 silly ADD node_modules/webpack
6648 silly ADD node_modules/webpack/node_modules/json-schema-traverse
6649 silly ADD node_modules/webpack/node_modules/ajv-keywords
6650 silly ADD node_modules/webpack/node_modules/ajv
6651 silly ADD node_modules/webpack/node_modules/webpack-sources
6652 silly ADD node_modules/webpack/node_modules/schema-utils
6653 silly ADD node_modules/babel-loader
6654 silly ADD node_modules/@types/imagemin-svgo
6655 silly ADD node_modules/@types/imagemin-optipng
6656 silly ADD node_modules/@types/imagemin-mozjpeg
6657 silly ADD node_modules/@types/imagemin-gifsicle
6658 silly ADD node_modules/@types/clean-css
6659 silly ADD node_modules/@types/babel__core
6660 silly ADD node_modules/@babel/runtime
6661 silly ADD node_modules/@babel/preset-env
6662 silly ADD node_modules/@babel/preset-env/node_modules/semver
6663 silly ADD node_modules/@babel/preset-env/node_modules/babel-plugin-polyfill-corejs3
6664 silly ADD node_modules/@babel/plugin-transform-runtime
6665 silly ADD node_modules/@babel/plugin-transform-runtime/node_modules/semver
6666 silly ADD node_modules/@babel/plugin-syntax-dynamic-import
6667 silly ADD node_modules/@babel/plugin-proposal-object-rest-spread
6668 silly ADD node_modules/@babel/core
6669 silly ADD node_modules/@babel/core/node_modules/semver
6670 silly ADD node_modules/update-browserslist-db
6671 silly ADD node_modules/node-releases
6672 silly ADD node_modules/electron-to-chromium
6673 silly ADD node_modules/baseline-browser-mapping
6674 silly ADD node_modules/follow-redirects
6675 silly ADD node_modules/postcss-value-parser
6676 silly ADD node_modules/picocolors
6677 silly ADD node_modules/fraction.js
6678 silly ADD node_modules/caniuse-lite
6679 silly ADD node_modules/browserslist
6680 silly ADD node_modules/@vue/shared
6681 silly ADD node_modules/@vue/reactivity
6682 silly ADD node_modules/mini-svg-data-uri
6683 silly ADD node_modules/lodash
6684 silly ADD node_modules/laravel-mix
6685 silly ADD node_modules/axios
6686 silly ADD node_modules/postcss
6687 silly ADD node_modules/autoprefixer
6688 silly ADD node_modules/alpinejs
6689 silly ADD node_modules/tailwindcss
6690 silly ADD node_modules/tailwindcss/node_modules/yaml
6691 silly ADD node_modules/tailwindcss/node_modules/postcss-load-config
6692 silly ADD node_modules/tailwindcss/node_modules/lilconfig
6693 silly ADD node_modules/tailwindcss/node_modules/glob-parent
6694 silly ADD node_modules/@tailwindcss/forms
6695 verbose cwd D:\bpr\web\dwiarthaprima
6696 verbose os Windows_NT 10.0.26200
6697 verbose node v20.17.0
6698 verbose npm  v10.8.2
6699 verbose exit 0
6700 info ok
